Inspection Date,Response Score,Script Item Number,Location Code,Plant Number,Installed Component,Installed Modifier,Script ID,Script Description,Attribute ID,Questions,Response Description,Document Link,Script Activity ID,Script Result ID,Site,Work Group,Zone,Script Version Number,5Char_Site_Code,Civil Item
04/08/2022,0.0,2,SUND4STECH,SUND4STECH,GAN,nan,RVSGANAA,GANTRY S/S VISUAL INSPECTION,VICIVGA01,Do you want to report any condition deterioration of the asset?,NO,nan,S-0665243,SRR-10377051,SUND,TCNWANG,TCN,1,SUND4,Civil Item
10/08/2022,1.0,2,HAMH4STECH,HAMH4STECH,GAN,nan,RVSGANAA,GANTRY S/S VISUAL INSPECTION,VICIVGA01,Do you want to report any condition deterioration of the asset?,YES,nan,S-0670025,SRR-10429884,HAMH,TCNWARW,TCN,1,HAMH4,Civil Item
10/08/2022,,3,HAMH4STECH,HAMH4STECH,GAN,nan,RVSGANAA,GANTRY S/S VISUAL INSPECTION,VICIVGA02,What is the number for the gantry?,nan,J:\HELPDESK\SITEDATA\aldw2.doc,S-0670025,SRR-10429885,HAMH,TCNWARW,TCN,1,HAMH4,Civil Item
10/08/2022,1.0,5,HAMH4STECH,HAMH4STECH,GAN,nan,RVSGANAA,GANTRY S/S VISUAL INSPECTION,VICIVGA03,Do you want to report any condition deterioration for the base?,YES,nan,S-0670025,SRR-10429886,HAMH,TCNWARW,TCN,1,HAMH4,Civil Item
10/08/2022,0.0,9,HAMH4STECH,HAMH4STECH,GAN,nan,RVSGANAA,GANTRY S/S VISUAL INSPECTION,VICIVGA06,Do you want to report any condition deterioration for the support structure?,NO,nan,S-0670025,SRR-10429887,HAMH,TCNWARW,TCN,1,HAMH4,Civil Item
10/08/2022,1.0,16,HAMH4STECH,HAMH4STECH,GAN,nan,RVSGANAA,GANTRY S/S VISUAL INSPECTION,VICIVGA09,Do any of the earthing connections need reporting,YES,nan,S-0670025,SRR-10429888,HAMH,TCNWARW,TCN,1,HAMH4,Civil Item
10/08/2022,1.0,21,HAMH4STECH,HAMH4STECH,GAN,nan,RVSGANAA,GANTRY S/S VISUAL INSPECTION,VICIVGA12,Does the asset body need reporting,YES,nan,S-0670025,SRR-10429889,HAMH,TCNWARW,TCN,1,HAMH4,Civil Item
10/08/2022,40.0,6,HAMH4STECH,HAMH4STECH,GAN,nan,RVSGANAA,GANTRY S/S VISUAL INSPECTION,VICIVGA04,Rate condition of foundation (base),SUPERFICIAL/MINOR DETERIORATION,nan,S-0670025,SRR-10429890,HAMH,TCNWARW,TCN,1,HAMH4,Civil Item
10/08/2022,,22,HAMH4STECH,HAMH4STECH,GAN,nan,RVSGANAA,GANTRY S/S VISUAL INSPECTION,VICIVGA13,What is the phase for this issue?,RED PHASE,nan,S-0670025,SRR-10429892,HAMH,TCNWARW,TCN,1,HAMH4,Civil Item
10/08/2022,60.0,23,HAMH4STECH,HAMH4STECH,GAN,nan,RVSGANAA,GANTRY S/S VISUAL INSPECTION,VICIVGA14,Rate the level of pollution on the main body of the asset,HIGH POLLUTION,nan,S-0670025,SRR-10429893,HAMH,TCNWARW,TCN,1,HAMH4,Civil Item
10/08/2022,40.0,25,HAMH4STECH,HAMH4STECH,GAN,nan,RVSGANAA,GANTRY S/S VISUAL INSPECTION,VICIVGA15,Rate the level of damage/cracking on the main body of the asset,SUPERFICIAL/MINOR DETERIORATION,nan,S-0670025,SRR-10429894,HAMH,TCNWARW,TCN,1,HAMH4,Civil Item
10/08/2022,60.0,27,HAMH4STECH,HAMH4STECH,GAN,nan,RVSGANAA,GANTRY S/S VISUAL INSPECTION,VICIVGA16,Rate the condition of the metalwork on the main body of the asset,G4-LIGHT PITTING/MAJORITY OF COATING LOST,nan,S-0670025,SRR-10429895,HAMH,TCNWARW,TCN,1,HAMH4,Civil Item
10/08/2022,1.0,2,HAMH4STECH,HAMH4STECH,GAN,nan,RVSGANAA,GANTRY S/S VISUAL INSPECTION,VICIVGA01,Do you want to report any condition deterioration of the asset?,YES,nan,S-0670025,SRR-10429897,HAMH,TCNWARW,TCN,1,HAMH4,Civil Item
10/08/2022,40.0,6,HAMH4STECH,HAMH4STECH,GAN,nan,RVSGANAA,GANTRY S/S VISUAL INSPECTION,VICIVGA04,Rate condition of foundation (base),SUPERFICIAL/MINOR DETERIORATION,nan,S-0670025,SRR-10429898,HAMH,TCNWARW,TCN,1,HAMH4,Civil Item
10/08/2022,,22,HAMH4STECH,HAMH4STECH,GAN,nan,RVSGANAA,GANTRY S/S VISUAL INSPECTION,VICIVGA13,What is the phase for this issue?,YELLOW PHASE,nan,S-0670025,SRR-10429900,HAMH,TCNWARW,TCN,1,HAMH4,Civil Item
10/08/2022,20.0,23,HAMH4STECH,HAMH4STECH,GAN,nan,RVSGANAA,GANTRY S/S VISUAL INSPECTION,VICIVGA14,Rate the level of pollution on the main body of the asset,SOME POLLUTION,nan,S-0670025,SRR-10429901,HAMH,TCNWARW,TCN,1,HAMH4,Civil Item
10/08/2022,40.0,25,HAMH4STECH,HAMH4STECH,GAN,nan,RVSGANAA,GANTRY S/S VISUAL INSPECTION,VICIVGA15,Rate the level of damage/cracking on the main body of the asset,SUPERFICIAL/MINOR DETERIORATION,nan,S-0670025,SRR-10429902,HAMH,TCNWARW,TCN,1,HAMH4,Civil Item
10/08/2022,60.0,27,HAMH4STECH,HAMH4STECH,GAN,nan,RVSGANAA,GANTRY S/S VISUAL INSPECTION,VICIVGA16,Rate the condition of the metalwork on the main body of the asset,G4-LIGHT PITTING/MAJORITY OF COATING LOST,nan,S-0670025,SRR-10429903,HAMH,TCNWARW,TCN,1,HAMH4,Civil Item
10/08/2022,,3,HAMH4STECH,HAMH4STECH,GAN,nan,RVSGANAA,GANTRY S/S VISUAL INSPECTION,VICIVGA02,What is the number for the gantry?,nan,J:\HELPDESK\SITEDATA\aldw2.doc,S-0670025,SRR-10429904,HAMH,TCNWARW,TCN,1,HAMH4,Civil Item
10/08/2022,1.0,5,HAMH4STECH,HAMH4STECH,GAN,nan,RVSGANAA,GANTRY S/S VISUAL INSPECTION,VICIVGA03,Do you want to report any condition deterioration for the base?,YES,nan,S-0670025,SRR-10429905,HAMH,TCNWARW,TCN,1,HAMH4,Civil Item
10/08/2022,60.0,17,HAMH4STECH,HAMH4STECH,GAN,nan,RVSGANAA,GANTRY S/S VISUAL INSPECTION,VICIVGA10,Confirm integrity of the earthing connections,LOOSE/INSECURE,nan,S-0670025,SRR-10429906,HAMH,TCNWARW,TCN,1,HAMH4,Civil Item
10/08/2022,0.0,19,HAMH4STECH,HAMH4STECH,GAN,nan,RVSGANAA,GANTRY S/S VISUAL INSPECTION,VICIVGA11,Add details for another earthing connection,NO,nan,S-0670025,SRR-10429908,HAMH,TCNWARW,TCN,1,HAMH4,Civil Item
10/08/2022,1.0,2,HAMH4STECH,HAMH4STECH,GAN,nan,RVSGANAA,GANTRY S/S VISUAL INSPECTION,VICIVGA01,Do you want to report any condition deterioration of the asset?,YES,nan,S-0670045,SRR-10430330,HAMH,TCNWARW,TCN,1,HAMH4,Civil Item
10/08/2022,,3,HAMH4STECH,HAMH4STECH,GAN,nan,RVSGANAA,GANTRY S/S VISUAL INSPECTION,VICIVGA02,What is the number for the gantry?,nan,J:\HELPDESK\SITEDATA\Alve1.doc,S-0670045,SRR-10430331,HAMH,TCNWARW,TCN,1,HAMH4,Civil Item
10/08/2022,1.0,5,HAMH4STECH,HAMH4STECH,GAN,nan,RVSGANAA,GANTRY S/S VISUAL INSPECTION,VICIVGA03,Do you want to report any condition deterioration for the base?,YES,nan,S-0670045,SRR-10430332,HAMH,TCNWARW,TCN,1,HAMH4,Civil Item
10/08/2022,60.0,6,HAMH4STECH,HAMH4STECH,GAN,nan,RVSGANAA,GANTRY S/S VISUAL INSPECTION,VICIVGA04,Rate condition of foundation (base),EVIDENCE OF HEAVY DETERIORATION,nan,S-0670045,SRR-10430333,HAMH,TCNWARW,TCN,1,HAMH4,Civil Item
10/08/2022,0.0,9,HAMH4STECH,HAMH4STECH,GAN,nan,RVSGANAA,GANTRY S/S VISUAL INSPECTION,VICIVGA06,Do you want to report any condition deterioration for the support structure?,NO,nan,S-0670045,SRR-10430335,HAMH,TCNWARW,TCN,1,HAMH4,Civil Item
10/08/2022,0.0,16,HAMH4STECH,HAMH4STECH,GAN,nan,RVSGANAA,GANTRY S/S VISUAL INSPECTION,VICIVGA09,Do any of the earthing connections need reporting,NO,nan,S-0670045,SRR-10430336,HAMH,TCNWARW,TCN,1,HAMH4,Civil Item
10/08/2022,0.0,21,HAMH4STECH,HAMH4STECH,GAN,nan,RVSGANAA,GANTRY S/S VISUAL INSPECTION,VICIVGA12,Does the asset body need reporting,NO,nan,S-0670045,SRR-10430337,HAMH,TCNWARW,TCN,1,HAMH4,Civil Item
10/08/2022,1.0,2,HAMH4STECH,HAMH4STECH,GAN,nan,RVSGANAA,GANTRY S/S VISUAL INSPECTION,VICIVGA01,Do you want to report any condition deterioration of the asset?,YES,nan,S-0670045,SRR-10430339,HAMH,TCNWARW,TCN,1,HAMH4,Civil Item
10/08/2022,80.0,6,HAMH4STECH,HAMH4STECH,GAN,nan,RVSGANAA,GANTRY S/S VISUAL INSPECTION,VICIVGA04,Rate condition of foundation (base),"ADVANCED, SEVERE DETERIORATION",nan,S-0670045,SRR-10430340,HAMH,TCNWARW,TCN,1,HAMH4,Civil Item
10/08/2022,,3,HAMH4STECH,HAMH4STECH,GAN,nan,RVSGANAA,GANTRY S/S VISUAL INSPECTION,VICIVGA02,What is the number for the gantry?,nan,J:\HELPDESK\SITEDATA\Alve4.doc,S-0670045,SRR-10430342,HAMH,TCNWARW,TCN,1,HAMH4,Civil Item
10/08/2022,1.0,5,HAMH4STECH,HAMH4STECH,GAN,nan,RVSGANAA,GANTRY S/S VISUAL INSPECTION,VICIVGA03,Do you want to report any condition deterioration for the base?,YES,nan,S-0670045,SRR-10430343,HAMH,TCNWARW,TCN,1,HAMH4,Civil Item
10/08/2022,,1,HAMH4SCARE,HAMH4SCARE,TRCH,nan,RVSCIVAA,TRENCH RD X S/S VISUAL INSECTION,VICIVTC05,Do you want to report Trench or crossing?,TRENCH,nan,S-0670587,SRR-10439402,HAMH,TCNWARW,TCN,1,HAMH4,Civil Item
10/08/2022,60.0,2,HAMH4SCARE,HAMH4SCARE,TRCH,nan,RVSCIVAA,TRENCH RD X S/S VISUAL INSECTION,VICIVTC02,Rate trench cover,EVIDENCE OF HEAVY DETERIORATION,nan,S-0670587,SRR-10439403,HAMH,TCNWARW,TCN,1,HAMH4,Civil Item
10/08/2022,,1,HAMH4SCARE,HAMH4SCARE,TRCH,nan,RVSCIVAA,TRENCH RD X S/S VISUAL INSECTION,VICIVTC05,Do you want to report Trench or crossing?,TRENCH,nan,S-0670587,SRR-10439406,HAMH,TCNWARW,TCN,1,HAMH4,Civil Item
10/08/2022,60.0,2,HAMH4SCARE,HAMH4SCARE,TRCH,nan,RVSCIVAA,TRENCH RD X S/S VISUAL INSECTION,VICIVTC02,Rate trench cover,EVIDENCE OF HEAVY DETERIORATION,nan,S-0670587,SRR-10439408,HAMH,TCNWARW,TCN,1,HAMH4,Civil Item
10/08/2022,,1,HAMH4SCARE,HAMH4SCARE,TRCH,nan,RVSCIVAA,TRENCH RD X S/S VISUAL INSECTION,VICIVTC05,Do you want to report Trench or crossing?,TRENCH,nan,S-0670587,SRR-10439410,HAMH,TCNWARW,TCN,1,HAMH4,Civil Item
10/08/2022,80.0,2,HAMH4SCARE,HAMH4SCARE,TRCH,nan,RVSCIVAA,TRENCH RD X S/S VISUAL INSECTION,VICIVTC02,Rate trench cover,"ADVANCED, SEVERE DETERIORATION",nan,S-0670587,SRR-10439412,HAMH,TCNWARW,TCN,1,HAMH4,Civil Item
10/08/2022,,1,HAMH4SCARE,HAMH4SCARE,TRCH,nan,RVSCIVAA,TRENCH RD X S/S VISUAL INSECTION,VICIVTC05,Do you want to report Trench or crossing?,TRENCH,nan,S-0670587,SRR-10439414,HAMH,TCNWARW,TCN,1,HAMH4,Civil Item
10/08/2022,80.0,2,HAMH4SCARE,HAMH4SCARE,TRCH,nan,RVSCIVAA,TRENCH RD X S/S VISUAL INSECTION,VICIVTC02,Rate trench cover,"ADVANCED, SEVERE DETERIORATION",nan,S-0670587,SRR-10439416,HAMH,TCNWARW,TCN,1,HAMH4,Civil Item
10/08/2022,,1,HAMH4SCARE,HAMH4SCARE,TRCH,nan,RVSCIVAA,TRENCH RD X S/S VISUAL INSECTION,VICIVTC05,Do you want to report Trench or crossing?,TRENCH,nan,S-0670587,SRR-10439418,HAMH,TCNWARW,TCN,1,HAMH4,Civil Item
10/08/2022,60.0,2,HAMH4SCARE,HAMH4SCARE,TRCH,nan,RVSCIVAA,TRENCH RD X S/S VISUAL INSECTION,VICIVTC02,Rate trench cover,EVIDENCE OF HEAVY DETERIORATION,nan,S-0670587,SRR-10439420,HAMH,TCNWARW,TCN,1,HAMH4,Civil Item
10/08/2022,,1,HAMH4SCARE,HAMH4SCARE,TRCH,nan,RVSCIVAA,TRENCH RD X S/S VISUAL INSECTION,VICIVTC05,Do you want to report Trench or crossing?,TRENCH,nan,S-0670587,SRR-10439422,HAMH,TCNWARW,TCN,1,HAMH4,Civil Item
10/08/2022,60.0,2,HAMH4SCARE,HAMH4SCARE,TRCH,nan,RVSCIVAA,TRENCH RD X S/S VISUAL INSECTION,VICIVTC02,Rate trench cover,EVIDENCE OF HEAVY DETERIORATION,nan,S-0670587,SRR-10439424,HAMH,TCNWARW,TCN,1,HAMH4,Civil Item
10/08/2022,,1,HAMH4SCARE,HAMH4SCARE,TRCH,nan,RVSCIVAA,TRENCH RD X S/S VISUAL INSECTION,VICIVTC05,Do you want to report Trench or crossing?,TRENCH,nan,S-0670587,SRR-10439426,HAMH,TCNWARW,TCN,1,HAMH4,Civil Item
10/08/2022,60.0,2,HAMH4SCARE,HAMH4SCARE,TRCH,nan,RVSCIVAA,TRENCH RD X S/S VISUAL INSECTION,VICIVTC02,Rate trench cover,EVIDENCE OF HEAVY DETERIORATION,nan,S-0670587,SRR-10439428,HAMH,TCNWARW,TCN,1,HAMH4,Civil Item
10/08/2022,,1,HAMH4SCARE,HAMH4SCARE,TRCH,nan,RVSCIVAA,TRENCH RD X S/S VISUAL INSECTION,VICIVTC05,Do you want to report Trench or crossing?,TRENCH,nan,S-0670587,SRR-10439430,HAMH,TCNWARW,TCN,1,HAMH4,Civil Item
10/08/2022,60.0,2,HAMH4SCARE,HAMH4SCARE,TRCH,nan,RVSCIVAA,TRENCH RD X S/S VISUAL INSECTION,VICIVTC02,Rate trench cover,EVIDENCE OF HEAVY DETERIORATION,nan,S-0670587,SRR-10439432,HAMH,TCNWARW,TCN,1,HAMH4,Civil Item
10/08/2022,,1,HAMH4SCARE,HAMH4SCARE,TRCH,nan,RVSCIVAA,TRENCH RD X S/S VISUAL INSECTION,VICIVTC05,Do you want to report Trench or crossing?,TRENCH,nan,S-0670587,SRR-10439434,HAMH,TCNWARW,TCN,1,HAMH4,Civil Item
10/08/2022,60.0,2,HAMH4SCARE,HAMH4SCARE,TRCH,nan,RVSCIVAA,TRENCH RD X S/S VISUAL INSECTION,VICIVTC02,Rate trench cover,EVIDENCE OF HEAVY DETERIORATION,nan,S-0670587,SRR-10439436,HAMH,TCNWARW,TCN,1,HAMH4,Civil Item
10/08/2022,,1,HAMH4SCARE,HAMH4SCARE,TRCH,nan,RVSCIVAA,TRENCH RD X S/S VISUAL INSECTION,VICIVTC05,Do you want to report Trench or crossing?,TRENCH,nan,S-0670587,SRR-10439438,HAMH,TCNWARW,TCN,1,HAMH4,Civil Item
10/08/2022,60.0,2,HAMH4SCARE,HAMH4SCARE,TRCH,nan,RVSCIVAA,TRENCH RD X S/S VISUAL INSECTION,VICIVTC02,Rate trench cover,EVIDENCE OF HEAVY DETERIORATION,nan,S-0670587,SRR-10439440,HAMH,TCNWARW,TCN,1,HAMH4,Civil Item
10/08/2022,,1,HAMH4SCARE,HAMH4SCARE,TRCH,nan,RVSCIVAA,TRENCH RD X S/S VISUAL INSECTION,VICIVTC05,Do you want to report Trench or crossing?,TRENCH,nan,S-0670587,SRR-10439442,HAMH,TCNWARW,TCN,1,HAMH4,Civil Item
10/08/2022,60.0,2,HAMH4SCARE,HAMH4SCARE,TRCH,nan,RVSCIVAA,TRENCH RD X S/S VISUAL INSECTION,VICIVTC02,Rate trench cover,EVIDENCE OF HEAVY DETERIORATION,nan,S-0670587,SRR-10439444,HAMH,TCNWARW,TCN,1,HAMH4,Civil Item
10/08/2022,,1,HAMH4SCARE,HAMH4SCARE,TRCH,nan,RVSCIVAA,TRENCH RD X S/S VISUAL INSECTION,VICIVTC05,Do you want to report Trench or crossing?,TRENCH,nan,S-0670587,SRR-10439446,HAMH,TCNWARW,TCN,1,HAMH4,Civil Item
10/08/2022,60.0,2,HAMH4SCARE,HAMH4SCARE,TRCH,nan,RVSCIVAA,TRENCH RD X S/S VISUAL INSECTION,VICIVTC02,Rate trench cover,EVIDENCE OF HEAVY DETERIORATION,nan,S-0670587,SRR-10439448,HAMH,TCNWARW,TCN,1,HAMH4,Civil Item
10/08/2022,,1,HAMH4SCARE,HAMH4SCARE,TRCH,nan,RVSCIVAA,TRENCH RD X S/S VISUAL INSECTION,VICIVTC05,Do you want to report Trench or crossing?,TRENCH,nan,S-0670587,SRR-10439450,HAMH,TCNWARW,TCN,1,HAMH4,Civil Item
10/08/2022,60.0,2,HAMH4SCARE,HAMH4SCARE,TRCH,nan,RVSCIVAA,TRENCH RD X S/S VISUAL INSECTION,VICIVTC02,Rate trench cover,EVIDENCE OF HEAVY DETERIORATION,nan,S-0670587,SRR-10439452,HAMH,TCNWARW,TCN,1,HAMH4,Civil Item
10/08/2022,,1,HAMH4SCARE,HAMH4SCARE,TRCH,nan,RVSCIVAA,TRENCH RD X S/S VISUAL INSECTION,VICIVTC05,Do you want to report Trench or crossing?,TRENCH,nan,S-0670587,SRR-10439454,HAMH,TCNWARW,TCN,1,HAMH4,Civil Item
10/08/2022,60.0,2,HAMH4SCARE,HAMH4SCARE,TRCH,nan,RVSCIVAA,TRENCH RD X S/S VISUAL INSECTION,VICIVTC02,Rate trench cover,EVIDENCE OF HEAVY DETERIORATION,nan,S-0670587,SRR-10439456,HAMH,TCNWARW,TCN,1,HAMH4,Civil Item
10/08/2022,,1,HAMH4SCARE,HAMH4SCARE,TRCH,nan,RVSCIVAA,TRENCH RD X S/S VISUAL INSECTION,VICIVTC05,Do you want to report Trench or crossing?,TRENCH,nan,S-0670587,SRR-10439458,HAMH,TCNWARW,TCN,1,HAMH4,Civil Item
10/08/2022,60.0,2,HAMH4SCARE,HAMH4SCARE,TRCH,nan,RVSCIVAA,TRENCH RD X S/S VISUAL INSECTION,VICIVTC02,Rate trench cover,EVIDENCE OF HEAVY DETERIORATION,nan,S-0670587,SRR-10439460,HAMH,TCNWARW,TCN,1,HAMH4,Civil Item
10/08/2022,,1,HAMH4SCARE,HAMH4SCARE,TRCH,nan,RVSCIVAA,TRENCH RD X S/S VISUAL INSECTION,VICIVTC05,Do you want to report Trench or crossing?,TRENCH,nan,S-0670587,SRR-10439462,HAMH,TCNWARW,TCN,1,HAMH4,Civil Item
10/08/2022,60.0,2,HAMH4SCARE,HAMH4SCARE,TRCH,nan,RVSCIVAA,TRENCH RD X S/S VISUAL INSECTION,VICIVTC02,Rate trench cover,EVIDENCE OF HEAVY DETERIORATION,nan,S-0670587,SRR-10439464,HAMH,TCNWARW,TCN,1,HAMH4,Civil Item
10/08/2022,,1,HAMH4SCARE,HAMH4SCARE,TRCH,nan,RVSCIVAA,TRENCH RD X S/S VISUAL INSECTION,VICIVTC05,Do you want to report Trench or crossing?,TRENCH,nan,S-0670587,SRR-10439466,HAMH,TCNWARW,TCN,1,HAMH4,Civil Item
10/08/2022,60.0,2,HAMH4SCARE,HAMH4SCARE,TRCH,nan,RVSCIVAA,TRENCH RD X S/S VISUAL INSECTION,VICIVTC02,Rate trench cover,EVIDENCE OF HEAVY DETERIORATION,nan,S-0670587,SRR-10439468,HAMH,TCNWARW,TCN,1,HAMH4,Civil Item
10/08/2022,,1,HAMH4SCARE,HAMH4SCARE,TRCH,nan,RVSCIVAA,TRENCH RD X S/S VISUAL INSECTION,VICIVTC05,Do you want to report Trench or crossing?,TRENCH,nan,S-0670587,SRR-10439470,HAMH,TCNWARW,TCN,1,HAMH4,Civil Item
10/08/2022,60.0,2,HAMH4SCARE,HAMH4SCARE,TRCH,nan,RVSCIVAA,TRENCH RD X S/S VISUAL INSECTION,VICIVTC02,Rate trench cover,EVIDENCE OF HEAVY DETERIORATION,nan,S-0670587,SRR-10439472,HAMH,TCNWARW,TCN,1,HAMH4,Civil Item
10/08/2022,,1,HAMH4SCARE,HAMH4SCARE,TRCH,nan,RVSCIVAA,TRENCH RD X S/S VISUAL INSECTION,VICIVTC05,Do you want to report Trench or crossing?,TRENCH,nan,S-0670587,SRR-10439474,HAMH,TCNWARW,TCN,1,HAMH4,Civil Item
10/08/2022,60.0,2,HAMH4SCARE,HAMH4SCARE,TRCH,nan,RVSCIVAA,TRENCH RD X S/S VISUAL INSECTION,VICIVTC02,Rate trench cover,EVIDENCE OF HEAVY DETERIORATION,nan,S-0670587,SRR-10439476,HAMH,TCNWARW,TCN,1,HAMH4,Civil Item
10/08/2022,,1,HAMH4SCARE,HAMH4SCARE,TRCH,nan,RVSCIVAA,TRENCH RD X S/S VISUAL INSECTION,VICIVTC05,Do you want to report Trench or crossing?,TRENCH,nan,S-0670587,SRR-10439478,HAMH,TCNWARW,TCN,1,HAMH4,Civil Item
10/08/2022,80.0,2,HAMH4SCARE,HAMH4SCARE,TRCH,nan,RVSCIVAA,TRENCH RD X S/S VISUAL INSECTION,VICIVTC02,Rate trench cover,"ADVANCED, SEVERE DETERIORATION",nan,S-0670587,SRR-10439480,HAMH,TCNWARW,TCN,1,HAMH4,Civil Item
10/08/2022,,1,HAMH4SCARE,HAMH4SCARE,TRCH,nan,RVSCIVAA,TRENCH RD X S/S VISUAL INSECTION,VICIVTC05,Do you want to report Trench or crossing?,TRENCH,nan,S-0670587,SRR-10439482,HAMH,TCNWARW,TCN,1,HAMH4,Civil Item
10/08/2022,60.0,2,HAMH4SCARE,HAMH4SCARE,TRCH,nan,RVSCIVAA,TRENCH RD X S/S VISUAL INSECTION,VICIVTC02,Rate trench cover,EVIDENCE OF HEAVY DETERIORATION,nan,S-0670587,SRR-10439484,HAMH,TCNWARW,TCN,1,HAMH4,Civil Item
10/08/2022,,1,HAMH4SCARE,HAMH4SCARE,TRCH,nan,RVSCIVAA,TRENCH RD X S/S VISUAL INSECTION,VICIVTC05,Do you want to report Trench or crossing?,TRENCH,nan,S-0670587,SRR-10439486,HAMH,TCNWARW,TCN,1,HAMH4,Civil Item
10/08/2022,60.0,2,HAMH4SCARE,HAMH4SCARE,TRCH,nan,RVSCIVAA,TRENCH RD X S/S VISUAL INSECTION,VICIVTC02,Rate trench cover,EVIDENCE OF HEAVY DETERIORATION,nan,S-0670587,SRR-10439488,HAMH,TCNWARW,TCN,1,HAMH4,Civil Item
10/08/2022,,1,HAMH4SCARE,HAMH4SCARE,TRCH,nan,RVSCIVAA,TRENCH RD X S/S VISUAL INSECTION,VICIVTC05,Do you want to report Trench or crossing?,TRENCH,nan,S-0670587,SRR-10439490,HAMH,TCNWARW,TCN,1,HAMH4,Civil Item
10/08/2022,40.0,2,HAMH4SCARE,HAMH4SCARE,TRCH,nan,RVSCIVAA,TRENCH RD X S/S VISUAL INSECTION,VICIVTC02,Rate trench cover,SUPERFICIAL/MINOR DETERIORATION,nan,S-0670587,SRR-10439492,HAMH,TCNWARW,TCN,1,HAMH4,Civil Item
10/08/2022,,1,HAMH4SCARE,HAMH4SCARE,TRCH,nan,RVSCIVAA,TRENCH RD X S/S VISUAL INSECTION,VICIVTC05,Do you want to report Trench or crossing?,TRENCH,nan,S-0670587,SRR-10439494,HAMH,TCNWARW,TCN,1,HAMH4,Civil Item
10/08/2022,60.0,2,HAMH4SCARE,HAMH4SCARE,TRCH,nan,RVSCIVAA,TRENCH RD X S/S VISUAL INSECTION,VICIVTC02,Rate trench cover,EVIDENCE OF HEAVY DETERIORATION,nan,S-0670587,SRR-10439496,HAMH,TCNWARW,TCN,1,HAMH4,Civil Item
10/08/2022,,1,HAMH4SCARE,HAMH4SCARE,TRCH,nan,RVSCIVAA,TRENCH RD X S/S VISUAL INSECTION,VICIVTC05,Do you want to report Trench or crossing?,TRENCH,nan,S-0670587,SRR-10439498,HAMH,TCNWARW,TCN,1,HAMH4,Civil Item
10/08/2022,60.0,2,HAMH4SCARE,HAMH4SCARE,TRCH,nan,RVSCIVAA,TRENCH RD X S/S VISUAL INSECTION,VICIVTC02,Rate trench cover,EVIDENCE OF HEAVY DETERIORATION,nan,S-0670587,SRR-10439500,HAMH,TCNWARW,TCN,1,HAMH4,Civil Item
10/08/2022,,1,HAMH4SCARE,HAMH4SCARE,TRCH,nan,RVSCIVAA,TRENCH RD X S/S VISUAL INSECTION,VICIVTC05,Do you want to report Trench or crossing?,TRENCH,nan,S-0670587,SRR-10439502,HAMH,TCNWARW,TCN,1,HAMH4,Civil Item
10/08/2022,60.0,2,HAMH4SCARE,HAMH4SCARE,TRCH,nan,RVSCIVAA,TRENCH RD X S/S VISUAL INSECTION,VICIVTC02,Rate trench cover,EVIDENCE OF HEAVY DETERIORATION,nan,S-0670587,SRR-10439504,HAMH,TCNWARW,TCN,1,HAMH4,Civil Item
11/08/2022,,1,HAMH4SCARE,HAMH4SCARE,TRCH,nan,RVSCIVAA,TRENCH RD X S/S VISUAL INSECTION,VICIVTC05,Do you want to report Trench or crossing?,VEHICLE CROSSING,nan,S-0671694,SRR-10451415,HAMH,TCNWARW,TCN,1,HAMH4,Civil Item
11/08/2022,0.0,4,HAMH4SCARE,HAMH4SCARE,TRCH,nan,RVSCIVAA,TRENCH RD X S/S VISUAL INSECTION,VICIVTC04,Rate the crossing,"NO SIGNIFICANT DEFECT, AS GOOD AS NEW",nan,S-0671694,SRR-10451416,HAMH,TCNWARW,TCN,1,HAMH4,Civil Item
11/08/2022,,1,HAMH4SCARE,HAMH4SCARE,TRCH,nan,RVSCIVAA,TRENCH RD X S/S VISUAL INSECTION,VICIVTC05,Do you want to report Trench or crossing?,TRENCH,nan,S-0671700,SRR-10451500,HAMH,TCNWARW,TCN,1,HAMH4,Civil Item
11/08/2022,0.0,2,HAMH4SCARE,HAMH4SCARE,TRCH,nan,RVSCIVAA,TRENCH RD X S/S VISUAL INSECTION,VICIVTC02,Rate trench cover,"NO SIGNIFICANT DEFECT, AS GOOD AS NEW",nan,S-0671700,SRR-10451501,HAMH,TCNWARW,TCN,1,HAMH4,Civil Item
11/08/2022,1.0,2,HAMH4STECH,HAMH4STECH,GAN,nan,RVSGANAA,GANTRY S/S VISUAL INSPECTION,VICIVGA01,Do you want to report any condition deterioration of the asset?,YES,nan,S-0671783,SRR-10452848,HAMH,TCNWARW,TCN,1,HAMH4,Civil Item
11/08/2022,,3,HAMH4STECH,HAMH4STECH,GAN,nan,RVSGANAA,GANTRY S/S VISUAL INSPECTION,VICIVGA02,What is the number for the gantry?,nan,J:\HELPDESK\SITEDATA\Bisw1.doc,S-0671783,SRR-10452849,HAMH,TCNWARW,TCN,1,HAMH4,Civil Item
11/08/2022,1.0,5,HAMH4STECH,HAMH4STECH,GAN,nan,RVSGANAA,GANTRY S/S VISUAL INSPECTION,VICIVGA03,Do you want to report any condition deterioration for the base?,YES,nan,S-0671783,SRR-10452850,HAMH,TCNWARW,TCN,1,HAMH4,Civil Item
11/08/2022,60.0,6,HAMH4STECH,HAMH4STECH,GAN,nan,RVSGANAA,GANTRY S/S VISUAL INSPECTION,VICIVGA04,Rate condition of foundation (base),EVIDENCE OF HEAVY DETERIORATION,nan,S-0671783,SRR-10452851,HAMH,TCNWARW,TCN,1,HAMH4,Civil Item
11/08/2022,1.0,9,HAMH4STECH,HAMH4STECH,GAN,nan,RVSGANAA,GANTRY S/S VISUAL INSPECTION,VICIVGA06,Do you want to report any condition deterioration for the support structure?,YES,nan,S-0671783,SRR-10452853,HAMH,TCNWARW,TCN,1,HAMH4,Civil Item
11/08/2022,,10,HAMH4STECH,HAMH4STECH,GAN,nan,RVSGANAA,GANTRY S/S VISUAL INSPECTION,VICIVGA07,Is the asset support structure steel / concrete,STEEL,nan,S-0671783,SRR-10452854,HAMH,TCNWARW,TCN,1,HAMH4,Civil Item
11/08/2022,60.0,13,HAMH4STECH,HAMH4STECH,GAN,nan,RVSGANAA,GANTRY S/S VISUAL INSPECTION,VICIVGA08,Rate condition of the steel asset support structure,G4-LIGHT PITTING/MAJORITY OF COATING LOST,nan,S-0671783,SRR-10452855,HAMH,TCNWARW,TCN,1,HAMH4,Civil Item
11/08/2022,1.0,16,HAMH4STECH,HAMH4STECH,GAN,nan,RVSGANAA,GANTRY S/S VISUAL INSPECTION,VICIVGA09,Do any of the earthing connections need reporting,YES,nan,S-0671783,SRR-10452856,HAMH,TCNWARW,TCN,1,HAMH4,Civil Item
11/08/2022,60.0,17,HAMH4STECH,HAMH4STECH,GAN,nan,RVSGANAA,GANTRY S/S VISUAL INSPECTION,VICIVGA10,Confirm integrity of the earthing connections,LOOSE/INSECURE,nan,S-0671783,SRR-10452857,HAMH,TCNWARW,TCN,1,HAMH4,Civil Item
11/08/2022,0.0,19,HAMH4STECH,HAMH4STECH,GAN,nan,RVSGANAA,GANTRY S/S VISUAL INSPECTION,VICIVGA11,Add details for another earthing connection,NO,nan,S-0671783,SRR-10452859,HAMH,TCNWARW,TCN,1,HAMH4,Civil Item
11/08/2022,1.0,21,HAMH4STECH,HAMH4STECH,GAN,nan,RVSGANAA,GANTRY S/S VISUAL INSPECTION,VICIVGA12,Does the asset body need reporting,YES,nan,S-0671783,SRR-10452860,HAMH,TCNWARW,TCN,1,HAMH4,Civil Item
11/08/2022,,22,HAMH4STECH,HAMH4STECH,GAN,nan,RVSGANAA,GANTRY S/S VISUAL INSPECTION,VICIVGA13,What is the phase for this issue?,nan,nan,S-0671783,SRR-10452862,HAMH,TCNWARW,TCN,1,HAMH4,Civil Item
11/08/2022,,23,HAMH4STECH,HAMH4STECH,GAN,nan,RVSGANAA,GANTRY S/S VISUAL INSPECTION,VICIVGA14,Rate the level of pollution on the main body of the asset,nan,nan,S-0671783,SRR-10452863,HAMH,TCNWARW,TCN,1,HAMH4,Civil Item
11/08/2022,,25,HAMH4STECH,HAMH4STECH,GAN,nan,RVSGANAA,GANTRY S/S VISUAL INSPECTION,VICIVGA15,Rate the level of damage/cracking on the main body of the asset,nan,nan,S-0671783,SRR-10452864,HAMH,TCNWARW,TCN,1,HAMH4,Civil Item
11/08/2022,60.0,27,HAMH4STECH,HAMH4STECH,GAN,nan,RVSGANAA,GANTRY S/S VISUAL INSPECTION,VICIVGA16,Rate the condition of the metalwork on the main body of the asset,G4-LIGHT PITTING/MAJORITY OF COATING LOST,nan,S-0671783,SRR-10452866,HAMH,TCNWARW,TCN,1,HAMH4,Civil Item
16/08/2022,,1,BRIN2SCARE,BRIN2SCARE,TRCH,nan,RVSCIVAA,TRENCH RD X S/S VISUAL INSECTION,VICIVTC05,Do you want to report Trench or crossing?,TRENCH,nan,S-0674572,SRR-10497756,BRIN,TNESHEF,TNE,1,BRIN2,Civil Item
16/08/2022,40.0,2,BRIN2SCARE,BRIN2SCARE,TRCH,nan,RVSCIVAA,TRENCH RD X S/S VISUAL INSECTION,VICIVTC02,Rate trench cover,SUPERFICIAL/MINOR DETERIORATION,nan,S-0674572,SRR-10497757,BRIN,TNESHEF,TNE,1,BRIN2,Civil Item
16/08/2022,,1,BRIN4SCARE,BRIN4SCARE,TRCH,nan,RVSCIVAA,TRENCH RD X S/S VISUAL INSECTION,VICIVTC05,Do you want to report Trench or crossing?,TRENCH,nan,S-0674671,SRR-10498915,BRIN,TNESHEF,TNE,1,BRIN4,Civil Item
16/08/2022,40.0,2,BRIN4SCARE,BRIN4SCARE,TRCH,nan,RVSCIVAA,TRENCH RD X S/S VISUAL INSECTION,VICIVTC02,Rate trench cover,SUPERFICIAL/MINOR DETERIORATION,nan,S-0674671,SRR-10498916,BRIN,TNESHEF,TNE,1,BRIN4,Civil Item
16/08/2022,,1,BRIN4SCARE,BRIN4SCARE,TRCH,nan,RVSCIVAA,TRENCH RD X S/S VISUAL INSECTION,VICIVTC05,Do you want to report Trench or crossing?,TRENCH,nan,S-0674671,SRR-10498919,BRIN,TNESHEF,TNE,1,BRIN4,Civil Item
16/08/2022,40.0,2,BRIN4SCARE,BRIN4SCARE,TRCH,nan,RVSCIVAA,TRENCH RD X S/S VISUAL INSECTION,VICIVTC02,Rate trench cover,SUPERFICIAL/MINOR DETERIORATION,nan,S-0674671,SRR-10498921,BRIN,TNESHEF,TNE,1,BRIN4,Civil Item
16/08/2022,,1,BRIN4SCARE,BRIN4SCARE,TRCH,nan,RVSCIVAA,TRENCH RD X S/S VISUAL INSECTION,VICIVTC05,Do you want to report Trench or crossing?,TRENCH,nan,S-0674671,SRR-10498923,BRIN,TNESHEF,TNE,1,BRIN4,Civil Item
16/08/2022,40.0,2,BRIN4SCARE,BRIN4SCARE,TRCH,nan,RVSCIVAA,TRENCH RD X S/S VISUAL INSECTION,VICIVTC02,Rate trench cover,SUPERFICIAL/MINOR DETERIORATION,nan,S-0674671,SRR-10498925,BRIN,TNESHEF,TNE,1,BRIN4,Civil Item
16/08/2022,,1,BRIN4SCARE,BRIN4SCARE,TRCH,nan,RVSCIVAA,TRENCH RD X S/S VISUAL INSECTION,VICIVTC05,Do you want to report Trench or crossing?,TRENCH,nan,S-0674671,SRR-10498927,BRIN,TNESHEF,TNE,1,BRIN4,Civil Item
16/08/2022,40.0,2,BRIN4SCARE,BRIN4SCARE,TRCH,nan,RVSCIVAA,TRENCH RD X S/S VISUAL INSECTION,VICIVTC02,Rate trench cover,SUPERFICIAL/MINOR DETERIORATION,nan,S-0674671,SRR-10498929,BRIN,TNESHEF,TNE,1,BRIN4,Civil Item
16/08/2022,,1,BRIN4SCARE,BRIN4SCARE,TRCH,nan,RVSCIVAA,TRENCH RD X S/S VISUAL INSECTION,VICIVTC05,Do you want to report Trench or crossing?,TRENCH,nan,S-0674671,SRR-10498931,BRIN,TNESHEF,TNE,1,BRIN4,Civil Item
16/08/2022,40.0,2,BRIN4SCARE,BRIN4SCARE,TRCH,nan,RVSCIVAA,TRENCH RD X S/S VISUAL INSECTION,VICIVTC02,Rate trench cover,SUPERFICIAL/MINOR DETERIORATION,nan,S-0674671,SRR-10498933,BRIN,TNESHEF,TNE,1,BRIN4,Civil Item
16/08/2022,,1,BRIN4SCARE,BRIN4SCARE,TRCH,nan,RVSCIVAA,TRENCH RD X S/S VISUAL INSECTION,VICIVTC05,Do you want to report Trench or crossing?,TRENCH,nan,S-0674671,SRR-10498935,BRIN,TNESHEF,TNE,1,BRIN4,Civil Item
16/08/2022,40.0,2,BRIN4SCARE,BRIN4SCARE,TRCH,nan,RVSCIVAA,TRENCH RD X S/S VISUAL INSECTION,VICIVTC02,Rate trench cover,SUPERFICIAL/MINOR DETERIORATION,nan,S-0674671,SRR-10498937,BRIN,TNESHEF,TNE,1,BRIN4,Civil Item
16/08/2022,,1,BRIN4SCARE,BRIN4SCARE,TRCH,nan,RVSCIVAA,TRENCH RD X S/S VISUAL INSECTION,VICIVTC05,Do you want to report Trench or crossing?,TRENCH,nan,S-0674671,SRR-10498939,BRIN,TNESHEF,TNE,1,BRIN4,Civil Item
16/08/2022,40.0,2,BRIN4SCARE,BRIN4SCARE,TRCH,nan,RVSCIVAA,TRENCH RD X S/S VISUAL INSECTION,VICIVTC02,Rate trench cover,SUPERFICIAL/MINOR DETERIORATION,nan,S-0674671,SRR-10498941,BRIN,TNESHEF,TNE,1,BRIN4,Civil Item
16/08/2022,,1,BRIN4SCARE,BRIN4SCARE,TRCH,nan,RVSCIVAA,TRENCH RD X S/S VISUAL INSECTION,VICIVTC05,Do you want to report Trench or crossing?,TRENCH,nan,S-0674671,SRR-10498943,BRIN,TNESHEF,TNE,1,BRIN4,Civil Item
16/08/2022,40.0,2,BRIN4SCARE,BRIN4SCARE,TRCH,nan,RVSCIVAA,TRENCH RD X S/S VISUAL INSECTION,VICIVTC02,Rate trench cover,SUPERFICIAL/MINOR DETERIORATION,nan,S-0674671,SRR-10498945,BRIN,TNESHEF,TNE,1,BRIN4,Civil Item
16/08/2022,,1,BRIN4SCARE,BRIN4SCARE,TRCH,nan,RVSCIVAA,TRENCH RD X S/S VISUAL INSECTION,VICIVTC05,Do you want to report Trench or crossing?,TRENCH,nan,S-0674671,SRR-10498947,BRIN,TNESHEF,TNE,1,BRIN4,Civil Item
16/08/2022,40.0,2,BRIN4SCARE,BRIN4SCARE,TRCH,nan,RVSCIVAA,TRENCH RD X S/S VISUAL INSECTION,VICIVTC02,Rate trench cover,SUPERFICIAL/MINOR DETERIORATION,nan,S-0674671,SRR-10498949,BRIN,TNESHEF,TNE,1,BRIN4,Civil Item
18/08/2022,1.0,4,BRIN2STECH,BRIN2STECH,GAN,nan,RVSGANAA,GANTRY S/S VISUAL INSPECTION,VICIVGA01,Do you want to report any condition deterioration of the asset?,YES,nan,S-0676446,SRR-10522985,BRIN,TNESHEF,TNE,2,BRIN2,Civil Item
18/08/2022,,5,BRIN2STECH,BRIN2STECH,GAN,nan,RVSGANAA,GANTRY S/S VISUAL INSPECTION,VICIVGA02,What is the number for the gantry?,nan,nan,S-0676446,SRR-10522986,BRIN,TNESHEF,TNE,2,BRIN2,Civil Item
18/08/2022,1.0,7,BRIN2STECH,BRIN2STECH,GAN,nan,RVSGANAA,GANTRY S/S VISUAL INSPECTION,VICIVGA03,Do you want to report any condition deterioration for the base?,YES,nan,S-0676446,SRR-10522987,BRIN,TNESHEF,TNE,2,BRIN2,Civil Item
18/08/2022,1.0,11,BRIN2STECH,BRIN2STECH,GAN,nan,RVSGANAA,GANTRY S/S VISUAL INSPECTION,VICIVGA06,Do you want to report any condition deterioration for the support structure?,YES,nan,S-0676446,SRR-10522988,BRIN,TNESHEF,TNE,2,BRIN2,Civil Item
18/08/2022,0.0,18,BRIN2STECH,BRIN2STECH,GAN,nan,RVSGANAA,GANTRY S/S VISUAL INSPECTION,VICIVGA09,Do any of the earthing connections need reporting,NO,nan,S-0676446,SRR-10522989,BRIN,TNESHEF,TNE,2,BRIN2,Civil Item
18/08/2022,0.0,23,BRIN2STECH,BRIN2STECH,GAN,nan,RVSGANAA,GANTRY S/S VISUAL INSPECTION,VICIVGA12,Does the asset body need reporting,NO,nan,S-0676446,SRR-10522990,BRIN,TNESHEF,TNE,2,BRIN2,Civil Item
18/08/2022,60.0,8,BRIN2STECH,BRIN2STECH,GAN,nan,RVSGANAA,GANTRY S/S VISUAL INSPECTION,VICIVGA04,Rate condition of foundation (base),EVIDENCE OF HEAVY DETERIORATION,nan,S-0676446,SRR-10522991,BRIN,TNESHEF,TNE,2,BRIN2,Civil Item
18/08/2022,,12,BRIN2STECH,BRIN2STECH,GAN,nan,RVSGANAA,GANTRY S/S VISUAL INSPECTION,VICIVGA07,Is the asset support structure steel / concrete,CONCRETE,nan,S-0676446,SRR-10522992,BRIN,TNESHEF,TNE,2,BRIN2,Civil Item
18/08/2022,60.0,13,BRIN2STECH,BRIN2STECH,GAN,nan,RVSGANAA,GANTRY S/S VISUAL INSPECTION,VICIVGA17,Rate condition of the concrete asset support structure,EVIDENCE OF HEAVY DETERIORATION,nan,S-0676446,SRR-10522993,BRIN,TNESHEF,TNE,2,BRIN2,Civil Item
18/08/2022,1.0,4,BRIN4STECH,BRIN4STECH,GAN,nan,RVSGANAA,GANTRY S/S VISUAL INSPECTION,VICIVGA01,Do you want to report any condition deterioration of the asset?,YES,nan,S-0676486,SRR-10523426,BRIN,TNESHEF,TNE,2,BRIN4,Civil Item
18/08/2022,,5,BRIN4STECH,BRIN4STECH,GAN,nan,RVSGANAA,GANTRY S/S VISUAL INSPECTION,VICIVGA02,What is the number for the gantry?,nan,J:\HELPDESK\SITEDATA\Abha1.doc,S-0676486,SRR-10523427,BRIN,TNESHEF,TNE,2,BRIN4,Civil Item
18/08/2022,0.0,7,BRIN4STECH,BRIN4STECH,GAN,nan,RVSGANAA,GANTRY S/S VISUAL INSPECTION,VICIVGA03,Do you want to report any condition deterioration for the base?,NO,nan,S-0676486,SRR-10523428,BRIN,TNESHEF,TNE,2,BRIN4,Civil Item
18/08/2022,1.0,11,BRIN4STECH,BRIN4STECH,GAN,nan,RVSGANAA,GANTRY S/S VISUAL INSPECTION,VICIVGA06,Do you want to report any condition deterioration for the support structure?,YES,nan,S-0676486,SRR-10523429,BRIN,TNESHEF,TNE,2,BRIN4,Civil Item
18/08/2022,,12,BRIN4STECH,BRIN4STECH,GAN,nan,RVSGANAA,GANTRY S/S VISUAL INSPECTION,VICIVGA07,Is the asset support structure steel / concrete,STEEL,nan,S-0676486,SRR-10523430,BRIN,TNESHEF,TNE,2,BRIN4,Civil Item
18/08/2022,20.0,15,BRIN4STECH,BRIN4STECH,GAN,nan,RVSGANAA,GANTRY S/S VISUAL INSPECTION,VICIVGA08,Rate condition of the steel asset support structure,G2-COATING INTACT (<1%)/VERY LIGHT CORROSION,nan,S-0676486,SRR-10523431,BRIN,TNESHEF,TNE,2,BRIN4,Civil Item
18/08/2022,0.0,18,BRIN4STECH,BRIN4STECH,GAN,nan,RVSGANAA,GANTRY S/S VISUAL INSPECTION,VICIVGA09,Do any of the earthing connections need reporting,NO,nan,S-0676486,SRR-10523433,BRIN,TNESHEF,TNE,2,BRIN4,Civil Item
18/08/2022,0.0,23,BRIN4STECH,BRIN4STECH,GAN,nan,RVSGANAA,GANTRY S/S VISUAL INSPECTION,VICIVGA12,Does the asset body need reporting,NO,nan,S-0676486,SRR-10523434,BRIN,TNESHEF,TNE,2,BRIN4,Civil Item
18/08/2022,,5,BRIN4STECH,BRIN4STECH,GAN,nan,RVSGANAA,GANTRY S/S VISUAL INSPECTION,VICIVGA02,What is the number for the gantry?,nan,J:\HELPDESK\SITEDATA\Abha4.doc,S-0676486,SRR-10523436,BRIN,TNESHEF,TNE,2,BRIN4,Civil Item
18/08/2022,1.0,7,BRIN4STECH,BRIN4STECH,GAN,nan,RVSGANAA,GANTRY S/S VISUAL INSPECTION,VICIVGA03,Do you want to report any condition deterioration for the base?,YES,nan,S-0676486,SRR-10523437,BRIN,TNESHEF,TNE,2,BRIN4,Civil Item
18/08/2022,1.0,11,BRIN4STECH,BRIN4STECH,GAN,nan,RVSGANAA,GANTRY S/S VISUAL INSPECTION,VICIVGA06,Do you want to report any condition deterioration for the support structure?,YES,nan,S-0676486,SRR-10523438,BRIN,TNESHEF,TNE,2,BRIN4,Civil Item
18/08/2022,20.0,15,BRIN4STECH,BRIN4STECH,GAN,nan,RVSGANAA,GANTRY S/S VISUAL INSPECTION,VICIVGA08,Rate condition of the steel asset support structure,G2-COATING INTACT (<1%)/VERY LIGHT CORROSION,nan,S-0676486,SRR-10523439,BRIN,TNESHEF,TNE,2,BRIN4,Civil Item
18/08/2022,0.0,18,BRIN4STECH,BRIN4STECH,GAN,nan,RVSGANAA,GANTRY S/S VISUAL INSPECTION,VICIVGA09,Do any of the earthing connections need reporting,NO,nan,S-0676486,SRR-10523440,BRIN,TNESHEF,TNE,2,BRIN4,Civil Item
18/08/2022,0.0,23,BRIN4STECH,BRIN4STECH,GAN,nan,RVSGANAA,GANTRY S/S VISUAL INSPECTION,VICIVGA12,Does the asset body need reporting,NO,nan,S-0676486,SRR-10523441,BRIN,TNESHEF,TNE,2,BRIN4,Civil Item
18/08/2022,60.0,8,BRIN4STECH,BRIN4STECH,GAN,nan,RVSGANAA,GANTRY S/S VISUAL INSPECTION,VICIVGA04,Rate condition of foundation (base),EVIDENCE OF HEAVY DETERIORATION,nan,S-0676486,SRR-10523443,BRIN,TNESHEF,TNE,2,BRIN4,Civil Item
18/08/2022,,12,BRIN4STECH,BRIN4STECH,GAN,nan,RVSGANAA,GANTRY S/S VISUAL INSPECTION,VICIVGA07,Is the asset support structure steel / concrete,STEEL,nan,S-0676486,SRR-10523445,BRIN,TNESHEF,TNE,2,BRIN4,Civil Item
18/08/2022,1.0,4,BRIN2STECH,BRIN2STECH,GAN,nan,RVSGANAA,GANTRY S/S VISUAL INSPECTION,VICIVGA01,Do you want to report any condition deterioration of the asset?,YES,nan,S-0676581,SRR-10524841,BRIN,TNESHEF,TNE,2,BRIN2,Civil Item
18/08/2022,,5,BRIN2STECH,BRIN2STECH,GAN,nan,RVSGANAA,GANTRY S/S VISUAL INSPECTION,VICIVGA02,What is the number for the gantry?,nan,J:\HELPDESK\SITEDATA\Bisw1.doc,S-0676581,SRR-10524842,BRIN,TNESHEF,TNE,2,BRIN2,Civil Item
18/08/2022,1.0,7,BRIN2STECH,BRIN2STECH,GAN,nan,RVSGANAA,GANTRY S/S VISUAL INSPECTION,VICIVGA03,Do you want to report any condition deterioration for the base?,YES,nan,S-0676581,SRR-10524843,BRIN,TNESHEF,TNE,2,BRIN2,Civil Item
18/08/2022,40.0,8,BRIN2STECH,BRIN2STECH,GAN,nan,RVSGANAA,GANTRY S/S VISUAL INSPECTION,VICIVGA04,Rate condition of foundation (base),SUPERFICIAL/MINOR DETERIORATION,nan,S-0676581,SRR-10524844,BRIN,TNESHEF,TNE,2,BRIN2,Civil Item
18/08/2022,1.0,11,BRIN2STECH,BRIN2STECH,GAN,nan,RVSGANAA,GANTRY S/S VISUAL INSPECTION,VICIVGA06,Do you want to report any condition deterioration for the support structure?,YES,nan,S-0676581,SRR-10524846,BRIN,TNESHEF,TNE,2,BRIN2,Civil Item
18/08/2022,,12,BRIN2STECH,BRIN2STECH,GAN,nan,RVSGANAA,GANTRY S/S VISUAL INSPECTION,VICIVGA07,Is the asset support structure steel / concrete,CONCRETE,nan,S-0676581,SRR-10524847,BRIN,TNESHEF,TNE,2,BRIN2,Civil Item
18/08/2022,60.0,13,BRIN2STECH,BRIN2STECH,GAN,nan,RVSGANAA,GANTRY S/S VISUAL INSPECTION,VICIVGA17,Rate condition of the concrete asset support structure,EVIDENCE OF HEAVY DETERIORATION,nan,S-0676581,SRR-10524848,BRIN,TNESHEF,TNE,2,BRIN2,Civil Item
18/08/2022,0.0,18,BRIN2STECH,BRIN2STECH,GAN,nan,RVSGANAA,GANTRY S/S VISUAL INSPECTION,VICIVGA09,Do any of the earthing connections need reporting,NO,nan,S-0676581,SRR-10524850,BRIN,TNESHEF,TNE,2,BRIN2,Civil Item
18/08/2022,1.0,23,BRIN2STECH,BRIN2STECH,GAN,nan,RVSGANAA,GANTRY S/S VISUAL INSPECTION,VICIVGA12,Does the asset body need reporting,YES,nan,S-0676581,SRR-10524851,BRIN,TNESHEF,TNE,2,BRIN2,Civil Item
18/08/2022,60.0,26,BRIN2STECH,BRIN2STECH,GAN,nan,RVSGANAA,GANTRY S/S VISUAL INSPECTION,VICIVGA15,Rate the level of damage/cracking on the main body of the asset,EVIDENCE OF HEAVY DETERIORATION,nan,S-0676581,SRR-10524854,BRIN,TNESHEF,TNE,2,BRIN2,Civil Item
18/08/2022,1.0,4,BRIN2STECH,BRIN2STECH,GAN,nan,RVSGANAA,GANTRY S/S VISUAL INSPECTION,VICIVGA01,Do you want to report any condition deterioration of the asset?,YES,nan,S-0676795,SRR-10527571,BRIN,TNESHEF,TNE,2,BRIN2,Civil Item
18/08/2022,,5,BRIN2STECH,BRIN2STECH,GAN,nan,RVSGANAA,GANTRY S/S VISUAL INSPECTION,VICIVGA02,What is the number for the gantry?,nan,J:\HELPDESK\SITEDATA\Abha1.doc,S-0676795,SRR-10527572,BRIN,TNESHEF,TNE,2,BRIN2,Civil Item
18/08/2022,1.0,7,BRIN2STECH,BRIN2STECH,GAN,nan,RVSGANAA,GANTRY S/S VISUAL INSPECTION,VICIVGA03,Do you want to report any condition deterioration for the base?,YES,nan,S-0676795,SRR-10527573,BRIN,TNESHEF,TNE,2,BRIN2,Civil Item
18/08/2022,0.0,8,BRIN2STECH,BRIN2STECH,GAN,nan,RVSGANAA,GANTRY S/S VISUAL INSPECTION,VICIVGA04,Rate condition of foundation (base),"NO SIGNIFICANT DEFECT, AS GOOD AS NEW",nan,S-0676795,SRR-10527574,BRIN,TNESHEF,TNE,2,BRIN2,Civil Item
18/08/2022,1.0,11,BRIN2STECH,BRIN2STECH,GAN,nan,RVSGANAA,GANTRY S/S VISUAL INSPECTION,VICIVGA06,Do you want to report any condition deterioration for the support structure?,YES,nan,S-0676795,SRR-10527575,BRIN,TNESHEF,TNE,2,BRIN2,Civil Item
18/08/2022,,12,BRIN2STECH,BRIN2STECH,GAN,nan,RVSGANAA,GANTRY S/S VISUAL INSPECTION,VICIVGA07,Is the asset support structure steel / concrete,CONCRETE,nan,S-0676795,SRR-10527576,BRIN,TNESHEF,TNE,2,BRIN2,Civil Item
18/08/2022,60.0,13,BRIN2STECH,BRIN2STECH,GAN,nan,RVSGANAA,GANTRY S/S VISUAL INSPECTION,VICIVGA17,Rate condition of the concrete asset support structure,EVIDENCE OF HEAVY DETERIORATION,nan,S-0676795,SRR-10527577,BRIN,TNESHEF,TNE,2,BRIN2,Civil Item
18/08/2022,0.0,18,BRIN2STECH,BRIN2STECH,GAN,nan,RVSGANAA,GANTRY S/S VISUAL INSPECTION,VICIVGA09,Do any of the earthing connections need reporting,NO,nan,S-0676795,SRR-10527579,BRIN,TNESHEF,TNE,2,BRIN2,Civil Item
18/08/2022,1.0,23,BRIN2STECH,BRIN2STECH,GAN,nan,RVSGANAA,GANTRY S/S VISUAL INSPECTION,VICIVGA12,Does the asset body need reporting,YES,nan,S-0676795,SRR-10527580,BRIN,TNESHEF,TNE,2,BRIN2,Civil Item
18/08/2022,0.0,26,BRIN2STECH,BRIN2STECH,GAN,nan,RVSGANAA,GANTRY S/S VISUAL INSPECTION,VICIVGA15,Rate the level of damage/cracking on the main body of the asset,"NO SIGNIFICANT DEFECT, AS GOOD AS NEW",nan,S-0676795,SRR-10527584,BRIN,TNESHEF,TNE,2,BRIN2,Civil Item
17/08/2022,1.0,4,BRIN2STECH,BRIN2STECH,GAN,nan,RVSGANAA,GANTRY S/S VISUAL INSPECTION,VICIVGA01,Do you want to report any condition deterioration of the asset?,YES,nan,S-0676801,SRR-10527991,BRIN,TNESHEF,TNE,2,BRIN2,Civil Item
17/08/2022,,5,BRIN2STECH,BRIN2STECH,GAN,nan,RVSGANAA,GANTRY S/S VISUAL INSPECTION,VICIVGA02,What is the number for the gantry?,nan,J:\HELPDESK\SITEDATA\Abha1.doc,S-0676801,SRR-10527992,BRIN,TNESHEF,TNE,2,BRIN2,Civil Item
17/08/2022,1.0,7,BRIN2STECH,BRIN2STECH,GAN,nan,RVSGANAA,GANTRY S/S VISUAL INSPECTION,VICIVGA03,Do you want to report any condition deterioration for the base?,YES,nan,S-0676801,SRR-10527993,BRIN,TNESHEF,TNE,2,BRIN2,Civil Item
17/08/2022,40.0,8,BRIN2STECH,BRIN2STECH,GAN,nan,RVSGANAA,GANTRY S/S VISUAL INSPECTION,VICIVGA04,Rate condition of foundation (base),SUPERFICIAL/MINOR DETERIORATION,nan,S-0676801,SRR-10527994,BRIN,TNESHEF,TNE,2,BRIN2,Civil Item
17/08/2022,1.0,11,BRIN2STECH,BRIN2STECH,GAN,nan,RVSGANAA,GANTRY S/S VISUAL INSPECTION,VICIVGA06,Do you want to report any condition deterioration for the support structure?,YES,nan,S-0676801,SRR-10527996,BRIN,TNESHEF,TNE,2,BRIN2,Civil Item
17/08/2022,,12,BRIN2STECH,BRIN2STECH,GAN,nan,RVSGANAA,GANTRY S/S VISUAL INSPECTION,VICIVGA07,Is the asset support structure steel / concrete,CONCRETE,nan,S-0676801,SRR-10527997,BRIN,TNESHEF,TNE,2,BRIN2,Civil Item
17/08/2022,60.0,13,BRIN2STECH,BRIN2STECH,GAN,nan,RVSGANAA,GANTRY S/S VISUAL INSPECTION,VICIVGA17,Rate condition of the concrete asset support structure,EVIDENCE OF HEAVY DETERIORATION,nan,S-0676801,SRR-10527998,BRIN,TNESHEF,TNE,2,BRIN2,Civil Item
17/08/2022,1.0,18,BRIN2STECH,BRIN2STECH,GAN,nan,RVSGANAA,GANTRY S/S VISUAL INSPECTION,VICIVGA09,Do any of the earthing connections need reporting,YES,nan,S-0676801,SRR-10528000,BRIN,TNESHEF,TNE,2,BRIN2,Civil Item
17/08/2022,60.0,19,BRIN2STECH,BRIN2STECH,GAN,nan,RVSGANAA,GANTRY S/S VISUAL INSPECTION,VICIVGA10,Confirm integrity of the earthing connections,LOOSE/INSECURE,nan,S-0676801,SRR-10528001,BRIN,TNESHEF,TNE,2,BRIN2,Civil Item
17/08/2022,0.0,21,BRIN2STECH,BRIN2STECH,GAN,nan,RVSGANAA,GANTRY S/S VISUAL INSPECTION,VICIVGA11,Add details for another earthing connection,NO,nan,S-0676801,SRR-10528003,BRIN,TNESHEF,TNE,2,BRIN2,Civil Item
17/08/2022,0.0,23,BRIN2STECH,BRIN2STECH,GAN,nan,RVSGANAA,GANTRY S/S VISUAL INSPECTION,VICIVGA12,Does the asset body need reporting,NO,nan,S-0676801,SRR-10528004,BRIN,TNESHEF,TNE,2,BRIN2,Civil Item
17/08/2022,,5,BRIN2STECH,BRIN2STECH,GAN,nan,RVSGANAA,GANTRY S/S VISUAL INSPECTION,VICIVGA02,What is the number for the gantry?,nan,J:\HELPDESK\SITEDATA\Besw2.doc,S-0676801,SRR-10528006,BRIN,TNESHEF,TNE,2,BRIN2,Civil Item
17/08/2022,0.0,7,BRIN2STECH,BRIN2STECH,GAN,nan,RVSGANAA,GANTRY S/S VISUAL INSPECTION,VICIVGA03,Do you want to report any condition deterioration for the base?,NO,nan,S-0676801,SRR-10528007,BRIN,TNESHEF,TNE,2,BRIN2,Civil Item
17/08/2022,0.0,11,BRIN2STECH,BRIN2STECH,GAN,nan,RVSGANAA,GANTRY S/S VISUAL INSPECTION,VICIVGA06,Do you want to report any condition deterioration for the support structure?,NO,nan,S-0676801,SRR-10528009,BRIN,TNESHEF,TNE,2,BRIN2,Civil Item
17/08/2022,0.0,13,BRIN2STECH,BRIN2STECH,GAN,nan,RVSGANAA,GANTRY S/S VISUAL INSPECTION,VICIVGA17,Rate condition of the concrete asset support structure,"NO SIGNIFICANT DEFECT, AS GOOD AS NEW",nan,S-0676801,SRR-10528010,BRIN,TNESHEF,TNE,2,BRIN2,Civil Item
17/08/2022,0.0,18,BRIN2STECH,BRIN2STECH,GAN,nan,RVSGANAA,GANTRY S/S VISUAL INSPECTION,VICIVGA09,Do any of the earthing connections need reporting,NO,nan,S-0676801,SRR-10528011,BRIN,TNESHEF,TNE,2,BRIN2,Civil Item
17/08/2022,1.0,23,BRIN2STECH,BRIN2STECH,GAN,nan,RVSGANAA,GANTRY S/S VISUAL INSPECTION,VICIVGA12,Does the asset body need reporting,YES,nan,S-0676801,SRR-10528013,BRIN,TNESHEF,TNE,2,BRIN2,Civil Item
17/08/2022,60.0,26,BRIN2STECH,BRIN2STECH,GAN,nan,RVSGANAA,GANTRY S/S VISUAL INSPECTION,VICIVGA15,Rate the level of damage/cracking on the main body of the asset,EVIDENCE OF HEAVY DETERIORATION,nan,S-0676801,SRR-10528016,BRIN,TNESHEF,TNE,2,BRIN2,Civil Item
18/08/2022,,1,BRIN2SCARE,BRIN2SCARE,TRCH,nan,RVSCIVAA,TRENCH RD X S/S VISUAL INSECTION,VICIVTC05,Do you want to report Trench or crossing?,TRENCH,nan,S-0676967,SRR-10532119,BRIN,TNESHEF,TNE,1,BRIN2,Civil Item
18/08/2022,0.0,2,BRIN2SCARE,BRIN2SCARE,TRCH,nan,RVSCIVAA,TRENCH RD X S/S VISUAL INSECTION,VICIVTC02,Rate trench cover,"NO SIGNIFICANT DEFECT, AS GOOD AS NEW",nan,S-0676967,SRR-10532120,BRIN,TNESHEF,TNE,1,BRIN2,Civil Item
18/08/2022,,1,BRIN2SCARE,BRIN2SCARE,TRCH,nan,RVSCIVAA,TRENCH RD X S/S VISUAL INSECTION,VICIVTC05,Do you want to report Trench or crossing?,TRENCH,nan,S-0676976,SRR-10532294,BRIN,TNESHEF,TNE,1,BRIN2,Civil Item
18/08/2022,0.0,2,BRIN2SCARE,BRIN2SCARE,TRCH,nan,RVSCIVAA,TRENCH RD X S/S VISUAL INSECTION,VICIVTC02,Rate trench cover,"NO SIGNIFICANT DEFECT, AS GOOD AS NEW",nan,S-0676976,SRR-10532295,BRIN,TNESHEF,TNE,1,BRIN2,Civil Item
18/08/2022,,1,BRIN4SCARE,BRIN4SCARE,TRCH,nan,RVSCIVAA,TRENCH RD X S/S VISUAL INSECTION,VICIVTC05,Do you want to report Trench or crossing?,TRENCH,nan,S-0677302,SRR-10536038,BRIN,TNESHEF,TNE,1,BRIN4,Civil Item
18/08/2022,0.0,2,BRIN4SCARE,BRIN4SCARE,TRCH,nan,RVSCIVAA,TRENCH RD X S/S VISUAL INSECTION,VICIVTC02,Rate trench cover,"NO SIGNIFICANT DEFECT, AS GOOD AS NEW",nan,S-0677302,SRR-10536039,BRIN,TNESHEF,TNE,1,BRIN4,Civil Item
18/08/2022,,1,BRIN4SCARE,BRIN4SCARE,TRCH,nan,RVSCIVAA,TRENCH RD X S/S VISUAL INSECTION,VICIVTC05,Do you want to report Trench or crossing?,TRENCH,nan,S-0677327,SRR-10536557,BRIN,TNESHEF,TNE,1,BRIN4,Civil Item
18/08/2022,0.0,2,BRIN4SCARE,BRIN4SCARE,TRCH,nan,RVSCIVAA,TRENCH RD X S/S VISUAL INSECTION,VICIVTC02,Rate trench cover,"NO SIGNIFICANT DEFECT, AS GOOD AS NEW",nan,S-0677327,SRR-10536558,BRIN,TNESHEF,TNE,1,BRIN4,Civil Item
18/08/2022,,1,BRIN2SCARE,BRIN2SCARE,TRCH,nan,RVSCIVAA,TRENCH RD X S/S VISUAL INSECTION,VICIVTC05,Do you want to report Trench or crossing?,TRENCH,nan,S-0677337,SRR-10536733,BRIN,TNESHEF,TNE,1,BRIN2,Civil Item
18/08/2022,0.0,2,BRIN2SCARE,BRIN2SCARE,TRCH,nan,RVSCIVAA,TRENCH RD X S/S VISUAL INSECTION,VICIVTC02,Rate trench cover,"NO SIGNIFICANT DEFECT, AS GOOD AS NEW",nan,S-0677337,SRR-10536734,BRIN,TNESHEF,TNE,1,BRIN2,Civil Item
18/08/2022,,1,BRIN4SCARE,BRIN4SCARE,TRCH,nan,RVSCIVAA,TRENCH RD X S/S VISUAL INSECTION,VICIVTC05,Do you want to report Trench or crossing?,TRENCH,nan,S-0677342,SRR-10536822,BRIN,TNESHEF,TNE,1,BRIN4,Civil Item
18/08/2022,0.0,2,BRIN4SCARE,BRIN4SCARE,TRCH,nan,RVSCIVAA,TRENCH RD X S/S VISUAL INSECTION,VICIVTC02,Rate trench cover,"NO SIGNIFICANT DEFECT, AS GOOD AS NEW",nan,S-0677342,SRR-10536823,BRIN,TNESHEF,TNE,1,BRIN4,Civil Item
22/08/2022,,1,IRON4SCARE,IRON4SCARE,TRCH,nan,RVSCIVAA,TRENCH RD X S/S VISUAL INSECTION,VICIVTC05,Do you want to report Trench or crossing?,TRENCH,nan,S-0679265,SRR-10557380,IRON,TCNSTAF,TCN,1,IRON4,Civil Item
22/08/2022,40.0,2,IRON4SCARE,IRON4SCARE,TRCH,nan,RVSCIVAA,TRENCH RD X S/S VISUAL INSECTION,VICIVTC02,Rate trench cover,SUPERFICIAL/MINOR DETERIORATION,nan,S-0679265,SRR-10557381,IRON,TCNSTAF,TCN,1,IRON4,Civil Item
22/08/2022,,1,IRON4SCARE,IRON4SCARE,TRCH,nan,RVSCIVAA,TRENCH RD X S/S VISUAL INSECTION,VICIVTC05,Do you want to report Trench or crossing?,TRENCH,nan,S-0679265,SRR-10557383,IRON,TCNSTAF,TCN,1,IRON4,Civil Item
22/08/2022,40.0,2,IRON4SCARE,IRON4SCARE,TRCH,nan,RVSCIVAA,TRENCH RD X S/S VISUAL INSECTION,VICIVTC02,Rate trench cover,SUPERFICIAL/MINOR DETERIORATION,nan,S-0679265,SRR-10557385,IRON,TCNSTAF,TCN,1,IRON4,Civil Item
22/08/2022,,1,IRON4SCARE,IRON4SCARE,TRCH,nan,RVSCIVAA,TRENCH RD X S/S VISUAL INSECTION,VICIVTC05,Do you want to report Trench or crossing?,TRENCH,nan,S-0679265,SRR-10557387,IRON,TCNSTAF,TCN,1,IRON4,Civil Item
22/08/2022,80.0,2,IRON4SCARE,IRON4SCARE,TRCH,nan,RVSCIVAA,TRENCH RD X S/S VISUAL INSECTION,VICIVTC02,Rate trench cover,"ADVANCED, SEVERE DETERIORATION",nan,S-0679265,SRR-10557389,IRON,TCNSTAF,TCN,1,IRON4,Civil Item
22/08/2022,,1,IRON4SCARE,IRON4SCARE,TRCH,nan,RVSCIVAA,TRENCH RD X S/S VISUAL INSECTION,VICIVTC05,Do you want to report Trench or crossing?,TRENCH,nan,S-0679265,SRR-10557391,IRON,TCNSTAF,TCN,1,IRON4,Civil Item
22/08/2022,40.0,2,IRON4SCARE,IRON4SCARE,TRCH,nan,RVSCIVAA,TRENCH RD X S/S VISUAL INSECTION,VICIVTC02,Rate trench cover,SUPERFICIAL/MINOR DETERIORATION,nan,S-0679265,SRR-10557393,IRON,TCNSTAF,TCN,1,IRON4,Civil Item
22/08/2022,,1,IRON4SCARE,IRON4SCARE,TRCH,nan,RVSCIVAA,TRENCH RD X S/S VISUAL INSECTION,VICIVTC05,Do you want to report Trench or crossing?,TRENCH,nan,S-0679265,SRR-10557395,IRON,TCNSTAF,TCN,1,IRON4,Civil Item
22/08/2022,40.0,2,IRON4SCARE,IRON4SCARE,TRCH,nan,RVSCIVAA,TRENCH RD X S/S VISUAL INSECTION,VICIVTC02,Rate trench cover,SUPERFICIAL/MINOR DETERIORATION,nan,S-0679265,SRR-10557397,IRON,TCNSTAF,TCN,1,IRON4,Civil Item
22/08/2022,,1,IRON4SCARE,IRON4SCARE,TRCH,nan,RVSCIVAA,TRENCH RD X S/S VISUAL INSECTION,VICIVTC05,Do you want to report Trench or crossing?,TRENCH,nan,S-0679265,SRR-10557399,IRON,TCNSTAF,TCN,1,IRON4,Civil Item
22/08/2022,40.0,2,IRON4SCARE,IRON4SCARE,TRCH,nan,RVSCIVAA,TRENCH RD X S/S VISUAL INSECTION,VICIVTC02,Rate trench cover,SUPERFICIAL/MINOR DETERIORATION,nan,S-0679265,SRR-10557401,IRON,TCNSTAF,TCN,1,IRON4,Civil Item
22/08/2022,,1,IRON4SCARE,IRON4SCARE,TRCH,nan,RVSCIVAA,TRENCH RD X S/S VISUAL INSECTION,VICIVTC05,Do you want to report Trench or crossing?,TRENCH,nan,S-0679265,SRR-10557403,IRON,TCNSTAF,TCN,1,IRON4,Civil Item
22/08/2022,60.0,2,IRON4SCARE,IRON4SCARE,TRCH,nan,RVSCIVAA,TRENCH RD X S/S VISUAL INSECTION,VICIVTC02,Rate trench cover,EVIDENCE OF HEAVY DETERIORATION,nan,S-0679265,SRR-10557405,IRON,TCNSTAF,TCN,1,IRON4,Civil Item
22/08/2022,,1,IRON4SCARE,IRON4SCARE,TRCH,nan,RVSCIVAA,TRENCH RD X S/S VISUAL INSECTION,VICIVTC05,Do you want to report Trench or crossing?,TRENCH,nan,S-0679265,SRR-10557407,IRON,TCNSTAF,TCN,1,IRON4,Civil Item
22/08/2022,40.0,2,IRON4SCARE,IRON4SCARE,TRCH,nan,RVSCIVAA,TRENCH RD X S/S VISUAL INSECTION,VICIVTC02,Rate trench cover,SUPERFICIAL/MINOR DETERIORATION,nan,S-0679265,SRR-10557409,IRON,TCNSTAF,TCN,1,IRON4,Civil Item
22/08/2022,,1,IRON4SCARE,IRON4SCARE,TRCH,nan,RVSCIVAA,TRENCH RD X S/S VISUAL INSECTION,VICIVTC05,Do you want to report Trench or crossing?,TRENCH,nan,S-0679265,SRR-10557411,IRON,TCNSTAF,TCN,1,IRON4,Civil Item
22/08/2022,60.0,2,IRON4SCARE,IRON4SCARE,TRCH,nan,RVSCIVAA,TRENCH RD X S/S VISUAL INSECTION,VICIVTC02,Rate trench cover,EVIDENCE OF HEAVY DETERIORATION,nan,S-0679265,SRR-10557413,IRON,TCNSTAF,TCN,1,IRON4,Civil Item
22/08/2022,,1,IRON4SCARE,IRON4SCARE,TRCH,nan,RVSCIVAA,TRENCH RD X S/S VISUAL INSECTION,VICIVTC05,Do you want to report Trench or crossing?,TRENCH,nan,S-0679265,SRR-10557415,IRON,TCNSTAF,TCN,1,IRON4,Civil Item
22/08/2022,60.0,2,IRON4SCARE,IRON4SCARE,TRCH,nan,RVSCIVAA,TRENCH RD X S/S VISUAL INSECTION,VICIVTC02,Rate trench cover,EVIDENCE OF HEAVY DETERIORATION,nan,S-0679265,SRR-10557417,IRON,TCNSTAF,TCN,1,IRON4,Civil Item
22/08/2022,,1,IRON4SCARE,IRON4SCARE,TRCH,nan,RVSCIVAA,TRENCH RD X S/S VISUAL INSECTION,VICIVTC05,Do you want to report Trench or crossing?,TRENCH,nan,S-0679265,SRR-10557419,IRON,TCNSTAF,TCN,1,IRON4,Civil Item
22/08/2022,40.0,2,IRON4SCARE,IRON4SCARE,TRCH,nan,RVSCIVAA,TRENCH RD X S/S VISUAL INSECTION,VICIVTC02,Rate trench cover,SUPERFICIAL/MINOR DETERIORATION,nan,S-0679265,SRR-10557421,IRON,TCNSTAF,TCN,1,IRON4,Civil Item
22/08/2022,,1,IRON4SCARE,IRON4SCARE,TRCH,nan,RVSCIVAA,TRENCH RD X S/S VISUAL INSECTION,VICIVTC05,Do you want to report Trench or crossing?,TRENCH,nan,S-0679265,SRR-10557423,IRON,TCNSTAF,TCN,1,IRON4,Civil Item
22/08/2022,60.0,2,IRON4SCARE,IRON4SCARE,TRCH,nan,RVSCIVAA,TRENCH RD X S/S VISUAL INSECTION,VICIVTC02,Rate trench cover,EVIDENCE OF HEAVY DETERIORATION,nan,S-0679265,SRR-10557425,IRON,TCNSTAF,TCN,1,IRON4,Civil Item
22/08/2022,,1,IRON4SCARE,IRON4SCARE,TRCH,nan,RVSCIVAA,TRENCH RD X S/S VISUAL INSECTION,VICIVTC05,Do you want to report Trench or crossing?,TRENCH,nan,S-0679265,SRR-10557427,IRON,TCNSTAF,TCN,1,IRON4,Civil Item
22/08/2022,40.0,2,IRON4SCARE,IRON4SCARE,TRCH,nan,RVSCIVAA,TRENCH RD X S/S VISUAL INSECTION,VICIVTC02,Rate trench cover,SUPERFICIAL/MINOR DETERIORATION,nan,S-0679265,SRR-10557429,IRON,TCNSTAF,TCN,1,IRON4,Civil Item
23/08/2022,1.0,4,IRON4STECH,IRON4STECH,GAN,nan,RVSGANAA,GANTRY S/S VISUAL INSPECTION,VICIVGA01,Do you want to report any condition deterioration of the asset?,YES,nan,S-0679934,SRR-10563324,IRON,TCNSTAF,TCN,3,IRON4,Civil Item
22/08/2022,,1,IRON4SCARE,IRON4SCARE,TRCH,nan,RVSCIVAA,TRENCH RD X S/S VISUAL INSECTION,VICIVTC05,Do you want to report Trench or crossing?,TRENCH,nan,S-0679980,SRR-10564245,IRON,TCNSTAF,TCN,1,IRON4,Civil Item
22/08/2022,40.0,2,IRON4SCARE,IRON4SCARE,TRCH,nan,RVSCIVAA,TRENCH RD X S/S VISUAL INSECTION,VICIVTC02,Rate trench cover,SUPERFICIAL/MINOR DETERIORATION,nan,S-0679980,SRR-10564246,IRON,TCNSTAF,TCN,1,IRON4,Civil Item
22/08/2022,,1,IRON4SCARE,IRON4SCARE,TRCH,nan,RVSCIVAA,TRENCH RD X S/S VISUAL INSECTION,VICIVTC05,Do you want to report Trench or crossing?,TRENCH,nan,S-0679980,SRR-10564248,IRON,TCNSTAF,TCN,1,IRON4,Civil Item
22/08/2022,40.0,2,IRON4SCARE,IRON4SCARE,TRCH,nan,RVSCIVAA,TRENCH RD X S/S VISUAL INSECTION,VICIVTC02,Rate trench cover,SUPERFICIAL/MINOR DETERIORATION,nan,S-0679980,SRR-10564250,IRON,TCNSTAF,TCN,1,IRON4,Civil Item
22/08/2022,,1,IRON4SCARE,IRON4SCARE,TRCH,nan,RVSCIVAA,TRENCH RD X S/S VISUAL INSECTION,VICIVTC05,Do you want to report Trench or crossing?,TRENCH,nan,S-0679980,SRR-10564252,IRON,TCNSTAF,TCN,1,IRON4,Civil Item
22/08/2022,80.0,2,IRON4SCARE,IRON4SCARE,TRCH,nan,RVSCIVAA,TRENCH RD X S/S VISUAL INSECTION,VICIVTC02,Rate trench cover,"ADVANCED, SEVERE DETERIORATION",nan,S-0679980,SRR-10564254,IRON,TCNSTAF,TCN,1,IRON4,Civil Item
22/08/2022,,1,IRON4SCARE,IRON4SCARE,TRCH,nan,RVSCIVAA,TRENCH RD X S/S VISUAL INSECTION,VICIVTC05,Do you want to report Trench or crossing?,TRENCH,nan,S-0679980,SRR-10564256,IRON,TCNSTAF,TCN,1,IRON4,Civil Item
22/08/2022,40.0,2,IRON4SCARE,IRON4SCARE,TRCH,nan,RVSCIVAA,TRENCH RD X S/S VISUAL INSECTION,VICIVTC02,Rate trench cover,SUPERFICIAL/MINOR DETERIORATION,nan,S-0679980,SRR-10564258,IRON,TCNSTAF,TCN,1,IRON4,Civil Item
22/08/2022,,1,IRON4SCARE,IRON4SCARE,TRCH,nan,RVSCIVAA,TRENCH RD X S/S VISUAL INSECTION,VICIVTC05,Do you want to report Trench or crossing?,TRENCH,nan,S-0679980,SRR-10564260,IRON,TCNSTAF,TCN,1,IRON4,Civil Item
22/08/2022,40.0,2,IRON4SCARE,IRON4SCARE,TRCH,nan,RVSCIVAA,TRENCH RD X S/S VISUAL INSECTION,VICIVTC02,Rate trench cover,SUPERFICIAL/MINOR DETERIORATION,nan,S-0679980,SRR-10564262,IRON,TCNSTAF,TCN,1,IRON4,Civil Item
22/08/2022,,1,IRON4SCARE,IRON4SCARE,TRCH,nan,RVSCIVAA,TRENCH RD X S/S VISUAL INSECTION,VICIVTC05,Do you want to report Trench or crossing?,TRENCH,nan,S-0679980,SRR-10564264,IRON,TCNSTAF,TCN,1,IRON4,Civil Item
22/08/2022,40.0,2,IRON4SCARE,IRON4SCARE,TRCH,nan,RVSCIVAA,TRENCH RD X S/S VISUAL INSECTION,VICIVTC02,Rate trench cover,SUPERFICIAL/MINOR DETERIORATION,nan,S-0679980,SRR-10564266,IRON,TCNSTAF,TCN,1,IRON4,Civil Item
22/08/2022,,1,IRON4SCARE,IRON4SCARE,TRCH,nan,RVSCIVAA,TRENCH RD X S/S VISUAL INSECTION,VICIVTC05,Do you want to report Trench or crossing?,TRENCH,nan,S-0679980,SRR-10564268,IRON,TCNSTAF,TCN,1,IRON4,Civil Item
22/08/2022,60.0,2,IRON4SCARE,IRON4SCARE,TRCH,nan,RVSCIVAA,TRENCH RD X S/S VISUAL INSECTION,VICIVTC02,Rate trench cover,EVIDENCE OF HEAVY DETERIORATION,nan,S-0679980,SRR-10564270,IRON,TCNSTAF,TCN,1,IRON4,Civil Item
22/08/2022,,1,IRON4SCARE,IRON4SCARE,TRCH,nan,RVSCIVAA,TRENCH RD X S/S VISUAL INSECTION,VICIVTC05,Do you want to report Trench or crossing?,TRENCH,nan,S-0679980,SRR-10564272,IRON,TCNSTAF,TCN,1,IRON4,Civil Item
22/08/2022,40.0,2,IRON4SCARE,IRON4SCARE,TRCH,nan,RVSCIVAA,TRENCH RD X S/S VISUAL INSECTION,VICIVTC02,Rate trench cover,SUPERFICIAL/MINOR DETERIORATION,nan,S-0679980,SRR-10564274,IRON,TCNSTAF,TCN,1,IRON4,Civil Item
22/08/2022,,1,IRON4SCARE,IRON4SCARE,TRCH,nan,RVSCIVAA,TRENCH RD X S/S VISUAL INSECTION,VICIVTC05,Do you want to report Trench or crossing?,TRENCH,nan,S-0679980,SRR-10564276,IRON,TCNSTAF,TCN,1,IRON4,Civil Item
22/08/2022,60.0,2,IRON4SCARE,IRON4SCARE,TRCH,nan,RVSCIVAA,TRENCH RD X S/S VISUAL INSECTION,VICIVTC02,Rate trench cover,EVIDENCE OF HEAVY DETERIORATION,nan,S-0679980,SRR-10564278,IRON,TCNSTAF,TCN,1,IRON4,Civil Item
22/08/2022,,1,IRON4SCARE,IRON4SCARE,TRCH,nan,RVSCIVAA,TRENCH RD X S/S VISUAL INSECTION,VICIVTC05,Do you want to report Trench or crossing?,TRENCH,nan,S-0679980,SRR-10564280,IRON,TCNSTAF,TCN,1,IRON4,Civil Item
22/08/2022,60.0,2,IRON4SCARE,IRON4SCARE,TRCH,nan,RVSCIVAA,TRENCH RD X S/S VISUAL INSECTION,VICIVTC02,Rate trench cover,EVIDENCE OF HEAVY DETERIORATION,nan,S-0679980,SRR-10564282,IRON,TCNSTAF,TCN,1,IRON4,Civil Item
22/08/2022,,1,IRON4SCARE,IRON4SCARE,TRCH,nan,RVSCIVAA,TRENCH RD X S/S VISUAL INSECTION,VICIVTC05,Do you want to report Trench or crossing?,TRENCH,nan,S-0679980,SRR-10564284,IRON,TCNSTAF,TCN,1,IRON4,Civil Item
22/08/2022,40.0,2,IRON4SCARE,IRON4SCARE,TRCH,nan,RVSCIVAA,TRENCH RD X S/S VISUAL INSECTION,VICIVTC02,Rate trench cover,SUPERFICIAL/MINOR DETERIORATION,nan,S-0679980,SRR-10564286,IRON,TCNSTAF,TCN,1,IRON4,Civil Item
22/08/2022,,1,IRON4SCARE,IRON4SCARE,TRCH,nan,RVSCIVAA,TRENCH RD X S/S VISUAL INSECTION,VICIVTC05,Do you want to report Trench or crossing?,TRENCH,nan,S-0679980,SRR-10564288,IRON,TCNSTAF,TCN,1,IRON4,Civil Item
22/08/2022,60.0,2,IRON4SCARE,IRON4SCARE,TRCH,nan,RVSCIVAA,TRENCH RD X S/S VISUAL INSECTION,VICIVTC02,Rate trench cover,EVIDENCE OF HEAVY DETERIORATION,nan,S-0679980,SRR-10564290,IRON,TCNSTAF,TCN,1,IRON4,Civil Item
22/08/2022,,1,IRON4SCARE,IRON4SCARE,TRCH,nan,RVSCIVAA,TRENCH RD X S/S VISUAL INSECTION,VICIVTC05,Do you want to report Trench or crossing?,TRENCH,nan,S-0679980,SRR-10564292,IRON,TCNSTAF,TCN,1,IRON4,Civil Item
22/08/2022,40.0,2,IRON4SCARE,IRON4SCARE,TRCH,nan,RVSCIVAA,TRENCH RD X S/S VISUAL INSECTION,VICIVTC02,Rate trench cover,SUPERFICIAL/MINOR DETERIORATION,nan,S-0679980,SRR-10564294,IRON,TCNSTAF,TCN,1,IRON4,Civil Item
23/08/2022,,1,IRON1SCARE,IRON1SCARE,TRCH,nan,RVSCIVAA,TRENCH RD X S/S VISUAL INSECTION,VICIVTC05,Do you want to report Trench or crossing?,TRENCH,nan,S-0680387,SRR-10568039,IRON,TCNSTAF,TCN,1,IRON1,Civil Item
23/08/2022,0.0,2,IRON1SCARE,IRON1SCARE,TRCH,nan,RVSCIVAA,TRENCH RD X S/S VISUAL INSECTION,VICIVTC02,Rate trench cover,"NO SIGNIFICANT DEFECT, AS GOOD AS NEW",nan,S-0680387,SRR-10568040,IRON,TCNSTAF,TCN,1,IRON1,Civil Item
23/08/2022,,1,IRON1SCARE,IRON1SCARE,TRCH,nan,RVSCIVAA,TRENCH RD X S/S VISUAL INSECTION,VICIVTC05,Do you want to report Trench or crossing?,TRENCH,nan,S-0680387,SRR-10568042,IRON,TCNSTAF,TCN,1,IRON1,Civil Item
23/08/2022,40.0,2,IRON1SCARE,IRON1SCARE,TRCH,nan,RVSCIVAA,TRENCH RD X S/S VISUAL INSECTION,VICIVTC02,Rate trench cover,SUPERFICIAL/MINOR DETERIORATION,nan,S-0680387,SRR-10568044,IRON,TCNSTAF,TCN,1,IRON1,Civil Item
23/08/2022,,1,IRON1SCARE,IRON1SCARE,TRCH,nan,RVSCIVAA,TRENCH RD X S/S VISUAL INSECTION,VICIVTC05,Do you want to report Trench or crossing?,TRENCH,nan,S-0680387,SRR-10568046,IRON,TCNSTAF,TCN,1,IRON1,Civil Item
23/08/2022,40.0,2,IRON1SCARE,IRON1SCARE,TRCH,nan,RVSCIVAA,TRENCH RD X S/S VISUAL INSECTION,VICIVTC02,Rate trench cover,SUPERFICIAL/MINOR DETERIORATION,nan,S-0680387,SRR-10568048,IRON,TCNSTAF,TCN,1,IRON1,Civil Item
23/08/2022,,1,IRON1SCARE,IRON1SCARE,TRCH,nan,RVSCIVAA,TRENCH RD X S/S VISUAL INSECTION,VICIVTC05,Do you want to report Trench or crossing?,TRENCH,nan,S-0680387,SRR-10568050,IRON,TCNSTAF,TCN,1,IRON1,Civil Item
23/08/2022,40.0,2,IRON1SCARE,IRON1SCARE,TRCH,nan,RVSCIVAA,TRENCH RD X S/S VISUAL INSECTION,VICIVTC02,Rate trench cover,SUPERFICIAL/MINOR DETERIORATION,nan,S-0680387,SRR-10568052,IRON,TCNSTAF,TCN,1,IRON1,Civil Item
23/08/2022,,1,IRON1SCARE,IRON1SCARE,TRCH,nan,RVSCIVAA,TRENCH RD X S/S VISUAL INSECTION,VICIVTC05,Do you want to report Trench or crossing?,TRENCH,nan,S-0680387,SRR-10568054,IRON,TCNSTAF,TCN,1,IRON1,Civil Item
23/08/2022,40.0,2,IRON1SCARE,IRON1SCARE,TRCH,nan,RVSCIVAA,TRENCH RD X S/S VISUAL INSECTION,VICIVTC02,Rate trench cover,SUPERFICIAL/MINOR DETERIORATION,nan,S-0680387,SRR-10568056,IRON,TCNSTAF,TCN,1,IRON1,Civil Item
23/08/2022,,1,IRON1SCARE,IRON1SCARE,TRCH,nan,RVSCIVAA,TRENCH RD X S/S VISUAL INSECTION,VICIVTC05,Do you want to report Trench or crossing?,TRENCH,nan,S-0680387,SRR-10568058,IRON,TCNSTAF,TCN,1,IRON1,Civil Item
23/08/2022,40.0,2,IRON1SCARE,IRON1SCARE,TRCH,nan,RVSCIVAA,TRENCH RD X S/S VISUAL INSECTION,VICIVTC02,Rate trench cover,SUPERFICIAL/MINOR DETERIORATION,nan,S-0680387,SRR-10568060,IRON,TCNSTAF,TCN,1,IRON1,Civil Item
23/08/2022,0.0,4,IRON1STECH,IRON1STECH,GAN,nan,RVSGANAA,GANTRY S/S VISUAL INSPECTION,VICIVGA01,Do you want to report any condition deterioration of the asset?,NO,nan,S-0680492,SRR-10569590,IRON,TCNSTAF,TCN,3,IRON1,Civil Item
23/08/2022,1.0,4,IRON4STECH,IRON4STECH,GAN,nan,RVSGANAA,GANTRY S/S VISUAL INSPECTION,VICIVGA01,Do you want to report any condition deterioration of the asset?,YES,nan,S-0680546,SRR-10570088,IRON,TCNSTAF,TCN,3,IRON4,Civil Item
26/08/2022,,1,IRON1SCARE,IRON1SCARE,TRCH,nan,RVSCIVAA,TRENCH RD X S/S VISUAL INSECTION,VICIVTC05,Do you want to report Trench or crossing?,TRENCH,nan,S-0683049,SRR-10601212,IRON,TCNSTAF,TCN,1,IRON1,Civil Item
26/08/2022,0.0,2,IRON1SCARE,IRON1SCARE,TRCH,nan,RVSCIVAA,TRENCH RD X S/S VISUAL INSECTION,VICIVTC02,Rate trench cover,"NO SIGNIFICANT DEFECT, AS GOOD AS NEW",nan,S-0683049,SRR-10601213,IRON,TCNSTAF,TCN,1,IRON1,Civil Item
26/08/2022,,1,IRON1SCARE,IRON1SCARE,TRCH,nan,RVSCIVAA,TRENCH RD X S/S VISUAL INSECTION,VICIVTC05,Do you want to report Trench or crossing?,TRENCH,nan,S-0683061,SRR-10601374,IRON,TCNSTAF,TCN,1,IRON1,Civil Item
26/08/2022,0.0,2,IRON1SCARE,IRON1SCARE,TRCH,nan,RVSCIVAA,TRENCH RD X S/S VISUAL INSECTION,VICIVTC02,Rate trench cover,"NO SIGNIFICANT DEFECT, AS GOOD AS NEW",nan,S-0683061,SRR-10601375,IRON,TCNSTAF,TCN,1,IRON1,Civil Item
30/08/2022,,1,IRON4SCARE,IRON4SCARE,TRCH,nan,RVSCIVAA,TRENCH RD X S/S VISUAL INSECTION,VICIVTC05,Do you want to report Trench or crossing?,TRENCH,nan,S-0683822,SRR-10609807,IRON,TCNSTAF,TCN,1,IRON4,Civil Item
30/08/2022,0.0,2,IRON4SCARE,IRON4SCARE,TRCH,nan,RVSCIVAA,TRENCH RD X S/S VISUAL INSECTION,VICIVTC02,Rate trench cover,"NO SIGNIFICANT DEFECT, AS GOOD AS NEW",nan,S-0683822,SRR-10609808,IRON,TCNSTAF,TCN,1,IRON4,Civil Item
23/08/2022,1.0,4,IRON4STECH,IRON4STECH,GAN,nan,RVSGANAA,GANTRY S/S VISUAL INSPECTION,VICIVGA01,Do you want to report any condition deterioration of the asset?,YES,nan,S-0701180,SRR-10866921,IRON,TCNSTAF,TCN,3,IRON4,Civil Item
13/09/2022,,1,IRON1SCARE,IRON1SCARE,TRCH,nan,RVSCIVAA,TRENCH RD X S/S VISUAL INSECTION,VICIVTC05,Do you want to report Trench or crossing?,TRENCH,nan,S-0703232,SRR-10887742,IRON,TCNSTAF,TCN,3,IRON1,Civil Item
13/09/2022,0.0,2,IRON1SCARE,IRON1SCARE,TRCH,nan,RVSCIVAA,TRENCH RD X S/S VISUAL INSECTION,VICIVTC02,Rate trench cover,"NO SIGNIFICANT DEFECT, AS GOOD AS NEW",nan,S-0703232,SRR-10887743,IRON,TCNSTAF,TCN,3,IRON1,Civil Item
13/09/2022,,1,CELL4SCARE,CELL4SCARE,TRCH,nan,RVSCIVAA,TRENCH RD X S/S VISUAL INSECTION,VICIVTC05,Do you want to report Trench or crossing?,TRENCH,nan,S-0705352,SRR-10917157,CELL,TNWMANS,TNW,3,CELL4,Civil Item
13/09/2022,40.0,2,CELL4SCARE,CELL4SCARE,TRCH,nan,RVSCIVAA,TRENCH RD X S/S VISUAL INSECTION,VICIVTC02,Rate trench cover,SUPERFICIAL/MINOR DETERIORATION,nan,S-0705352,SRR-10917158,CELL,TNWMANS,TNW,3,CELL4,Civil Item
13/09/2022,,1,CELL4SCARE,CELL4SCARE,TRCH,nan,RVSCIVAA,TRENCH RD X S/S VISUAL INSECTION,VICIVTC05,Do you want to report Trench or crossing?,TRENCH,nan,S-0705352,SRR-10917161,CELL,TNWMANS,TNW,3,CELL4,Civil Item
13/09/2022,60.0,2,CELL4SCARE,CELL4SCARE,TRCH,nan,RVSCIVAA,TRENCH RD X S/S VISUAL INSECTION,VICIVTC02,Rate trench cover,EVIDENCE OF HEAVY DETERIORATION,nan,S-0705352,SRR-10917164,CELL,TNWMANS,TNW,3,CELL4,Civil Item
13/09/2022,,1,CELL4SCARE,CELL4SCARE,TRCH,nan,RVSCIVAA,TRENCH RD X S/S VISUAL INSECTION,VICIVTC05,Do you want to report Trench or crossing?,TRENCH,nan,S-0705352,SRR-10917166,CELL,TNWMANS,TNW,3,CELL4,Civil Item
13/09/2022,60.0,2,CELL4SCARE,CELL4SCARE,TRCH,nan,RVSCIVAA,TRENCH RD X S/S VISUAL INSECTION,VICIVTC02,Rate trench cover,EVIDENCE OF HEAVY DETERIORATION,nan,S-0705352,SRR-10917169,CELL,TNWMANS,TNW,3,CELL4,Civil Item
13/09/2022,,1,CELL4SCARE,CELL4SCARE,TRCH,nan,RVSCIVAA,TRENCH RD X S/S VISUAL INSECTION,VICIVTC05,Do you want to report Trench or crossing?,TRENCH,nan,S-0705352,SRR-10917171,CELL,TNWMANS,TNW,3,CELL4,Civil Item
13/09/2022,100.0,2,CELL4SCARE,CELL4SCARE,TRCH,nan,RVSCIVAA,TRENCH RD X S/S VISUAL INSECTION,VICIVTC02,Rate trench cover,"CRITICAL DETERIORATION, REPORT",nan,S-0705352,SRR-10917174,CELL,TNWMANS,TNW,3,CELL4,Civil Item
13/09/2022,,1,CELL4SCARE,CELL4SCARE,TRCH,nan,RVSCIVAA,TRENCH RD X S/S VISUAL INSECTION,VICIVTC05,Do you want to report Trench or crossing?,TRENCH,nan,S-0705476,SRR-10919407,CELL,TNWMANS,TNW,3,CELL4,Civil Item
13/09/2022,60.0,2,CELL4SCARE,CELL4SCARE,TRCH,nan,RVSCIVAA,TRENCH RD X S/S VISUAL INSECTION,VICIVTC02,Rate trench cover,EVIDENCE OF HEAVY DETERIORATION,nan,S-0705476,SRR-10919408,CELL,TNWMANS,TNW,3,CELL4,Civil Item
13/09/2022,,1,CELL4SCARE,CELL4SCARE,TRCH,nan,RVSCIVAA,TRENCH RD X S/S VISUAL INSECTION,VICIVTC05,Do you want to report Trench or crossing?,TRENCH,nan,S-0705476,SRR-10919411,CELL,TNWMANS,TNW,3,CELL4,Civil Item
13/09/2022,60.0,2,CELL4SCARE,CELL4SCARE,TRCH,nan,RVSCIVAA,TRENCH RD X S/S VISUAL INSECTION,VICIVTC02,Rate trench cover,EVIDENCE OF HEAVY DETERIORATION,nan,S-0705476,SRR-10919414,CELL,TNWMANS,TNW,3,CELL4,Civil Item
13/09/2022,,1,CELL4SCARE,CELL4SCARE,TRCH,nan,RVSCIVAA,TRENCH RD X S/S VISUAL INSECTION,VICIVTC05,Do you want to report Trench or crossing?,TRENCH,nan,S-0705476,SRR-10919416,CELL,TNWMANS,TNW,3,CELL4,Civil Item
13/09/2022,60.0,2,CELL4SCARE,CELL4SCARE,TRCH,nan,RVSCIVAA,TRENCH RD X S/S VISUAL INSECTION,VICIVTC02,Rate trench cover,EVIDENCE OF HEAVY DETERIORATION,nan,S-0705476,SRR-10919419,CELL,TNWMANS,TNW,3,CELL4,Civil Item
13/09/2022,,1,CELL4SCARE,CELL4SCARE,TRCH,nan,RVSCIVAA,TRENCH RD X S/S VISUAL INSECTION,VICIVTC05,Do you want to report Trench or crossing?,TRENCH,nan,S-0705476,SRR-10919421,CELL,TNWMANS,TNW,3,CELL4,Civil Item
13/09/2022,60.0,2,CELL4SCARE,CELL4SCARE,TRCH,nan,RVSCIVAA,TRENCH RD X S/S VISUAL INSECTION,VICIVTC02,Rate trench cover,EVIDENCE OF HEAVY DETERIORATION,nan,S-0705476,SRR-10919424,CELL,TNWMANS,TNW,3,CELL4,Civil Item
13/09/2022,,1,CELL4SCARE,CELL4SCARE,TRCH,nan,RVSCIVAA,TRENCH RD X S/S VISUAL INSECTION,VICIVTC05,Do you want to report Trench or crossing?,TRENCH,nan,S-0705476,SRR-10919426,CELL,TNWMANS,TNW,3,CELL4,Civil Item
13/09/2022,60.0,2,CELL4SCARE,CELL4SCARE,TRCH,nan,RVSCIVAA,TRENCH RD X S/S VISUAL INSECTION,VICIVTC02,Rate trench cover,EVIDENCE OF HEAVY DETERIORATION,nan,S-0705476,SRR-10919429,CELL,TNWMANS,TNW,3,CELL4,Civil Item
13/09/2022,,1,CELL4SCARE,CELL4SCARE,TRCH,nan,RVSCIVAA,TRENCH RD X S/S VISUAL INSECTION,VICIVTC05,Do you want to report Trench or crossing?,TRENCH,nan,S-0705476,SRR-10919431,CELL,TNWMANS,TNW,3,CELL4,Civil Item
13/09/2022,60.0,2,CELL4SCARE,CELL4SCARE,TRCH,nan,RVSCIVAA,TRENCH RD X S/S VISUAL INSECTION,VICIVTC02,Rate trench cover,EVIDENCE OF HEAVY DETERIORATION,nan,S-0705476,SRR-10919434,CELL,TNWMANS,TNW,3,CELL4,Civil Item
13/09/2022,,1,CELL4SCARE,CELL4SCARE,TRCH,nan,RVSCIVAA,TRENCH RD X S/S VISUAL INSECTION,VICIVTC05,Do you want to report Trench or crossing?,TRENCH,nan,S-0705476,SRR-10919436,CELL,TNWMANS,TNW,3,CELL4,Civil Item
13/09/2022,60.0,2,CELL4SCARE,CELL4SCARE,TRCH,nan,RVSCIVAA,TRENCH RD X S/S VISUAL INSECTION,VICIVTC02,Rate trench cover,EVIDENCE OF HEAVY DETERIORATION,nan,S-0705476,SRR-10919439,CELL,TNWMANS,TNW,3,CELL4,Civil Item
13/09/2022,,1,CELL4SCARE,CELL4SCARE,TRCH,nan,RVSCIVAA,TRENCH RD X S/S VISUAL INSECTION,VICIVTC05,Do you want to report Trench or crossing?,TRENCH,nan,S-0705476,SRR-10919441,CELL,TNWMANS,TNW,3,CELL4,Civil Item
13/09/2022,60.0,2,CELL4SCARE,CELL4SCARE,TRCH,nan,RVSCIVAA,TRENCH RD X S/S VISUAL INSECTION,VICIVTC02,Rate trench cover,EVIDENCE OF HEAVY DETERIORATION,nan,S-0705476,SRR-10919444,CELL,TNWMANS,TNW,3,CELL4,Civil Item
13/09/2022,,1,CELL4SCARE,CELL4SCARE,TRCH,nan,RVSCIVAA,TRENCH RD X S/S VISUAL INSECTION,VICIVTC05,Do you want to report Trench or crossing?,TRENCH,nan,S-0705476,SRR-10919446,CELL,TNWMANS,TNW,3,CELL4,Civil Item
13/09/2022,60.0,2,CELL4SCARE,CELL4SCARE,TRCH,nan,RVSCIVAA,TRENCH RD X S/S VISUAL INSECTION,VICIVTC02,Rate trench cover,EVIDENCE OF HEAVY DETERIORATION,nan,S-0705476,SRR-10919449,CELL,TNWMANS,TNW,3,CELL4,Civil Item
13/09/2022,,1,CELL4SCARE,CELL4SCARE,TRCH,nan,RVSCIVAA,TRENCH RD X S/S VISUAL INSECTION,VICIVTC05,Do you want to report Trench or crossing?,TRENCH,nan,S-0705476,SRR-10919451,CELL,TNWMANS,TNW,3,CELL4,Civil Item
13/09/2022,60.0,2,CELL4SCARE,CELL4SCARE,TRCH,nan,RVSCIVAA,TRENCH RD X S/S VISUAL INSECTION,VICIVTC02,Rate trench cover,EVIDENCE OF HEAVY DETERIORATION,nan,S-0705476,SRR-10919454,CELL,TNWMANS,TNW,3,CELL4,Civil Item
13/09/2022,,1,CELL4SCARE,CELL4SCARE,TRCH,nan,RVSCIVAA,TRENCH RD X S/S VISUAL INSECTION,VICIVTC05,Do you want to report Trench or crossing?,TRENCH,nan,S-0705476,SRR-10919456,CELL,TNWMANS,TNW,3,CELL4,Civil Item
13/09/2022,100.0,2,CELL4SCARE,CELL4SCARE,TRCH,nan,RVSCIVAA,TRENCH RD X S/S VISUAL INSECTION,VICIVTC02,Rate trench cover,"CRITICAL DETERIORATION, REPORT",nan,S-0705476,SRR-10919459,CELL,TNWMANS,TNW,3,CELL4,Civil Item
13/09/2022,,1,CELL4SCARE,CELL4SCARE,TRCH,nan,RVSCIVAA,TRENCH RD X S/S VISUAL INSECTION,VICIVTC05,Do you want to report Trench or crossing?,TRENCH,nan,S-0705476,SRR-10919461,CELL,TNWMANS,TNW,3,CELL4,Civil Item
13/09/2022,60.0,2,CELL4SCARE,CELL4SCARE,TRCH,nan,RVSCIVAA,TRENCH RD X S/S VISUAL INSECTION,VICIVTC02,Rate trench cover,EVIDENCE OF HEAVY DETERIORATION,nan,S-0705476,SRR-10919464,CELL,TNWMANS,TNW,3,CELL4,Civil Item
13/09/2022,,1,CELL4SCARE,CELL4SCARE,TRCH,nan,RVSCIVAA,TRENCH RD X S/S VISUAL INSECTION,VICIVTC05,Do you want to report Trench or crossing?,TRENCH,nan,S-0705476,SRR-10919466,CELL,TNWMANS,TNW,3,CELL4,Civil Item
13/09/2022,60.0,2,CELL4SCARE,CELL4SCARE,TRCH,nan,RVSCIVAA,TRENCH RD X S/S VISUAL INSECTION,VICIVTC02,Rate trench cover,EVIDENCE OF HEAVY DETERIORATION,nan,S-0705476,SRR-10919469,CELL,TNWMANS,TNW,3,CELL4,Civil Item
13/09/2022,,1,CELL1SCARE,CELL1SCARE,TRCH,nan,RVSCIVAA,TRENCH RD X S/S VISUAL INSECTION,VICIVTC05,Do you want to report Trench or crossing?,TRENCH,nan,S-0705626,SRR-10920484,CELL,TNWMANS,TNW,3,CELL1,Civil Item
13/09/2022,80.0,2,CELL1SCARE,CELL1SCARE,TRCH,nan,RVSCIVAA,TRENCH RD X S/S VISUAL INSECTION,VICIVTC02,Rate trench cover,"ADVANCED, SEVERE DETERIORATION",nan,S-0705626,SRR-10920485,CELL,TNWMANS,TNW,3,CELL1,Civil Item
13/09/2022,,1,CELL1SCARE,CELL1SCARE,TRCH,nan,RVSCIVAA,TRENCH RD X S/S VISUAL INSECTION,VICIVTC05,Do you want to report Trench or crossing?,TRENCH,nan,S-0705626,SRR-10920487,CELL,TNWMANS,TNW,3,CELL1,Civil Item
13/09/2022,40.0,2,CELL1SCARE,CELL1SCARE,TRCH,nan,RVSCIVAA,TRENCH RD X S/S VISUAL INSECTION,VICIVTC02,Rate trench cover,SUPERFICIAL/MINOR DETERIORATION,nan,S-0705626,SRR-10920490,CELL,TNWMANS,TNW,3,CELL1,Civil Item
13/09/2022,,1,CELL1SCARE,CELL1SCARE,TRCH,nan,RVSCIVAA,TRENCH RD X S/S VISUAL INSECTION,VICIVTC05,Do you want to report Trench or crossing?,TRENCH,nan,S-0705626,SRR-10920491,CELL,TNWMANS,TNW,3,CELL1,Civil Item
13/09/2022,40.0,2,CELL1SCARE,CELL1SCARE,TRCH,nan,RVSCIVAA,TRENCH RD X S/S VISUAL INSECTION,VICIVTC02,Rate trench cover,SUPERFICIAL/MINOR DETERIORATION,nan,S-0705626,SRR-10920494,CELL,TNWMANS,TNW,3,CELL1,Civil Item
13/09/2022,,1,CELL1SCARE,CELL1SCARE,TRCH,nan,RVSCIVAA,TRENCH RD X S/S VISUAL INSECTION,VICIVTC05,Do you want to report Trench or crossing?,TRENCH,nan,S-0705626,SRR-10920495,CELL,TNWMANS,TNW,3,CELL1,Civil Item
13/09/2022,40.0,2,CELL1SCARE,CELL1SCARE,TRCH,nan,RVSCIVAA,TRENCH RD X S/S VISUAL INSECTION,VICIVTC02,Rate trench cover,SUPERFICIAL/MINOR DETERIORATION,nan,S-0705626,SRR-10920498,CELL,TNWMANS,TNW,3,CELL1,Civil Item
13/09/2022,,1,CELL1SCARE,CELL1SCARE,TRCH,nan,RVSCIVAA,TRENCH RD X S/S VISUAL INSECTION,VICIVTC05,Do you want to report Trench or crossing?,TRENCH,nan,S-0705626,SRR-10920499,CELL,TNWMANS,TNW,3,CELL1,Civil Item
13/09/2022,40.0,2,CELL1SCARE,CELL1SCARE,TRCH,nan,RVSCIVAA,TRENCH RD X S/S VISUAL INSECTION,VICIVTC02,Rate trench cover,SUPERFICIAL/MINOR DETERIORATION,nan,S-0705626,SRR-10920502,CELL,TNWMANS,TNW,3,CELL1,Civil Item
13/09/2022,,1,CELL1SCARE,CELL1SCARE,TRCH,nan,RVSCIVAA,TRENCH RD X S/S VISUAL INSECTION,VICIVTC05,Do you want to report Trench or crossing?,TRENCH,nan,S-0705626,SRR-10920503,CELL,TNWMANS,TNW,3,CELL1,Civil Item
13/09/2022,80.0,2,CELL1SCARE,CELL1SCARE,TRCH,nan,RVSCIVAA,TRENCH RD X S/S VISUAL INSECTION,VICIVTC02,Rate trench cover,"ADVANCED, SEVERE DETERIORATION",nan,S-0705626,SRR-10920506,CELL,TNWMANS,TNW,3,CELL1,Civil Item
13/09/2022,,1,CELL1SCARE,CELL1SCARE,TRCH,nan,RVSCIVAA,TRENCH RD X S/S VISUAL INSECTION,VICIVTC05,Do you want to report Trench or crossing?,TRENCH,nan,S-0705626,SRR-10920507,CELL,TNWMANS,TNW,3,CELL1,Civil Item
13/09/2022,60.0,2,CELL1SCARE,CELL1SCARE,TRCH,nan,RVSCIVAA,TRENCH RD X S/S VISUAL INSECTION,VICIVTC02,Rate trench cover,EVIDENCE OF HEAVY DETERIORATION,nan,S-0705626,SRR-10920510,CELL,TNWMANS,TNW,3,CELL1,Civil Item
13/09/2022,,1,CELL1SCARE,CELL1SCARE,TRCH,nan,RVSCIVAA,TRENCH RD X S/S VISUAL INSECTION,VICIVTC05,Do you want to report Trench or crossing?,TRENCH,nan,S-0705626,SRR-10920517,CELL,TNWMANS,TNW,3,CELL1,Civil Item
13/09/2022,40.0,2,CELL1SCARE,CELL1SCARE,TRCH,nan,RVSCIVAA,TRENCH RD X S/S VISUAL INSECTION,VICIVTC02,Rate trench cover,SUPERFICIAL/MINOR DETERIORATION,nan,S-0705626,SRR-10920520,CELL,TNWMANS,TNW,3,CELL1,Civil Item
14/09/2022,1.0,4,CELL4STECH,CELL4STECH,GAN,nan,RVSGANAA,GANTRY S/S VISUAL INSPECTION,VICIVGA01,Do you want to report any condition deterioration of the asset?,YES,nan,S-0706851,SRR-10943298,CELL,TNWMANS,TNW,5,CELL4,Civil Item
14/09/2022,1.0,4,CELL4STECH,CELL4STECH,GAN,nan,RVSGANAA,GANTRY S/S VISUAL INSPECTION,VICIVGA01,Do you want to report any condition deterioration of the asset?,YES,nan,S-0706902,SRR-10944108,CELL,TNWMANS,TNW,5,CELL4,Civil Item
14/09/2022,1.0,4,CELL4STECH,CELL4STECH,GAN,nan,RVSGANAA,GANTRY S/S VISUAL INSPECTION,VICIVGA01,Do you want to report any condition deterioration of the asset?,YES,nan,S-0706975,SRR-10945376,CELL,TNWMANS,TNW,5,CELL4,Civil Item
14/09/2022,1.0,4,CELL1STECH,CELL1STECH,GAN,nan,RVSGANAA,GANTRY S/S VISUAL INSPECTION,VICIVGA01,Do you want to report any condition deterioration of the asset?,YES,nan,S-0707084,SRR-10946489,CELL,TNWMANS,TNW,5,CELL1,Civil Item
14/09/2022,1.0,4,CELL1STECH,CELL1STECH,GAN,nan,RVSGANAA,GANTRY S/S VISUAL INSPECTION,VICIVGA01,Do you want to report any condition deterioration of the asset?,YES,nan,S-0707424,SRR-10949723,CELL,TNWMANS,TNW,5,CELL1,Civil Item
14/09/2022,1.0,4,CELL1STECH,CELL1STECH,GAN,nan,RVSGANAA,GANTRY S/S VISUAL INSPECTION,VICIVGA01,Do you want to report any condition deterioration of the asset?,YES,nan,S-0707714,SRR-10953923,CELL,TNWMANS,TNW,5,CELL1,Civil Item
14/09/2022,1.0,4,CELL4STECH,CELL4STECH,GAN,nan,RVSGANAA,GANTRY S/S VISUAL INSPECTION,VICIVGA01,Do you want to report any condition deterioration of the asset?,YES,nan,S-0708310,SRR-10961186,CELL,TNWMANS,TNW,5,CELL4,Civil Item
19/09/2022,1.0,4,IRON4STECH,IRON4STECH,GAN,nan,RVSGANAA,GANTRY S/S VISUAL INSPECTION,VICIVGA01,Do you want to report any condition deterioration of the asset?,YES,nan,S-0713163,SRR-11038178,IRON,TCNSTAF,TCN,3,IRON4,Civil Item
21/09/2022,0.0,4,CELL1STECH,CELL1STECH,GAN,nan,RVSGANAA,GANTRY S/S VISUAL INSPECTION,VICIVGA01,Do you want to report any condition deterioration of the asset?,NO,nan,S-0718293,SRR-11089052,CELL,TNWMANS,TNW,6,CELL1,Civil Item
21/09/2022,,1,CELL1SCARE,CELL1SCARE,TRCH,nan,RVSCIVAA,TRENCH RD X S/S VISUAL INSECTION,VICIVTC05,Do you want to report Trench or crossing?,TRENCH,nan,S-0719754,SRR-11103756,CELL,TNWMANS,TNW,4,CELL1,Civil Item
21/09/2022,1.0,4,RUGE4STECH,RUGE4STECH,GAN,nan,RVSGANAA,GANTRY S/S VISUAL INSPECTION,VICIVGA01,Do you want to report any condition deterioration of the asset?,YES,nan,S-0719768,SRR-11103932,RUGE,TCNSTAF,TCN,6,RUGE4,Civil Item
21/09/2022,1.0,4,RUGE4STECH,RUGE4STECH,GAN,nan,RVSGANAA,GANTRY S/S VISUAL INSPECTION,VICIVGA01,Do you want to report any condition deterioration of the asset?,YES,nan,S-0720050,SRR-11106823,RUGE,TCNSTAF,TCN,6,RUGE4,Civil Item
21/09/2022,,1,CELL1SCARE,CELL1SCARE,TRCH,nan,RVSCIVAA,TRENCH RD X S/S VISUAL INSECTION,VICIVTC05,Do you want to report Trench or crossing?,TRENCH,nan,S-0720062,SRR-11107014,CELL,TNWMANS,TNW,4,CELL1,Civil Item
21/09/2022,,1,CELL1SCARE,CELL1SCARE,TRCH,nan,RVSCIVAA,TRENCH RD X S/S VISUAL INSECTION,VICIVTC05,Do you want to report Trench or crossing?,VEHICLE CROSSING,nan,S-0720080,SRR-11107304,CELL,TNWMANS,TNW,4,CELL1,Civil Item
22/09/2022,0.0,4,RUGE1STECH,RUGE1STECH,GAN,nan,RVSGANAA,GANTRY S/S VISUAL INSPECTION,VICIVGA01,Do you want to report any condition deterioration of the asset?,NO,nan,S-0722130,SRR-11128381,RUGE,TCNSTAF,TCN,6,RUGE1,Civil Item
22/09/2022,,1,RUGE1SCARE,RUGE1SCARE,TRCH,nan,RVSCIVAA,TRENCH RD X S/S VISUAL INSECTION,VICIVTC05,Do you want to report Trench or crossing?,TRENCH,nan,S-0722139,SRR-11128581,RUGE,TCNSTAF,TCN,4,RUGE1,Civil Item
22/09/2022,1.0,4,FLEE1STECH,FLEE1STECH,GAN,nan,RVSGANAA,GANTRY S/S VISUAL INSPECTION,VICIVGA01,Do you want to report any condition deterioration of the asset?,YES,nan,S-0722738,SRR-11135568,FLEE,TSWCHIL,TSW,6,FLEE1,Civil Item
22/09/2022,,1,FLEE4SCARE,FLEE4SCARE,TRCH,nan,RVSCIVAA,TRENCH RD X S/S VISUAL INSECTION,VICIVTC05,Do you want to report Trench or crossing?,TRENCH,nan,S-0722806,SRR-11136516,FLEE,TSWCHIL,TSW,4,FLEE4,Civil Item
22/09/2022,,1,FLEE4SCARE,FLEE4SCARE,TRCH,nan,RVSCIVAA,TRENCH RD X S/S VISUAL INSECTION,VICIVTC05,Do you want to report Trench or crossing?,TRENCH,nan,S-0722806,SRR-11136519,FLEE,TSWCHIL,TSW,4,FLEE4,Civil Item
22/09/2022,,1,FLEE4SCARE,FLEE4SCARE,TRCH,nan,RVSCIVAA,TRENCH RD X S/S VISUAL INSECTION,VICIVTC05,Do you want to report Trench or crossing?,TRENCH,nan,S-0722806,SRR-11136523,FLEE,TSWCHIL,TSW,4,FLEE4,Civil Item
22/09/2022,,1,FLEE4SCARE,FLEE4SCARE,TRCH,nan,RVSCIVAA,TRENCH RD X S/S VISUAL INSECTION,VICIVTC05,Do you want to report Trench or crossing?,TRENCH,nan,S-0722806,SRR-11136527,FLEE,TSWCHIL,TSW,4,FLEE4,Civil Item
22/09/2022,,1,FLEE4SCARE,FLEE4SCARE,TRCH,nan,RVSCIVAA,TRENCH RD X S/S VISUAL INSECTION,VICIVTC05,Do you want to report Trench or crossing?,TRENCH,nan,S-0722806,SRR-11136531,FLEE,TSWCHIL,TSW,4,FLEE4,Civil Item
22/09/2022,,1,FLEE4SCARE,FLEE4SCARE,TRCH,nan,RVSCIVAA,TRENCH RD X S/S VISUAL INSECTION,VICIVTC05,Do you want to report Trench or crossing?,TRENCH,nan,S-0722806,SRR-11136535,FLEE,TSWCHIL,TSW,4,FLEE4,Civil Item
22/09/2022,,1,FLEE4SCARE,FLEE4SCARE,TRCH,nan,RVSCIVAA,TRENCH RD X S/S VISUAL INSECTION,VICIVTC05,Do you want to report Trench or crossing?,TRENCH,nan,S-0722806,SRR-11136539,FLEE,TSWCHIL,TSW,4,FLEE4,Civil Item
22/09/2022,,1,FLEE4SCARE,FLEE4SCARE,TRCH,nan,RVSCIVAA,TRENCH RD X S/S VISUAL INSECTION,VICIVTC05,Do you want to report Trench or crossing?,TRENCH,nan,S-0722806,SRR-11136543,FLEE,TSWCHIL,TSW,4,FLEE4,Civil Item
22/09/2022,,1,FLEE4SCARE,FLEE4SCARE,TRCH,nan,RVSCIVAA,TRENCH RD X S/S VISUAL INSECTION,VICIVTC05,Do you want to report Trench or crossing?,TRENCH,nan,S-0722806,SRR-11136547,FLEE,TSWCHIL,TSW,4,FLEE4,Civil Item
22/09/2022,,1,FLEE4SCARE,FLEE4SCARE,TRCH,nan,RVSCIVAA,TRENCH RD X S/S VISUAL INSECTION,VICIVTC05,Do you want to report Trench or crossing?,TRENCH,nan,S-0722806,SRR-11136551,FLEE,TSWCHIL,TSW,4,FLEE4,Civil Item
22/09/2022,,1,FLEE4SCARE,FLEE4SCARE,TRCH,nan,RVSCIVAA,TRENCH RD X S/S VISUAL INSECTION,VICIVTC05,Do you want to report Trench or crossing?,TRENCH,nan,S-0722806,SRR-11136555,FLEE,TSWCHIL,TSW,4,FLEE4,Civil Item
22/09/2022,,1,FLEE4SCARE,FLEE4SCARE,TRCH,nan,RVSCIVAA,TRENCH RD X S/S VISUAL INSECTION,VICIVTC05,Do you want to report Trench or crossing?,TRENCH,nan,S-0722806,SRR-11136559,FLEE,TSWCHIL,TSW,4,FLEE4,Civil Item
22/09/2022,,1,FLEE4SCARE,FLEE4SCARE,TRCH,nan,RVSCIVAA,TRENCH RD X S/S VISUAL INSECTION,VICIVTC05,Do you want to report Trench or crossing?,TRENCH,nan,S-0722806,SRR-11136563,FLEE,TSWCHIL,TSW,4,FLEE4,Civil Item
22/09/2022,0.0,4,FLEE4STECH,FLEE4STECH,GAN,nan,RVSGANAA,GANTRY S/S VISUAL INSPECTION,VICIVGA01,Do you want to report any condition deterioration of the asset?,NO,nan,S-0723571,SRR-11142715,FLEE,TSWCHIL,TSW,6,FLEE4,Civil Item
22/09/2022,,1,DRAX1SCARE,DRAX1SCARE,TRCH,nan,RVSCIVAA,TRENCH RD X S/S VISUAL INSECTION,VICIVTC05,Do you want to report Trench or crossing?,TRENCH,nan,S-0723617,SRR-11143038,DRAX,TNENHUM,TNE,4,DRAX1,Civil Item
22/09/2022,1.0,4,DRAX1STECH,DRAX1STECH,GAN,nan,RVSGANAA,GANTRY S/S VISUAL INSPECTION,VICIVGA01,Do you want to report any condition deterioration of the asset?,YES,nan,S-0723745,SRR-11144116,DRAX,TNENHUM,TNE,6,DRAX1,Civil Item
23/09/2022,,1,DRAX1SCARE,DRAX1SCARE,TRCH,nan,RVSCIVAA,TRENCH RD X S/S VISUAL INSECTION,VICIVTC05,Do you want to report Trench or crossing?,TRENCH,nan,S-0724156,SRR-11150348,DRAX,TNENHUM,TNE,4,DRAX1,Civil Item
23/09/2022,0.0,4,DRAX1STECH,DRAX1STECH,GAN,nan,RVSGANAA,GANTRY S/S VISUAL INSPECTION,VICIVGA01,Do you want to report any condition deterioration of the asset?,NO,nan,S-0724190,SRR-11150911,DRAX,TNENHUM,TNE,6,DRAX1,Civil Item
23/09/2022,,1,CELL4SCARE,CELL4SCARE,TRCH,nan,RVSCIVAA,TRENCH RD X S/S VISUAL INSECTION,VICIVTC05,Do you want to report Trench or crossing?,TRENCH,nan,S-0724518,SRR-11155993,CELL,TNWMANS,TNW,4,CELL4,Civil Item
23/09/2022,,1,CELL4SCARE,CELL4SCARE,TRCH,nan,RVSCIVAA,TRENCH RD X S/S VISUAL INSECTION,VICIVTC05,Do you want to report Trench or crossing?,VEHICLE CROSSING,nan,S-0724531,SRR-11156207,CELL,TNWMANS,TNW,4,CELL4,Civil Item
23/09/2022,1.0,4,DRAX4STECH,DRAX4STECH,GAN,nan,RVSGANAA,GANTRY S/S VISUAL INSPECTION,VICIVGA01,Do you want to report any condition deterioration of the asset?,YES,nan,S-0724914,SRR-11162447,DRAX,TNENHUM,TNE,6,DRAX4,Civil Item
23/09/2022,1.0,4,DRAX4STECH,DRAX4STECH,GAN,nan,RVSGANAA,GANTRY S/S VISUAL INSPECTION,VICIVGA01,Do you want to report any condition deterioration of the asset?,YES,nan,S-0725081,SRR-11164461,DRAX,TNENHUM,TNE,6,DRAX4,Civil Item
23/09/2022,,1,DRAX1SCARE,DRAX1SCARE,TRCH,nan,RVSCIVAA,TRENCH RD X S/S VISUAL INSECTION,VICIVTC05,Do you want to report Trench or crossing?,TRENCH,nan,S-0725090,SRR-11164968,DRAX,TNENHUM,TNE,4,DRAX1,Civil Item
26/09/2022,,1,RUGE4SCARE,RUGE4SCARE,TRCH,nan,RVSCIVAA,TRENCH RD X S/S VISUAL INSECTION,VICIVTC05,Do you want to report Trench or crossing?,TRENCH,nan,S-0727530,SRR-11191923,RUGE,TCNSTAF,TCN,4,RUGE4,Civil Item
26/09/2022,,1,RUGE4SCARE,RUGE4SCARE,TRCH,nan,RVSCIVAA,TRENCH RD X S/S VISUAL INSECTION,VICIVTC05,Do you want to report Trench or crossing?,VEHICLE CROSSING,nan,S-0727540,SRR-11192074,RUGE,TCNSTAF,TCN,4,RUGE4,Civil Item
26/09/2022,,1,RUGE4SCARE,RUGE4SCARE,TRCH,nan,RVSCIVAA,TRENCH RD X S/S VISUAL INSECTION,VICIVTC05,Do you want to report Trench or crossing?,TRENCH,nan,S-0727553,SRR-11192297,RUGE,TCNSTAF,TCN,4,RUGE4,Civil Item
26/09/2022,,1,RUGE1SCARE,RUGE1SCARE,TRCH,nan,RVSCIVAA,TRENCH RD X S/S VISUAL INSECTION,VICIVTC05,Do you want to report Trench or crossing?,TRENCH,nan,S-0727740,SRR-11194889,RUGE,TCNSTAF,TCN,4,RUGE1,Civil Item
26/09/2022,,1,RUGE1SCARE,RUGE1SCARE,TRCH,nan,RVSCIVAA,TRENCH RD X S/S VISUAL INSECTION,VICIVTC05,Do you want to report Trench or crossing?,TRENCH,nan,S-0727750,SRR-11195040,RUGE,TCNSTAF,TCN,4,RUGE1,Civil Item
26/09/2022,,1,RUGE1SCARE,RUGE1SCARE,TRCH,nan,RVSCIVAA,TRENCH RD X S/S VISUAL INSECTION,VICIVTC05,Do you want to report Trench or crossing?,VEHICLE CROSSING,nan,S-0727761,SRR-11195193,RUGE,TCNSTAF,TCN,4,RUGE1,Civil Item
26/09/2022,,1,FLEE4SCARE,FLEE4SCARE,TRCH,nan,RVSCIVAA,TRENCH RD X S/S VISUAL INSECTION,VICIVTC05,Do you want to report Trench or crossing?,TRENCH,nan,S-0728714,SRR-11204077,FLEE,TSWCHIL,TSW,4,FLEE4,Civil Item
26/09/2022,,1,FLEE4SCARE,FLEE4SCARE,TRCH,nan,RVSCIVAA,TRENCH RD X S/S VISUAL INSECTION,VICIVTC05,Do you want to report Trench or crossing?,VEHICLE CROSSING,nan,S-0728725,SRR-11204234,FLEE,TSWCHIL,TSW,4,FLEE4,Civil Item
26/09/2022,,1,FLEE4SCARE,FLEE4SCARE,TRCH,nan,RVSCIVAA,TRENCH RD X S/S VISUAL INSECTION,VICIVTC05,Do you want to report Trench or crossing?,VEHICLE CROSSING,nan,S-0728738,SRR-11204415,FLEE,TSWCHIL,TSW,4,FLEE4,Civil Item
26/09/2022,,1,FLEE1SCARE,FLEE1SCARE,TRCH,nan,RVSCIVAA,TRENCH RD X S/S VISUAL INSECTION,VICIVTC05,Do you want to report Trench or crossing?,TRENCH,nan,S-0729213,SRR-11211308,FLEE,TSWCHIL,TSW,4,FLEE1,Civil Item
26/09/2022,,1,FLEE1SCARE,FLEE1SCARE,TRCH,nan,RVSCIVAA,TRENCH RD X S/S VISUAL INSECTION,VICIVTC05,Do you want to report Trench or crossing?,TRENCH,nan,S-0729230,SRR-11211539,FLEE,TSWCHIL,TSW,4,FLEE1,Civil Item
26/09/2022,,1,FLEE1SCARE,FLEE1SCARE,TRCH,nan,RVSCIVAA,TRENCH RD X S/S VISUAL INSECTION,VICIVTC05,Do you want to report Trench or crossing?,TRENCH,nan,S-0729255,SRR-11211766,FLEE,TSWCHIL,TSW,4,FLEE1,Civil Item
26/09/2022,,1,DRAX4SCARE,DRAX4SCARE,TRCH,nan,RVSCIVAA,TRENCH RD X S/S VISUAL INSECTION,VICIVTC05,Do you want to report Trench or crossing?,TRENCH,nan,S-0729486,SRR-11215689,DRAX,TNENHUM,TNE,4,DRAX4,Civil Item
13/10/2022,,1,DRAX1SCARE,DRAX1SCARE,TRCH,nan,RVSCIVAA,TRENCH RD X S/S VISUAL INSECTION,VICIVTC05,Do you want to report Trench or crossing?,TRENCH,nan,S-0770954,SRR-11771006,DRAX,TNENHUM,TNE,4,DRAX1,Civil Item
13/10/2022,,1,DRAX4SCARE,DRAX4SCARE,TRCH,nan,RVSCIVAA,TRENCH RD X S/S VISUAL INSECTION,VICIVTC05,Do you want to report Trench or crossing?,TRENCH,nan,S-0771010,SRR-11772411,DRAX,TNENHUM,TNE,4,DRAX4,Civil Item
13/10/2022,,1,DRAX4SCARE,DRAX4SCARE,TRCH,nan,RVSCIVAA,TRENCH RD X S/S VISUAL INSECTION,VICIVTC05,Do you want to report Trench or crossing?,TRENCH,nan,S-0771013,SRR-11772580,DRAX,TNENHUM,TNE,4,DRAX4,Civil Item
13/10/2022,,1,DRAX4SCARE,DRAX4SCARE,TRCH,nan,RVSCIVAA,TRENCH RD X S/S VISUAL INSECTION,VICIVTC05,Do you want to report Trench or crossing?,TRENCH,nan,S-0771029,SRR-11772777,DRAX,TNENHUM,TNE,4,DRAX4,Civil Item
08/11/2022,,1,WILE4SCARE,WILE4SCARE,TRCH,nan,RVSCIVAA,TRENCH RD X S/S VISUAL INSECTION,VICIVTC05,Do you want to report Trench or crossing?,TRENCH,nan,S-0826423,SRR-12650923,WILE,TCNDERB,TCN,5,WILE4,Civil Item
08/11/2022,,1,WILE4SCARE,WILE4SCARE,TRCH,nan,RVSCIVAA,TRENCH RD X S/S VISUAL INSECTION,VICIVTC05,Do you want to report Trench or crossing?,TRENCH,nan,S-0826423,SRR-12650926,WILE,TCNDERB,TCN,5,WILE4,Civil Item
08/11/2022,,1,WILE4SCARE,WILE4SCARE,TRCH,nan,RVSCIVAA,TRENCH RD X S/S VISUAL INSECTION,VICIVTC05,Do you want to report Trench or crossing?,TRENCH,nan,S-0826423,SRR-12650929,WILE,TCNDERB,TCN,5,WILE4,Civil Item
08/11/2022,,1,WILE4SCARE,WILE4SCARE,TRCH,nan,RVSCIVAA,TRENCH RD X S/S VISUAL INSECTION,VICIVTC05,Do you want to report Trench or crossing?,TRENCH,nan,S-0826423,SRR-12650932,WILE,TCNDERB,TCN,5,WILE4,Civil Item
08/11/2022,1.0,4,WILE4STECH,WILE4STECH,GAN,nan,RVSGANAA,GANTRY S/S VISUAL INSPECTION,VICIVGA01,Do you want to report any condition deterioration of the asset?,YES,nan,S-0826528,SRR-12652170,WILE,TCNDERB,TCN,10,WILE4,Civil Item
09/11/2022,,1,WILL1SCARE,WILL1SCARE,TRCH,nan,RVSCIVAA,TRENCH RD X S/S VISUAL INSECTION,VICIVTC05,Do you want to report Trench or crossing?,TRENCH,nan,S-0828331,SRR-12692793,WILL,TCNDERB,TCN,5,WILL1,Civil Item
09/11/2022,,1,WILL1SCARE,WILL1SCARE,TRCH,nan,RVSCIVAA,TRENCH RD X S/S VISUAL INSECTION,VICIVTC05,Do you want to report Trench or crossing?,TRENCH,nan,S-0828331,SRR-12692796,WILL,TCNDERB,TCN,5,WILL1,Civil Item
09/11/2022,,1,WILL1SCARE,WILL1SCARE,TRCH,nan,RVSCIVAA,TRENCH RD X S/S VISUAL INSECTION,VICIVTC05,Do you want to report Trench or crossing?,TRENCH,nan,S-0828331,SRR-12692799,WILL,TCNDERB,TCN,5,WILL1,Civil Item
09/11/2022,,1,WILL1SCARE,WILL1SCARE,TRCH,nan,RVSCIVAA,TRENCH RD X S/S VISUAL INSECTION,VICIVTC05,Do you want to report Trench or crossing?,TRENCH,nan,S-0828331,SRR-12692802,WILL,TCNDERB,TCN,5,WILL1,Civil Item
09/11/2022,,1,WILL1SCARE,WILL1SCARE,TRCH,nan,RVSCIVAA,TRENCH RD X S/S VISUAL INSECTION,VICIVTC05,Do you want to report Trench or crossing?,TRENCH,nan,S-0828331,SRR-12692805,WILL,TCNDERB,TCN,5,WILL1,Civil Item
09/11/2022,,1,WILL1SCARE,WILL1SCARE,TRCH,nan,RVSCIVAA,TRENCH RD X S/S VISUAL INSECTION,VICIVTC05,Do you want to report Trench or crossing?,TRENCH,nan,S-0828331,SRR-12692808,WILL,TCNDERB,TCN,5,WILL1,Civil Item
09/11/2022,,1,WILL1SCARE,WILL1SCARE,TRCH,nan,RVSCIVAA,TRENCH RD X S/S VISUAL INSECTION,VICIVTC05,Do you want to report Trench or crossing?,TRENCH,nan,S-0828331,SRR-12692811,WILL,TCNDERB,TCN,5,WILL1,Civil Item
09/11/2022,,1,WILL1SCARE,WILL1SCARE,TRCH,nan,RVSCIVAA,TRENCH RD X S/S VISUAL INSECTION,VICIVTC05,Do you want to report Trench or crossing?,TRENCH,nan,S-0828331,SRR-12692814,WILL,TCNDERB,TCN,5,WILL1,Civil Item
09/11/2022,,1,WILL1SCARE,WILL1SCARE,TRCH,nan,RVSCIVAA,TRENCH RD X S/S VISUAL INSECTION,VICIVTC05,Do you want to report Trench or crossing?,TRENCH,nan,S-0828331,SRR-12692817,WILL,TCNDERB,TCN,5,WILL1,Civil Item
09/11/2022,,1,WILL1SCARE,WILL1SCARE,TRCH,nan,RVSCIVAA,TRENCH RD X S/S VISUAL INSECTION,VICIVTC05,Do you want to report Trench or crossing?,TRENCH,nan,S-0828331,SRR-12692820,WILL,TCNDERB,TCN,5,WILL1,Civil Item
09/11/2022,,1,WILL1SCARE,WILL1SCARE,TRCH,nan,RVSCIVAA,TRENCH RD X S/S VISUAL INSECTION,VICIVTC05,Do you want to report Trench or crossing?,TRENCH,nan,S-0828331,SRR-12692823,WILL,TCNDERB,TCN,5,WILL1,Civil Item
09/11/2022,,1,WILL1SCARE,WILL1SCARE,TRCH,nan,RVSCIVAA,TRENCH RD X S/S VISUAL INSECTION,VICIVTC05,Do you want to report Trench or crossing?,TRENCH,nan,S-0828331,SRR-12692826,WILL,TCNDERB,TCN,5,WILL1,Civil Item
09/11/2022,,1,WILL1SCARE,WILL1SCARE,TRCH,nan,RVSCIVAA,TRENCH RD X S/S VISUAL INSECTION,VICIVTC05,Do you want to report Trench or crossing?,TRENCH,nan,S-0828331,SRR-12692829,WILL,TCNDERB,TCN,5,WILL1,Civil Item
09/11/2022,,1,WILL1SCARE,WILL1SCARE,TRCH,nan,RVSCIVAA,TRENCH RD X S/S VISUAL INSECTION,VICIVTC05,Do you want to report Trench or crossing?,TRENCH,nan,S-0828331,SRR-12692832,WILL,TCNDERB,TCN,5,WILL1,Civil Item
09/11/2022,,1,WILL1SCARE,WILL1SCARE,TRCH,nan,RVSCIVAA,TRENCH RD X S/S VISUAL INSECTION,VICIVTC05,Do you want to report Trench or crossing?,TRENCH,nan,S-0828331,SRR-12692835,WILL,TCNDERB,TCN,5,WILL1,Civil Item
09/11/2022,,1,WILL1SCARE,WILL1SCARE,TRCH,nan,RVSCIVAA,TRENCH RD X S/S VISUAL INSECTION,VICIVTC05,Do you want to report Trench or crossing?,TRENCH,nan,S-0828331,SRR-12692838,WILL,TCNDERB,TCN,5,WILL1,Civil Item
09/11/2022,,1,WILL1SCARE,WILL1SCARE,TRCH,nan,RVSCIVAA,TRENCH RD X S/S VISUAL INSECTION,VICIVTC05,Do you want to report Trench or crossing?,TRENCH,nan,S-0828331,SRR-12692841,WILL,TCNDERB,TCN,5,WILL1,Civil Item
09/11/2022,,1,WILL1SCARE,WILL1SCARE,TRCH,nan,RVSCIVAA,TRENCH RD X S/S VISUAL INSECTION,VICIVTC05,Do you want to report Trench or crossing?,TRENCH,nan,S-0828331,SRR-12692844,WILL,TCNDERB,TCN,5,WILL1,Civil Item
10/11/2022,1.0,4,WILL1STECH,WILL1STECH,GAN,nan,RVSGANAA,GANTRY S/S VISUAL INSPECTION,VICIVGA01,Do you want to report any condition deterioration of the asset?,YES,nan,S-0829437,SRR-12722262,WILL,TCNDERB,TCN,10,WILL1,Civil Item
10/11/2022,1.0,4,WILL1STECH,WILL1STECH,GAN,nan,RVSGANAA,GANTRY S/S VISUAL INSPECTION,VICIVGA01,Do you want to report any condition deterioration of the asset?,YES,nan,S-0829438,SRR-12722288,WILL,TCNDERB,TCN,10,WILL1,Civil Item
10/11/2022,1.0,4,WILL1STECH,WILL1STECH,GAN,nan,RVSGANAA,GANTRY S/S VISUAL INSPECTION,VICIVGA01,Do you want to report any condition deterioration of the asset?,YES,nan,S-0829452,SRR-12722811,WILL,TCNDERB,TCN,10,WILL1,Civil Item
10/11/2022,0.0,4,WILE4STECH,WILE4STECH,GAN,nan,RVSGANAA,GANTRY S/S VISUAL INSPECTION,VICIVGA01,Do you want to report any condition deterioration of the asset?,NO,nan,S-0829484,SRR-12723234,WILE,TCNDERB,TCN,10,WILE4,Civil Item
10/11/2022,,1,WILE4SCARE,WILE4SCARE,TRCH,nan,RVSCIVAA,TRENCH RD X S/S VISUAL INSECTION,VICIVTC05,Do you want to report Trench or crossing?,TRENCH,nan,S-0829529,SRR-12723835,WILE,TCNDERB,TCN,5,WILE4,Civil Item
11/11/2022,,1,WILE4SCARE,WILE4SCARE,TRCH,nan,RVSCIVAA,TRENCH RD X S/S VISUAL INSECTION,VICIVTC05,Do you want to report Trench or crossing?,TRENCH,nan,S-0831723,SRR-12770956,WILE,TCNDERB,TCN,5,WILE4,Civil Item
11/11/2022,,1,WILE4SCARE,WILE4SCARE,TRCH,nan,RVSCIVAA,TRENCH RD X S/S VISUAL INSECTION,VICIVTC05,Do you want to report Trench or crossing?,TRENCH,nan,S-0831736,SRR-12771196,WILE,TCNDERB,TCN,5,WILE4,Civil Item
11/11/2022,,1,WILL1SCARE,WILL1SCARE,TRCH,nan,RVSCIVAA,TRENCH RD X S/S VISUAL INSECTION,VICIVTC05,Do you want to report Trench or crossing?,TRENCH,nan,S-0831744,SRR-12771381,WILL,TCNDERB,TCN,5,WILL1,Civil Item
11/11/2022,,1,WILL1SCARE,WILL1SCARE,TRCH,nan,RVSCIVAA,TRENCH RD X S/S VISUAL INSECTION,VICIVTC05,Do you want to report Trench or crossing?,TRENCH,nan,S-0831749,SRR-12771479,WILL,TCNDERB,TCN,5,WILL1,Civil Item
11/11/2022,,1,WILL1SCARE,WILL1SCARE,TRCH,nan,RVSCIVAA,TRENCH RD X S/S VISUAL INSECTION,VICIVTC05,Do you want to report Trench or crossing?,TRENCH,nan,S-0831753,SRR-12771546,WILL,TCNDERB,TCN,5,WILL1,Civil Item
15/11/2022,,1,KEAD4SCARE,KEAD4SCARE,TRCH,nan,RVSCIVAA,TRENCH RD X S/S VISUAL INSECTION,VICIVTC05,Do you want to report Trench or crossing?,VEHICLE CROSSING,nan,S-0836832,SRR-12886981,KEAD,TNESHUM,TNE,5,KEAD4,Civil Item
15/11/2022,,1,KEAD4SCARE,KEAD4SCARE,TRCH,nan,RVSCIVAA,TRENCH RD X S/S VISUAL INSECTION,VICIVTC05,Do you want to report Trench or crossing?,TRENCH,nan,S-0836832,SRR-12886984,KEAD,TNESHUM,TNE,5,KEAD4,Civil Item
15/11/2022,0.0,4,KEAD4STECH,KEAD4STECH,GAN,nan,RVSGANAA,GANTRY S/S VISUAL INSPECTION,VICIVGA01,Do you want to report any condition deterioration of the asset?,NO,nan,S-0836845,SRR-12887134,KEAD,TNESHUM,TNE,10,KEAD4,Civil Item
15/11/2022,0.0,4,KEAD4STECH,KEAD4STECH,GAN,nan,RVSGANAA,GANTRY S/S VISUAL INSPECTION,VICIVGA01,Do you want to report any condition deterioration of the asset?,NO,nan,S-0837361,SRR-12897217,KEAD,TNESHUM,TNE,10,KEAD4,Civil Item
15/11/2022,,1,KEAD4SCARE,KEAD4SCARE,TRCH,nan,RVSCIVAA,TRENCH RD X S/S VISUAL INSECTION,VICIVTC05,Do you want to report Trench or crossing?,TRENCH,nan,S-0837386,SRR-12897388,KEAD,TNESHUM,TNE,5,KEAD4,Civil Item
15/11/2022,,1,KEAD4SCARE,KEAD4SCARE,TRCH,nan,RVSCIVAA,TRENCH RD X S/S VISUAL INSECTION,VICIVTC05,Do you want to report Trench or crossing?,TRENCH,nan,S-0837386,SRR-12897391,KEAD,TNESHUM,TNE,5,KEAD4,Civil Item
15/11/2022,,1,KEAD4SCARE,KEAD4SCARE,TRCH,nan,RVSCIVAA,TRENCH RD X S/S VISUAL INSECTION,VICIVTC05,Do you want to report Trench or crossing?,TRENCH,nan,S-0837386,SRR-12897394,KEAD,TNESHUM,TNE,5,KEAD4,Civil Item
15/11/2022,,1,KEAD4SCARE,KEAD4SCARE,TRCH,nan,RVSCIVAA,TRENCH RD X S/S VISUAL INSECTION,VICIVTC05,Do you want to report Trench or crossing?,TRENCH,nan,S-0837386,SRR-12897397,KEAD,TNESHUM,TNE,5,KEAD4,Civil Item
15/11/2022,,1,KEAD4SCARE,KEAD4SCARE,TRCH,nan,RVSCIVAA,TRENCH RD X S/S VISUAL INSECTION,VICIVTC05,Do you want to report Trench or crossing?,TRENCH,nan,S-0837386,SRR-12897400,KEAD,TNESHUM,TNE,5,KEAD4,Civil Item
15/11/2022,,1,KEAD4SCARE,KEAD4SCARE,TRCH,nan,RVSCIVAA,TRENCH RD X S/S VISUAL INSECTION,VICIVTC05,Do you want to report Trench or crossing?,TRENCH,nan,S-0837386,SRR-12897403,KEAD,TNESHUM,TNE,5,KEAD4,Civil Item
15/11/2022,,1,KEAD4SCARE,KEAD4SCARE,TRCH,nan,RVSCIVAA,TRENCH RD X S/S VISUAL INSECTION,VICIVTC05,Do you want to report Trench or crossing?,TRENCH,nan,S-0837386,SRR-12897406,KEAD,TNESHUM,TNE,5,KEAD4,Civil Item
15/11/2022,,1,KEAD4SCARE,KEAD4SCARE,TRCH,nan,RVSCIVAA,TRENCH RD X S/S VISUAL INSECTION,VICIVTC05,Do you want to report Trench or crossing?,TRENCH,nan,S-0837386,SRR-12897409,KEAD,TNESHUM,TNE,5,KEAD4,Civil Item
15/11/2022,,1,KEAD4SCARE,KEAD4SCARE,TRCH,nan,RVSCIVAA,TRENCH RD X S/S VISUAL INSECTION,VICIVTC05,Do you want to report Trench or crossing?,TRENCH,nan,S-0837386,SRR-12897412,KEAD,TNESHUM,TNE,5,KEAD4,Civil Item
15/11/2022,,1,KEAD4SCARE,KEAD4SCARE,TRCH,nan,RVSCIVAA,TRENCH RD X S/S VISUAL INSECTION,VICIVTC05,Do you want to report Trench or crossing?,TRENCH,nan,S-0837386,SRR-12897415,KEAD,TNESHUM,TNE,5,KEAD4,Civil Item
15/11/2022,,1,KEAD4SCARE,KEAD4SCARE,TRCH,nan,RVSCIVAA,TRENCH RD X S/S VISUAL INSECTION,VICIVTC05,Do you want to report Trench or crossing?,TRENCH,nan,S-0837386,SRR-12897418,KEAD,TNESHUM,TNE,5,KEAD4,Civil Item
15/11/2022,,1,KEAD4SCARE,KEAD4SCARE,TRCH,nan,RVSCIVAA,TRENCH RD X S/S VISUAL INSECTION,VICIVTC05,Do you want to report Trench or crossing?,TRENCH,nan,S-0837386,SRR-12897421,KEAD,TNESHUM,TNE,5,KEAD4,Civil Item
15/11/2022,,1,KEAD4SCARE,KEAD4SCARE,TRCH,nan,RVSCIVAA,TRENCH RD X S/S VISUAL INSECTION,VICIVTC05,Do you want to report Trench or crossing?,TRENCH,nan,S-0837386,SRR-12897424,KEAD,TNESHUM,TNE,5,KEAD4,Civil Item
15/11/2022,,1,KEAD4SCARE,KEAD4SCARE,TRCH,nan,RVSCIVAA,TRENCH RD X S/S VISUAL INSECTION,VICIVTC05,Do you want to report Trench or crossing?,TRENCH,nan,S-0837386,SRR-12897427,KEAD,TNESHUM,TNE,5,KEAD4,Civil Item
15/11/2022,,1,KEAD4SCARE,KEAD4SCARE,TRCH,nan,RVSCIVAA,TRENCH RD X S/S VISUAL INSECTION,VICIVTC05,Do you want to report Trench or crossing?,TRENCH,nan,S-0837386,SRR-12897430,KEAD,TNESHUM,TNE,5,KEAD4,Civil Item
15/11/2022,,1,KEAD4SCARE,KEAD4SCARE,TRCH,nan,RVSCIVAA,TRENCH RD X S/S VISUAL INSECTION,VICIVTC05,Do you want to report Trench or crossing?,TRENCH,nan,S-0837484,SRR-12900710,KEAD,TNESHUM,TNE,5,KEAD4,Civil Item
16/11/2022,0.0,4,KEAD4STECH,KEAD4STECH,GAN,nan,RVSGANAA,GANTRY S/S VISUAL INSPECTION,VICIVGA01,Do you want to report any condition deterioration of the asset?,NO,nan,S-0840460,SRR-12972810,KEAD,TNESHUM,TNE,10,KEAD4,Civil Item
16/11/2022,0.0,4,KEAD4STECH,KEAD4STECH,GAN,nan,RVSGANAA,GANTRY S/S VISUAL INSPECTION,VICIVGA01,Do you want to report any condition deterioration of the asset?,NO,nan,S-0840478,SRR-12972867,KEAD,TNESHUM,TNE,10,KEAD4,Civil Item
17/11/2022,,1,KEAD4SCARE,KEAD4SCARE,TRCH,nan,RVSCIVAA,TRENCH RD X S/S VISUAL INSECTION,VICIVTC05,Do you want to report Trench or crossing?,VEHICLE CROSSING,nan,S-0843029,SRR-13025580,KEAD,TNESHUM,TNE,5,KEAD4,Civil Item
21/11/2022,0.0,4,MELK2STECH,MELK2STECH,GAN,nan,RVSGANAA,GANTRY S/S VISUAL INSPECTION,VICIVGA01,Do you want to report any condition deterioration of the asset?,NO,nan,S-0847868,SRR-13096874,MELK,TSWSEVN,TSW,10,MELK2,Civil Item
22/11/2022,,1,MELK2SCARE,MELK2SCARE,TRCH,nan,RVSCIVAA,TRENCH RD X S/S VISUAL INSECTION,VICIVTC05,Do you want to report Trench or crossing?,TRENCH,nan,S-0848500,SRR-13111195,MELK,TSWSEVN,TSW,5,MELK2,Civil Item
22/11/2022,,1,MELK2SCARE,MELK2SCARE,TRCH,nan,RVSCIVAA,TRENCH RD X S/S VISUAL INSECTION,VICIVTC05,Do you want to report Trench or crossing?,TRENCH,nan,S-0848500,SRR-13111198,MELK,TSWSEVN,TSW,5,MELK2,Civil Item
22/11/2022,,1,MELK2SCARE,MELK2SCARE,TRCH,nan,RVSCIVAA,TRENCH RD X S/S VISUAL INSECTION,VICIVTC05,Do you want to report Trench or crossing?,TRENCH,nan,S-0848500,SRR-13111201,MELK,TSWSEVN,TSW,5,MELK2,Civil Item
22/11/2022,,1,MELK4SCARE,MELK4SCARE,TRCH,nan,RVSCIVAA,TRENCH RD X S/S VISUAL INSECTION,VICIVTC05,Do you want to report Trench or crossing?,TRENCH,nan,S-0850181,SRR-13134605,MELK,TSWSEVN,TSW,5,MELK4,Civil Item
22/11/2022,,1,MELK4SCARE,MELK4SCARE,TRCH,nan,RVSCIVAA,TRENCH RD X S/S VISUAL INSECTION,VICIVTC05,Do you want to report Trench or crossing?,TRENCH,nan,S-0850181,SRR-13134608,MELK,TSWSEVN,TSW,5,MELK4,Civil Item
22/11/2022,1.0,4,MELK4STECH,MELK4STECH,GAN,nan,RVSGANAA,GANTRY S/S VISUAL INSPECTION,VICIVGA01,Do you want to report any condition deterioration of the asset?,YES,nan,S-0850623,SRR-13143955,MELK,TSWSEVN,TSW,10,MELK4,Civil Item
23/11/2022,0.0,4,MELK1STECH,MELK1STECH,GAN,nan,RVSGANAA,GANTRY S/S VISUAL INSPECTION,VICIVGA01,Do you want to report any condition deterioration of the asset?,NO,nan,S-0852029,SRR-13173593,MELK,TSWSEVN,TSW,10,MELK1,Civil Item
23/11/2022,,1,MELK1SCARE,MELK1SCARE,TRCH,nan,RVSCIVAA,TRENCH RD X S/S VISUAL INSECTION,VICIVTC05,Do you want to report Trench or crossing?,TRENCH,nan,S-0852068,SRR-13174525,MELK,TSWSEVN,TSW,5,MELK1,Civil Item
23/11/2022,,1,MELK1SCARE,MELK1SCARE,TRCH,nan,RVSCIVAA,TRENCH RD X S/S VISUAL INSECTION,VICIVTC05,Do you want to report Trench or crossing?,TRENCH,nan,S-0852093,SRR-13175289,MELK,TSWSEVN,TSW,5,MELK1,Civil Item
23/11/2022,,1,MELK1SCARE,MELK1SCARE,TRCH,nan,RVSCIVAA,TRENCH RD X S/S VISUAL INSECTION,VICIVTC05,Do you want to report Trench or crossing?,TRENCH,nan,S-0852093,SRR-13175292,MELK,TSWSEVN,TSW,5,MELK1,Civil Item
23/11/2022,,1,MELK1SCARE,MELK1SCARE,TRCH,nan,RVSCIVAA,TRENCH RD X S/S VISUAL INSECTION,VICIVTC05,Do you want to report Trench or crossing?,TRENCH,nan,S-0852093,SRR-13175295,MELK,TSWSEVN,TSW,5,MELK1,Civil Item
23/11/2022,,1,MELK1SCARE,MELK1SCARE,TRCH,nan,RVSCIVAA,TRENCH RD X S/S VISUAL INSECTION,VICIVTC05,Do you want to report Trench or crossing?,TRENCH,nan,S-0852093,SRR-13175298,MELK,TSWSEVN,TSW,5,MELK1,Civil Item
23/11/2022,,1,MELK1SCARE,MELK1SCARE,TRCH,nan,RVSCIVAA,TRENCH RD X S/S VISUAL INSECTION,VICIVTC05,Do you want to report Trench or crossing?,TRENCH,nan,S-0852093,SRR-13175301,MELK,TSWSEVN,TSW,5,MELK1,Civil Item
23/11/2022,,1,MELK1SCARE,MELK1SCARE,TRCH,nan,RVSCIVAA,TRENCH RD X S/S VISUAL INSECTION,VICIVTC05,Do you want to report Trench or crossing?,TRENCH,nan,S-0852093,SRR-13175304,MELK,TSWSEVN,TSW,5,MELK1,Civil Item
23/11/2022,,1,MELK1SCARE,MELK1SCARE,TRCH,nan,RVSCIVAA,TRENCH RD X S/S VISUAL INSECTION,VICIVTC05,Do you want to report Trench or crossing?,TRENCH,nan,S-0852093,SRR-13175307,MELK,TSWSEVN,TSW,5,MELK1,Civil Item
23/11/2022,,1,MELK1SCARE,MELK1SCARE,TRCH,nan,RVSCIVAA,TRENCH RD X S/S VISUAL INSECTION,VICIVTC05,Do you want to report Trench or crossing?,TRENCH,nan,S-0852093,SRR-13175310,MELK,TSWSEVN,TSW,5,MELK1,Civil Item
23/11/2022,,1,MELK1SCARE,MELK1SCARE,TRCH,nan,RVSCIVAA,TRENCH RD X S/S VISUAL INSECTION,VICIVTC05,Do you want to report Trench or crossing?,TRENCH,nan,S-0852093,SRR-13175313,MELK,TSWSEVN,TSW,5,MELK1,Civil Item
23/11/2022,1.0,4,MELK1STECH,MELK1STECH,GAN,nan,RVSGANAA,GANTRY S/S VISUAL INSPECTION,VICIVGA01,Do you want to report any condition deterioration of the asset?,YES,nan,S-0852122,SRR-13175817,MELK,TSWSEVN,TSW,10,MELK1,Civil Item
23/11/2022,1.0,4,MELK1STECH,MELK1STECH,GAN,nan,RVSGANAA,GANTRY S/S VISUAL INSPECTION,VICIVGA01,Do you want to report any condition deterioration of the asset?,YES,nan,S-0852218,SRR-13176625,MELK,TSWSEVN,TSW,10,MELK1,Civil Item
29/11/2022,,1,BRFO4SCARE,BRFO4SCARE,TRCH,nan,RVSCIVAA,TRENCH RD X S/S VISUAL INSECTION,VICIVTC05,Do you want to report Trench or crossing?,TRENCH,nan,S-0860533,SRR-13370309,BRFO,TCNSUFK,TCN,5,BRFO4,Civil Item
29/11/2022,,1,BRFO4SCARE,BRFO4SCARE,TRCH,nan,RVSCIVAA,TRENCH RD X S/S VISUAL INSECTION,VICIVTC05,Do you want to report Trench or crossing?,TRENCH,nan,S-0860533,SRR-13370312,BRFO,TCNSUFK,TCN,5,BRFO4,Civil Item
29/11/2022,1.0,4,BRFO4STECH,BRFO4STECH,GAN,nan,RVSGANAA,GANTRY S/S VISUAL INSPECTION,VICIVGA01,Do you want to report any condition deterioration of the asset?,YES,nan,S-0861012,SRR-13377941,BRFO,TCNSUFK,TCN,10,BRFO4,Civil Item
30/11/2022,1.0,4,BRFO1STECH,BRFO1STECH,GAN,nan,RVSGANAA,GANTRY S/S VISUAL INSPECTION,VICIVGA01,Do you want to report any condition deterioration of the asset?,YES,nan,S-0863347,SRR-13415575,BRFO,TCNSUFK,TCN,10,BRFO1,Civil Item
05/12/2022,,1,MELK2SCARE,MELK2SCARE,TRCH,nan,RVSCIVAA,TRENCH RD X S/S VISUAL INSECTION,VICIVTC05,Do you want to report Trench or crossing?,TRENCH,nan,S-0867473,SRR-13484237,MELK,TSWSEVN,TSW,5,MELK2,Civil Item
05/12/2022,,1,MELK2SCARE,MELK2SCARE,TRCH,nan,RVSCIVAA,TRENCH RD X S/S VISUAL INSECTION,VICIVTC05,Do you want to report Trench or crossing?,TRENCH,nan,S-0867476,SRR-13484251,MELK,TSWSEVN,TSW,5,MELK2,Civil Item
05/12/2022,,1,MELK2SCARE,MELK2SCARE,TRCH,nan,RVSCIVAA,TRENCH RD X S/S VISUAL INSECTION,VICIVTC05,Do you want to report Trench or crossing?,TRENCH,nan,S-0867478,SRR-13484256,MELK,TSWSEVN,TSW,5,MELK2,Civil Item
05/12/2022,,1,MELK4SCARE,MELK4SCARE,TRCH,nan,RVSCIVAA,TRENCH RD X S/S VISUAL INSECTION,VICIVTC05,Do you want to report Trench or crossing?,TRENCH,nan,S-0867481,SRR-13484261,MELK,TSWSEVN,TSW,5,MELK4,Civil Item
05/12/2022,,1,MELK4SCARE,MELK4SCARE,TRCH,nan,RVSCIVAA,TRENCH RD X S/S VISUAL INSECTION,VICIVTC05,Do you want to report Trench or crossing?,TRENCH,nan,S-0867485,SRR-13484269,MELK,TSWSEVN,TSW,5,MELK4,Civil Item
05/12/2022,,1,MELK4SCARE,MELK4SCARE,TRCH,nan,RVSCIVAA,TRENCH RD X S/S VISUAL INSECTION,VICIVTC05,Do you want to report Trench or crossing?,TRENCH,nan,S-0867491,SRR-13484343,MELK,TSWSEVN,TSW,5,MELK4,Civil Item
05/12/2022,,1,MELK1SCARE,MELK1SCARE,TRCH,nan,RVSCIVAA,TRENCH RD X S/S VISUAL INSECTION,VICIVTC05,Do you want to report Trench or crossing?,TRENCH,nan,S-0869302,SRR-13508040,MELK,TSWSEVN,TSW,5,MELK1,Civil Item
05/12/2022,,1,MELK1SCARE,MELK1SCARE,TRCH,nan,RVSCIVAA,TRENCH RD X S/S VISUAL INSECTION,VICIVTC05,Do you want to report Trench or crossing?,TRENCH,nan,S-0869304,SRR-13508045,MELK,TSWSEVN,TSW,5,MELK1,Civil Item
23/01/2023,,1,TRAW4SCARE,TRAW4SCARE,TRCH,nan,RVSCIVAA,TRENCH RD X S/S VISUAL INSECTION,VICIVTC05,Do you want to report Trench or crossing?,TRENCH,nan,S-0964533,SRR-15017939,TRAW,TNWNWAL,TNW,5,TRAW4,Civil Item
23/01/2023,,1,TRAW4SCARE,TRAW4SCARE,TRCH,nan,RVSCIVAA,TRENCH RD X S/S VISUAL INSECTION,VICIVTC05,Do you want to report Trench or crossing?,TRENCH,nan,S-0964533,SRR-15017942,TRAW,TNWNWAL,TNW,5,TRAW4,Civil Item
23/01/2023,,1,TRAW4SCARE,TRAW4SCARE,TRCH,nan,RVSCIVAA,TRENCH RD X S/S VISUAL INSECTION,VICIVTC05,Do you want to report Trench or crossing?,TRENCH,nan,S-0964533,SRR-15017945,TRAW,TNWNWAL,TNW,5,TRAW4,Civil Item
23/01/2023,,1,TRAW4SCARE,TRAW4SCARE,TRCH,nan,RVSCIVAA,TRENCH RD X S/S VISUAL INSECTION,VICIVTC05,Do you want to report Trench or crossing?,TRENCH,nan,S-0964533,SRR-15017948,TRAW,TNWNWAL,TNW,5,TRAW4,Civil Item
23/01/2023,,1,TRAW4SCARE,TRAW4SCARE,TRCH,nan,RVSCIVAA,TRENCH RD X S/S VISUAL INSECTION,VICIVTC05,Do you want to report Trench or crossing?,TRENCH,nan,S-0964533,SRR-15017951,TRAW,TNWNWAL,TNW,5,TRAW4,Civil Item
23/01/2023,,1,TRAW4SCARE,TRAW4SCARE,TRCH,nan,RVSCIVAA,TRENCH RD X S/S VISUAL INSECTION,VICIVTC05,Do you want to report Trench or crossing?,TRENCH,nan,S-0964533,SRR-15017954,TRAW,TNWNWAL,TNW,5,TRAW4,Civil Item
23/01/2023,,1,TRAW4SCARE,TRAW4SCARE,TRCH,nan,RVSCIVAA,TRENCH RD X S/S VISUAL INSECTION,VICIVTC05,Do you want to report Trench or crossing?,TRENCH,nan,S-0964533,SRR-15017957,TRAW,TNWNWAL,TNW,5,TRAW4,Civil Item
23/01/2023,,1,TRAW4SCARE,TRAW4SCARE,TRCH,nan,RVSCIVAA,TRENCH RD X S/S VISUAL INSECTION,VICIVTC05,Do you want to report Trench or crossing?,TRENCH,nan,S-0964533,SRR-15017960,TRAW,TNWNWAL,TNW,5,TRAW4,Civil Item
23/01/2023,,1,TRAW4SCARE,TRAW4SCARE,TRCH,nan,RVSCIVAA,TRENCH RD X S/S VISUAL INSECTION,VICIVTC05,Do you want to report Trench or crossing?,TRENCH,nan,S-0964533,SRR-15017963,TRAW,TNWNWAL,TNW,5,TRAW4,Civil Item
23/01/2023,0.0,4,TRAW4STECH,TRAW4STECH,GAN,nan,RVSGANAA,GANTRY S/S VISUAL INSPECTION,VICIVGA01,Do you want to report any condition deterioration of the asset?,NO,nan,S-0964544,SRR-15018146,TRAW,TNWNWAL,TNW,11,TRAW4,Civil Item
24/01/2023,,1,CARR4BSCARE,CARR4BSCARE,TRCH,nan,RVSCIVAA,TRENCH RD X S/S VISUAL INSECTION,VICIVTC05,Do you want to report Trench or crossing?,TRENCH,nan,S-0966544,SRR-15040021,CARR,TNWMANS,TNW,5,CARR4,Civil Item
24/01/2023,,1,TRAW2SCARE,TRAW2SCARE,TRCH,nan,RVSCIVAA,TRENCH RD X S/S VISUAL INSECTION,VICIVTC05,Do you want to report Trench or crossing?,TRENCH,nan,S-0967553,SRR-15051952,TRAW,TNWNWAL,TNW,5,TRAW2,Civil Item
24/01/2023,,1,TRAW2SCARE,TRAW2SCARE,TRCH,nan,RVSCIVAA,TRENCH RD X S/S VISUAL INSECTION,VICIVTC05,Do you want to report Trench or crossing?,TRENCH,nan,S-0967553,SRR-15051955,TRAW,TNWNWAL,TNW,5,TRAW2,Civil Item
24/01/2023,,1,TRAW2SCARE,TRAW2SCARE,TRCH,nan,RVSCIVAA,TRENCH RD X S/S VISUAL INSECTION,VICIVTC05,Do you want to report Trench or crossing?,TRENCH,nan,S-0967553,SRR-15051958,TRAW,TNWNWAL,TNW,5,TRAW2,Civil Item
24/01/2023,,1,TRAW2SCARE,TRAW2SCARE,TRCH,nan,RVSCIVAA,TRENCH RD X S/S VISUAL INSECTION,VICIVTC05,Do you want to report Trench or crossing?,TRENCH,nan,S-0967553,SRR-15051961,TRAW,TNWNWAL,TNW,5,TRAW2,Civil Item
24/01/2023,,1,TRAW2SCARE,TRAW2SCARE,TRCH,nan,RVSCIVAA,TRENCH RD X S/S VISUAL INSECTION,VICIVTC05,Do you want to report Trench or crossing?,VEHICLE CROSSING,nan,S-0967553,SRR-15051964,TRAW,TNWNWAL,TNW,5,TRAW2,Civil Item
24/01/2023,0.0,4,TRAW2STECH,TRAW2STECH,GAN,nan,RVSGANAA,GANTRY S/S VISUAL INSPECTION,VICIVGA01,Do you want to report any condition deterioration of the asset?,NO,nan,S-0968109,SRR-15056526,TRAW,TNWNWAL,TNW,11,TRAW2,Civil Item
24/01/2023,,1,TRAW1SCARE,TRAW1SCARE,TRCH,nan,RVSCIVAA,TRENCH RD X S/S VISUAL INSECTION,VICIVTC05,Do you want to report Trench or crossing?,TRENCH,nan,S-0968543,SRR-15061189,TRAW,TNWNWAL,TNW,5,TRAW1,Civil Item
24/01/2023,,1,TRAW1SCARE,TRAW1SCARE,TRCH,nan,RVSCIVAA,TRENCH RD X S/S VISUAL INSECTION,VICIVTC05,Do you want to report Trench or crossing?,TRENCH,nan,S-0968543,SRR-15061192,TRAW,TNWNWAL,TNW,5,TRAW1,Civil Item
24/01/2023,,1,TRAW1SCARE,TRAW1SCARE,TRCH,nan,RVSCIVAA,TRENCH RD X S/S VISUAL INSECTION,VICIVTC05,Do you want to report Trench or crossing?,TRENCH,nan,S-0968543,SRR-15061195,TRAW,TNWNWAL,TNW,5,TRAW1,Civil Item
24/01/2023,,1,TRAW1SCARE,TRAW1SCARE,TRCH,nan,RVSCIVAA,TRENCH RD X S/S VISUAL INSECTION,VICIVTC05,Do you want to report Trench or crossing?,TRENCH,nan,S-0968543,SRR-15061198,TRAW,TNWNWAL,TNW,5,TRAW1,Civil Item
24/01/2023,,1,TRAW1SCARE,TRAW1SCARE,TRCH,nan,RVSCIVAA,TRENCH RD X S/S VISUAL INSECTION,VICIVTC05,Do you want to report Trench or crossing?,TRENCH,nan,S-0968543,SRR-15061201,TRAW,TNWNWAL,TNW,5,TRAW1,Civil Item
24/01/2023,1.0,4,TRAW1STECH,TRAW1STECH,GAN,nan,RVSGANAA,GANTRY S/S VISUAL INSPECTION,VICIVGA01,Do you want to report any condition deterioration of the asset?,YES,nan,S-0968809,SRR-15065009,TRAW,TNWNWAL,TNW,11,TRAW1,Civil Item
24/01/2023,,1,CARR2SCARE,CARR2SCARE,TRCH,nan,RVSCIVAA,TRENCH RD X S/S VISUAL INSECTION,VICIVTC05,Do you want to report Trench or crossing?,TRENCH,nan,S-0969175,SRR-15069248,CARR,TNWMANS,TNW,5,CARR2,Civil Item
24/01/2023,,1,CARR2SCARE,CARR2SCARE,TRCH,nan,RVSCIVAA,TRENCH RD X S/S VISUAL INSECTION,VICIVTC05,Do you want to report Trench or crossing?,TRENCH,nan,S-0969175,SRR-15069251,CARR,TNWMANS,TNW,5,CARR2,Civil Item
24/01/2023,,1,CARR2SCARE,CARR2SCARE,TRCH,nan,RVSCIVAA,TRENCH RD X S/S VISUAL INSECTION,VICIVTC05,Do you want to report Trench or crossing?,VEHICLE CROSSING,nan,S-0969175,SRR-15069254,CARR,TNWMANS,TNW,5,CARR2,Civil Item
24/01/2023,,1,CARR2SCARE,CARR2SCARE,TRCH,nan,RVSCIVAA,TRENCH RD X S/S VISUAL INSECTION,VICIVTC05,Do you want to report Trench or crossing?,VEHICLE CROSSING,nan,S-0969175,SRR-15069257,CARR,TNWMANS,TNW,5,CARR2,Civil Item
24/01/2023,,1,CARR2SCARE,CARR2SCARE,TRCH,nan,RVSCIVAA,TRENCH RD X S/S VISUAL INSECTION,VICIVTC05,Do you want to report Trench or crossing?,VEHICLE CROSSING,nan,S-0969175,SRR-15069260,CARR,TNWMANS,TNW,5,CARR2,Civil Item
25/01/2023,0.0,4,FFES2STECH,FFES2STECH,GAN,nan,RVSGANAA,GANTRY S/S VISUAL INSPECTION,VICIVGA01,Do you want to report any condition deterioration of the asset?,NO,nan,S-0969973,SRR-15080656,FFES,TNWNWAL,TNW,11,FFES2,Civil Item
25/01/2023,,1,FFES2SCARE,FFES2SCARE,TRCH,nan,RVSCIVAA,TRENCH RD X S/S VISUAL INSECTION,VICIVTC05,Do you want to report Trench or crossing?,TRENCH,nan,S-0969979,SRR-15080682,FFES,TNWNWAL,TNW,5,FFES2,Civil Item
25/01/2023,1.0,4,WYLF4STECH,WYLF4STECH,GAN,nan,RVSGANAA,GANTRY S/S VISUAL INSPECTION,VICIVGA01,Do you want to report any condition deterioration of the asset?,YES,nan,S-0973051,SRR-15115507,WYLF,TNWNWAL,TNW,11,WYLF4,Civil Item
26/01/2023,0.0,4,WYLF1STECH,WYLF1STECH,GAN,nan,RVSGANAA,GANTRY S/S VISUAL INSPECTION,VICIVGA01,Do you want to report any condition deterioration of the asset?,NO,nan,S-0973996,SRR-15130285,WYLF,TNWNWAL,TNW,11,WYLF1,Civil Item
28/01/2023,,1,WYLF1SCARE,WYLF1SCARE,TRCH,nan,RVSCIVAA,TRENCH RD X S/S VISUAL INSECTION,VICIVTC05,Do you want to report Trench or crossing?,VEHICLE CROSSING,nan,S-0976732,SRR-15164596,WYLF,TNWNWAL,TNW,5,WYLF1,Civil Item
28/01/2023,,1,WYLF1SCARE,WYLF1SCARE,TRCH,nan,RVSCIVAA,TRENCH RD X S/S VISUAL INSECTION,VICIVTC05,Do you want to report Trench or crossing?,TRENCH,nan,S-0976748,SRR-15164643,WYLF,TNWNWAL,TNW,5,WYLF1,Civil Item
28/01/2023,,1,WYLF1SCARE,WYLF1SCARE,TRCH,nan,RVSCIVAA,TRENCH RD X S/S VISUAL INSECTION,VICIVTC05,Do you want to report Trench or crossing?,TRENCH,nan,S-0976771,SRR-15164711,WYLF,TNWNWAL,TNW,5,WYLF1,Civil Item
28/01/2023,,1,WYLF1SCARE,WYLF1SCARE,TRCH,nan,RVSCIVAA,TRENCH RD X S/S VISUAL INSECTION,VICIVTC05,Do you want to report Trench or crossing?,TRENCH,nan,S-0976780,SRR-15164737,WYLF,TNWNWAL,TNW,5,WYLF1,Civil Item
28/01/2023,,1,WYLF4SCARE,WYLF4SCARE,TRCH,nan,RVSCIVAA,TRENCH RD X S/S VISUAL INSECTION,VICIVTC05,Do you want to report Trench or crossing?,TRENCH,nan,S-0976925,SRR-15165165,WYLF,TNWNWAL,TNW,5,WYLF4,Civil Item
28/01/2023,,1,WYLF4SCARE,WYLF4SCARE,TRCH,nan,RVSCIVAA,TRENCH RD X S/S VISUAL INSECTION,VICIVTC05,Do you want to report Trench or crossing?,TRENCH,nan,S-0976941,SRR-15165212,WYLF,TNWNWAL,TNW,5,WYLF4,Civil Item
28/01/2023,,1,WYLF4SCARE,WYLF4SCARE,TRCH,nan,RVSCIVAA,TRENCH RD X S/S VISUAL INSECTION,VICIVTC05,Do you want to report Trench or crossing?,TRENCH,nan,S-0976957,SRR-15165259,WYLF,TNWNWAL,TNW,5,WYLF4,Civil Item
28/01/2023,,1,WYLF4SCARE,WYLF4SCARE,TRCH,nan,RVSCIVAA,TRENCH RD X S/S VISUAL INSECTION,VICIVTC05,Do you want to report Trench or crossing?,TRENCH,nan,S-0976973,SRR-15165306,WYLF,TNWNWAL,TNW,5,WYLF4,Civil Item
30/01/2023,,1,TRAW4SCARE,TRAW4SCARE,TRCH,nan,RVSCIVAA,TRENCH RD X S/S VISUAL INSECTION,VICIVTC05,Do you want to report Trench or crossing?,TRENCH,nan,S-0977984,SRR-15179037,TRAW,TNWNWAL,TNW,5,TRAW4,Civil Item
30/01/2023,,1,TRAW4SCARE,TRAW4SCARE,TRCH,nan,RVSCIVAA,TRENCH RD X S/S VISUAL INSECTION,VICIVTC05,Do you want to report Trench or crossing?,VEHICLE CROSSING,nan,S-0978097,SRR-15179669,TRAW,TNWNWAL,TNW,5,TRAW4,Civil Item
30/01/2023,,1,TRAW4SCARE,TRAW4SCARE,TRCH,nan,RVSCIVAA,TRENCH RD X S/S VISUAL INSECTION,VICIVTC05,Do you want to report Trench or crossing?,TRENCH,nan,S-0978135,SRR-15179818,TRAW,TNWNWAL,TNW,5,TRAW4,Civil Item
30/01/2023,,1,TRAW1SCARE,TRAW1SCARE,TRCH,nan,RVSCIVAA,TRENCH RD X S/S VISUAL INSECTION,VICIVTC05,Do you want to report Trench or crossing?,TRENCH,nan,S-0979251,SRR-15189943,TRAW,TNWNWAL,TNW,5,TRAW1,Civil Item
30/01/2023,,1,TRAW1SCARE,TRAW1SCARE,TRCH,nan,RVSCIVAA,TRENCH RD X S/S VISUAL INSECTION,VICIVTC05,Do you want to report Trench or crossing?,TRENCH,nan,S-0979277,SRR-15190014,TRAW,TNWNWAL,TNW,5,TRAW1,Civil Item
30/01/2023,,1,TRAW2SCARE,TRAW2SCARE,TRCH,nan,RVSCIVAA,TRENCH RD X S/S VISUAL INSECTION,VICIVTC05,Do you want to report Trench or crossing?,TRENCH,nan,S-0979364,SRR-15190612,TRAW,TNWNWAL,TNW,5,TRAW2,Civil Item
30/01/2023,,1,TRAW2SCARE,TRAW2SCARE,TRCH,nan,RVSCIVAA,TRENCH RD X S/S VISUAL INSECTION,VICIVTC05,Do you want to report Trench or crossing?,TRENCH,nan,S-0979381,SRR-15190668,TRAW,TNWNWAL,TNW,5,TRAW2,Civil Item
31/01/2023,,1,TRAW2SCARE,TRAW2SCARE,TRCH,nan,RVSCIVAA,TRENCH RD X S/S VISUAL INSECTION,VICIVTC05,Do you want to report Trench or crossing?,TRENCH,nan,S-0979549,SRR-15193757,TRAW,TNWNWAL,TNW,5,TRAW2,Civil Item
31/01/2023,,1,FFES2SCARE,FFES2SCARE,TRCH,nan,RVSCIVAA,TRENCH RD X S/S VISUAL INSECTION,VICIVTC05,Do you want to report Trench or crossing?,TRENCH,nan,S-0979945,SRR-15197641,FFES,TNWNWAL,TNW,5,FFES2,Civil Item
31/01/2023,,1,FFES2SCARE,FFES2SCARE,TRCH,nan,RVSCIVAA,TRENCH RD X S/S VISUAL INSECTION,VICIVTC05,Do you want to report Trench or crossing?,TRENCH,nan,S-0979961,SRR-15197688,FFES,TNWNWAL,TNW,5,FFES2,Civil Item
31/01/2023,,1,FFES2SCARE,FFES2SCARE,TRCH,nan,RVSCIVAA,TRENCH RD X S/S VISUAL INSECTION,VICIVTC05,Do you want to report Trench or crossing?,TRENCH,nan,S-0979977,SRR-15197735,FFES,TNWNWAL,TNW,5,FFES2,Civil Item
01/02/2023,,1,TRAW1SCARE,TRAW1SCARE,TRCH,nan,RVSCIVAA,TRENCH RD X S/S VISUAL INSECTION,VICIVTC05,Do you want to report Trench or crossing?,TRENCH,nan,S-0985089,SRR-15281272,TRAW,TNWNWAL,TNW,5,TRAW1,Civil Item
07/02/2023,0.0,4,LISD1STECH,LISD1STECH,GAN,nan,RVSGANAA,GANTRY S/S VISUAL INSPECTION,VICIVGA01,Do you want to report any condition deterioration of the asset?,NO,nan,S-0995501,SRR-15494327,LISD,TNWMERS,TNW,11,LISD1,Civil Item
07/02/2023,,1,LEGA4SCARE,LEGA4SCARE,TRCH,nan,RVSCIVAA,TRENCH RD X S/S VISUAL INSECTION,VICIVTC05,Do you want to report Trench or crossing?,TRENCH,nan,S-0995588,SRR-15495554,LEGA,TNWCHIR,TNW,5,LEGA4,Civil Item
07/02/2023,,1,LEGA4SCARE,LEGA4SCARE,TRCH,nan,RVSCIVAA,TRENCH RD X S/S VISUAL INSECTION,VICIVTC05,Do you want to report Trench or crossing?,TRENCH,nan,S-0995588,SRR-15495557,LEGA,TNWCHIR,TNW,5,LEGA4,Civil Item
07/02/2023,,1,LEGA4SCARE,LEGA4SCARE,TRCH,nan,RVSCIVAA,TRENCH RD X S/S VISUAL INSECTION,VICIVTC05,Do you want to report Trench or crossing?,TRENCH,nan,S-0995588,SRR-15495560,LEGA,TNWCHIR,TNW,5,LEGA4,Civil Item
07/02/2023,,1,LEGA4SCARE,LEGA4SCARE,TRCH,nan,RVSCIVAA,TRENCH RD X S/S VISUAL INSECTION,VICIVTC05,Do you want to report Trench or crossing?,TRENCH,nan,S-0995588,SRR-15495563,LEGA,TNWCHIR,TNW,5,LEGA4,Civil Item
07/02/2023,,1,LEGA4SCARE,LEGA4SCARE,TRCH,nan,RVSCIVAA,TRENCH RD X S/S VISUAL INSECTION,VICIVTC05,Do you want to report Trench or crossing?,TRENCH,nan,S-0995588,SRR-15495566,LEGA,TNWCHIR,TNW,5,LEGA4,Civil Item
07/02/2023,,1,LEGA4SCARE,LEGA4SCARE,TRCH,nan,RVSCIVAA,TRENCH RD X S/S VISUAL INSECTION,VICIVTC05,Do you want to report Trench or crossing?,TRENCH,nan,S-0995588,SRR-15495569,LEGA,TNWCHIR,TNW,5,LEGA4,Civil Item
07/02/2023,,1,LEGA4SCARE,LEGA4SCARE,TRCH,nan,RVSCIVAA,TRENCH RD X S/S VISUAL INSECTION,VICIVTC05,Do you want to report Trench or crossing?,TRENCH,nan,S-0995588,SRR-15495572,LEGA,TNWCHIR,TNW,5,LEGA4,Civil Item
07/02/2023,,1,LEGA4SCARE,LEGA4SCARE,TRCH,nan,RVSCIVAA,TRENCH RD X S/S VISUAL INSECTION,VICIVTC05,Do you want to report Trench or crossing?,TRENCH,nan,S-0995588,SRR-15495575,LEGA,TNWCHIR,TNW,5,LEGA4,Civil Item
07/02/2023,,1,LEGA4SCARE,LEGA4SCARE,TRCH,nan,RVSCIVAA,TRENCH RD X S/S VISUAL INSECTION,VICIVTC05,Do you want to report Trench or crossing?,TRENCH,nan,S-0995588,SRR-15495578,LEGA,TNWCHIR,TNW,5,LEGA4,Civil Item
07/02/2023,,1,LEGA4SCARE,LEGA4SCARE,TRCH,nan,RVSCIVAA,TRENCH RD X S/S VISUAL INSECTION,VICIVTC05,Do you want to report Trench or crossing?,TRENCH,nan,S-0995588,SRR-15495581,LEGA,TNWCHIR,TNW,5,LEGA4,Civil Item
07/02/2023,,1,LEGA4SCARE,LEGA4SCARE,TRCH,nan,RVSCIVAA,TRENCH RD X S/S VISUAL INSECTION,VICIVTC05,Do you want to report Trench or crossing?,TRENCH,nan,S-0995588,SRR-15495584,LEGA,TNWCHIR,TNW,5,LEGA4,Civil Item
07/02/2023,,1,LEGA4SCARE,LEGA4SCARE,TRCH,nan,RVSCIVAA,TRENCH RD X S/S VISUAL INSECTION,VICIVTC05,Do you want to report Trench or crossing?,TRENCH,nan,S-0995588,SRR-15495587,LEGA,TNWCHIR,TNW,5,LEGA4,Civil Item
07/02/2023,,1,LEGA4SCARE,LEGA4SCARE,TRCH,nan,RVSCIVAA,TRENCH RD X S/S VISUAL INSECTION,VICIVTC05,Do you want to report Trench or crossing?,TRENCH,nan,S-0995588,SRR-15495590,LEGA,TNWCHIR,TNW,5,LEGA4,Civil Item
07/02/2023,,1,LEGA4SCARE,LEGA4SCARE,TRCH,nan,RVSCIVAA,TRENCH RD X S/S VISUAL INSECTION,VICIVTC05,Do you want to report Trench or crossing?,VEHICLE CROSSING,nan,S-0995588,SRR-15495593,LEGA,TNWCHIR,TNW,5,LEGA4,Civil Item
07/02/2023,,1,LEGA4SCARE,LEGA4SCARE,TRCH,nan,RVSCIVAA,TRENCH RD X S/S VISUAL INSECTION,VICIVTC05,Do you want to report Trench or crossing?,TRENCH,nan,S-0995588,SRR-15495596,LEGA,TNWCHIR,TNW,5,LEGA4,Civil Item
07/02/2023,,1,LEGA4SCARE,LEGA4SCARE,TRCH,nan,RVSCIVAA,TRENCH RD X S/S VISUAL INSECTION,VICIVTC05,Do you want to report Trench or crossing?,TRENCH,nan,S-0995588,SRR-15495599,LEGA,TNWCHIR,TNW,5,LEGA4,Civil Item
07/02/2023,,1,LEGA4SCARE,LEGA4SCARE,TRCH,nan,RVSCIVAA,TRENCH RD X S/S VISUAL INSECTION,VICIVTC05,Do you want to report Trench or crossing?,TRENCH,nan,S-0995588,SRR-15495602,LEGA,TNWCHIR,TNW,5,LEGA4,Civil Item
07/02/2023,1.0,4,LISD1STECH,LISD1STECH,GAN,nan,RVSGANAA,GANTRY S/S VISUAL INSPECTION,VICIVGA01,Do you want to report any condition deterioration of the asset?,YES,nan,S-0995742,SRR-15498440,LISD,TNWMERS,TNW,11,LISD1,Civil Item
07/02/2023,,1,LISD1SCARE,LISD1SCARE,TRCH,nan,RVSCIVAA,TRENCH RD X S/S VISUAL INSECTION,VICIVTC05,Do you want to report Trench or crossing?,TRENCH,nan,S-0995816,SRR-15500045,LISD,TNWMERS,TNW,5,LISD1,Civil Item
07/02/2023,0.0,4,LEGA4STECH,LEGA4STECH,GAN,nan,RVSGANAA,GANTRY S/S VISUAL INSPECTION,VICIVGA01,Do you want to report any condition deterioration of the asset?,NO,nan,S-0996260,SRR-15506087,LEGA,TNWCHIR,TNW,11,LEGA4,Civil Item
07/02/2023,1.0,4,LISD2STECH,LISD2STECH,GAN,nan,RVSGANAA,GANTRY S/S VISUAL INSPECTION,VICIVGA01,Do you want to report any condition deterioration of the asset?,YES,nan,S-0996473,SRR-15508007,LISD,TNWMERS,TNW,11,LISD2,Civil Item
07/02/2023,1.0,4,LEGA1STECH,LEGA1STECH,GAN,nan,RVSGANAA,GANTRY S/S VISUAL INSPECTION,VICIVGA01,Do you want to report any condition deterioration of the asset?,YES,nan,S-0996860,SRR-15512096,LEGA,TNWCHIR,TNW,11,LEGA1,Civil Item
07/02/2023,,1,LISD2SCARE,LISD2SCARE,TRCH,nan,RVSCIVAA,TRENCH RD X S/S VISUAL INSECTION,VICIVTC05,Do you want to report Trench or crossing?,VEHICLE CROSSING,nan,S-0997135,SRR-15516614,LISD,TNWMERS,TNW,5,LISD2,Civil Item
07/02/2023,,1,LISD2SCARE,LISD2SCARE,TRCH,nan,RVSCIVAA,TRENCH RD X S/S VISUAL INSECTION,VICIVTC05,Do you want to report Trench or crossing?,VEHICLE CROSSING,nan,S-0997135,SRR-15516617,LISD,TNWMERS,TNW,5,LISD2,Civil Item
07/02/2023,,1,LISD2SCARE,LISD2SCARE,TRCH,nan,RVSCIVAA,TRENCH RD X S/S VISUAL INSECTION,VICIVTC05,Do you want to report Trench or crossing?,TRENCH,nan,S-0997135,SRR-15516620,LISD,TNWMERS,TNW,5,LISD2,Civil Item
07/02/2023,,1,LISD2SCARE,LISD2SCARE,TRCH,nan,RVSCIVAA,TRENCH RD X S/S VISUAL INSECTION,VICIVTC05,Do you want to report Trench or crossing?,VEHICLE CROSSING,nan,S-0997135,SRR-15516623,LISD,TNWMERS,TNW,5,LISD2,Civil Item
07/02/2023,,1,LISD2SCARE,LISD2SCARE,TRCH,nan,RVSCIVAA,TRENCH RD X S/S VISUAL INSECTION,VICIVTC05,Do you want to report Trench or crossing?,TRENCH,nan,S-0997135,SRR-15516626,LISD,TNWMERS,TNW,5,LISD2,Civil Item
07/02/2023,,1,LISD2SCARE,LISD2SCARE,TRCH,nan,RVSCIVAA,TRENCH RD X S/S VISUAL INSECTION,VICIVTC05,Do you want to report Trench or crossing?,TRENCH,nan,S-0997135,SRR-15516629,LISD,TNWMERS,TNW,5,LISD2,Civil Item
07/02/2023,,1,LISD2SCARE,LISD2SCARE,TRCH,nan,RVSCIVAA,TRENCH RD X S/S VISUAL INSECTION,VICIVTC05,Do you want to report Trench or crossing?,TRENCH,nan,S-0997135,SRR-15516632,LISD,TNWMERS,TNW,5,LISD2,Civil Item
07/02/2023,,1,LISD2SCARE,LISD2SCARE,TRCH,nan,RVSCIVAA,TRENCH RD X S/S VISUAL INSECTION,VICIVTC05,Do you want to report Trench or crossing?,TRENCH,nan,S-0997135,SRR-15516635,LISD,TNWMERS,TNW,5,LISD2,Civil Item
07/02/2023,,1,LISD2SCARE,LISD2SCARE,TRCH,nan,RVSCIVAA,TRENCH RD X S/S VISUAL INSECTION,VICIVTC05,Do you want to report Trench or crossing?,TRENCH,nan,S-0997135,SRR-15516638,LISD,TNWMERS,TNW,5,LISD2,Civil Item
07/02/2023,,1,LISD2SCARE,LISD2SCARE,TRCH,nan,RVSCIVAA,TRENCH RD X S/S VISUAL INSECTION,VICIVTC05,Do you want to report Trench or crossing?,TRENCH,nan,S-0997135,SRR-15516641,LISD,TNWMERS,TNW,5,LISD2,Civil Item
07/02/2023,,1,LISD2SCARE,LISD2SCARE,TRCH,nan,RVSCIVAA,TRENCH RD X S/S VISUAL INSECTION,VICIVTC05,Do you want to report Trench or crossing?,TRENCH,nan,S-0997135,SRR-15516644,LISD,TNWMERS,TNW,5,LISD2,Civil Item
07/02/2023,,1,LISD2SCARE,LISD2SCARE,TRCH,nan,RVSCIVAA,TRENCH RD X S/S VISUAL INSECTION,VICIVTC05,Do you want to report Trench or crossing?,TRENCH,nan,S-0997135,SRR-15516647,LISD,TNWMERS,TNW,5,LISD2,Civil Item
07/02/2023,,1,LISD2SCARE,LISD2SCARE,TRCH,nan,RVSCIVAA,TRENCH RD X S/S VISUAL INSECTION,VICIVTC05,Do you want to report Trench or crossing?,TRENCH,nan,S-0997135,SRR-15516650,LISD,TNWMERS,TNW,5,LISD2,Civil Item
07/02/2023,,1,LISD2SCARE,LISD2SCARE,TRCH,nan,RVSCIVAA,TRENCH RD X S/S VISUAL INSECTION,VICIVTC05,Do you want to report Trench or crossing?,TRENCH,nan,S-0997135,SRR-15516653,LISD,TNWMERS,TNW,5,LISD2,Civil Item
07/02/2023,,1,LISD2SCARE,LISD2SCARE,TRCH,nan,RVSCIVAA,TRENCH RD X S/S VISUAL INSECTION,VICIVTC05,Do you want to report Trench or crossing?,TRENCH,nan,S-0997135,SRR-15516656,LISD,TNWMERS,TNW,5,LISD2,Civil Item
07/02/2023,,1,LISD2SCARE,LISD2SCARE,TRCH,nan,RVSCIVAA,TRENCH RD X S/S VISUAL INSECTION,VICIVTC05,Do you want to report Trench or crossing?,TRENCH,nan,S-0997135,SRR-15516659,LISD,TNWMERS,TNW,5,LISD2,Civil Item
07/02/2023,,1,LISD2SCARE,LISD2SCARE,TRCH,nan,RVSCIVAA,TRENCH RD X S/S VISUAL INSECTION,VICIVTC05,Do you want to report Trench or crossing?,TRENCH,nan,S-0997135,SRR-15516662,LISD,TNWMERS,TNW,5,LISD2,Civil Item
07/02/2023,,1,LISD2SCARE,LISD2SCARE,TRCH,nan,RVSCIVAA,TRENCH RD X S/S VISUAL INSECTION,VICIVTC05,Do you want to report Trench or crossing?,TRENCH,nan,S-0997135,SRR-15516665,LISD,TNWMERS,TNW,5,LISD2,Civil Item
07/02/2023,,1,LISD2SCARE,LISD2SCARE,TRCH,nan,RVSCIVAA,TRENCH RD X S/S VISUAL INSECTION,VICIVTC05,Do you want to report Trench or crossing?,TRENCH,nan,S-0997135,SRR-15516668,LISD,TNWMERS,TNW,5,LISD2,Civil Item
07/02/2023,,1,LISD2SCARE,LISD2SCARE,TRCH,nan,RVSCIVAA,TRENCH RD X S/S VISUAL INSECTION,VICIVTC05,Do you want to report Trench or crossing?,TRENCH,nan,S-0997135,SRR-15516671,LISD,TNWMERS,TNW,5,LISD2,Civil Item
07/02/2023,,1,LISD2SCARE,LISD2SCARE,TRCH,nan,RVSCIVAA,TRENCH RD X S/S VISUAL INSECTION,VICIVTC05,Do you want to report Trench or crossing?,TRENCH,nan,S-0997135,SRR-15516674,LISD,TNWMERS,TNW,5,LISD2,Civil Item
07/02/2023,,1,LISD2SCARE,LISD2SCARE,TRCH,nan,RVSCIVAA,TRENCH RD X S/S VISUAL INSECTION,VICIVTC05,Do you want to report Trench or crossing?,TRENCH,nan,S-0997135,SRR-15516677,LISD,TNWMERS,TNW,5,LISD2,Civil Item
07/02/2023,,1,LISD2SCARE,LISD2SCARE,TRCH,nan,RVSCIVAA,TRENCH RD X S/S VISUAL INSECTION,VICIVTC05,Do you want to report Trench or crossing?,TRENCH,nan,S-0997135,SRR-15516680,LISD,TNWMERS,TNW,5,LISD2,Civil Item
07/02/2023,,1,LISD2SCARE,LISD2SCARE,TRCH,nan,RVSCIVAA,TRENCH RD X S/S VISUAL INSECTION,VICIVTC05,Do you want to report Trench or crossing?,TRENCH,nan,S-0997135,SRR-15516683,LISD,TNWMERS,TNW,5,LISD2,Civil Item
07/02/2023,1.0,4,LEGA4STECH,LEGA4STECH,GAN,nan,RVSGANAA,GANTRY S/S VISUAL INSPECTION,VICIVGA01,Do you want to report any condition deterioration of the asset?,YES,nan,S-0997152,SRR-15517123,LEGA,TNWCHIR,TNW,11,LEGA4,Civil Item
07/02/2023,1.0,4,LISD2STECH,LISD2STECH,GAN,nan,RVSGANAA,GANTRY S/S VISUAL INSPECTION,VICIVGA01,Do you want to report any condition deterioration of the asset?,YES,nan,S-0997489,SRR-15521859,LISD,TNWMERS,TNW,11,LISD2,Civil Item
08/02/2023,,1,LEGA1SCARE,LEGA1SCARE,TRCH,nan,RVSCIVAA,TRENCH RD X S/S VISUAL INSECTION,VICIVTC05,Do you want to report Trench or crossing?,TRENCH,nan,S-0997942,SRR-15534487,LEGA,TNWCHIR,TNW,5,LEGA1,Civil Item
08/02/2023,,1,FIDF2SCARE,FIDF2SCARE,TRCH,nan,RVSCIVAA,TRENCH RD X S/S VISUAL INSECTION,VICIVTC05,Do you want to report Trench or crossing?,TRENCH,nan,S-1000438,SRR-15581159,FIDF,TNWMERS,TNW,5,FIDF2,Civil Item
08/02/2023,,1,FIDF2SCARE,FIDF2SCARE,TRCH,nan,RVSCIVAA,TRENCH RD X S/S VISUAL INSECTION,VICIVTC05,Do you want to report Trench or crossing?,TRENCH,nan,S-1000438,SRR-15581162,FIDF,TNWMERS,TNW,5,FIDF2,Civil Item
08/02/2023,1.0,4,FIDF2STECH,FIDF2STECH,GAN,nan,RVSGANAA,GANTRY S/S VISUAL INSPECTION,VICIVGA01,Do you want to report any condition deterioration of the asset?,YES,nan,S-1000921,SRR-15590147,FIDF,TNWMERS,TNW,11,FIDF2,Civil Item
08/02/2023,,1,LISD1SCARE,LISD1SCARE,TRCH,nan,RVSCIVAA,TRENCH RD X S/S VISUAL INSECTION,VICIVTC05,Do you want to report Trench or crossing?,TRENCH,nan,S-1000963,SRR-15591004,LISD,TNWMERS,TNW,5,LISD1,Civil Item
08/02/2023,,1,FIDF2SCARE,FIDF2SCARE,TRCH,nan,RVSCIVAA,TRENCH RD X S/S VISUAL INSECTION,VICIVTC05,Do you want to report Trench or crossing?,TRENCH,nan,S-1000976,SRR-15591199,FIDF,TNWMERS,TNW,5,FIDF2,Civil Item
09/02/2023,,1,LISD2SCARE,LISD2SCARE,TRCH,nan,RVSCIVAA,TRENCH RD X S/S VISUAL INSECTION,VICIVTC05,Do you want to report Trench or crossing?,TRENCH,nan,S-1003225,SRR-15649759,LISD,TNWMERS,TNW,5,LISD2,Civil Item
09/02/2023,,1,LISD2SCARE,LISD2SCARE,TRCH,nan,RVSCIVAA,TRENCH RD X S/S VISUAL INSECTION,VICIVTC05,Do you want to report Trench or crossing?,TRENCH,nan,S-1003238,SRR-15649928,LISD,TNWMERS,TNW,5,LISD2,Civil Item
09/02/2023,,1,LISD1SCARE,LISD1SCARE,TRCH,nan,RVSCIVAA,TRENCH RD X S/S VISUAL INSECTION,VICIVTC05,Do you want to report Trench or crossing?,TRENCH,nan,S-1003282,SRR-15650363,LISD,TNWMERS,TNW,5,LISD1,Civil Item
09/02/2023,,1,LISD1SCARE,LISD1SCARE,TRCH,nan,RVSCIVAA,TRENCH RD X S/S VISUAL INSECTION,VICIVTC05,Do you want to report Trench or crossing?,TRENCH,nan,S-1003287,SRR-15650380,LISD,TNWMERS,TNW,5,LISD1,Civil Item
09/02/2023,,1,LEGA4SCARE,LEGA4SCARE,TRCH,nan,RVSCIVAA,TRENCH RD X S/S VISUAL INSECTION,VICIVTC05,Do you want to report Trench or crossing?,TRENCH,nan,S-1003374,SRR-15651164,LEGA,TNWCHIR,TNW,5,LEGA4,Civil Item
09/02/2023,,1,LEGA4SCARE,LEGA4SCARE,TRCH,nan,RVSCIVAA,TRENCH RD X S/S VISUAL INSECTION,VICIVTC05,Do you want to report Trench or crossing?,TRENCH,nan,S-1003382,SRR-15651254,LEGA,TNWCHIR,TNW,5,LEGA4,Civil Item
09/02/2023,,1,LEGA4SCARE,LEGA4SCARE,TRCH,nan,RVSCIVAA,TRENCH RD X S/S VISUAL INSECTION,VICIVTC05,Do you want to report Trench or crossing?,TRENCH,nan,S-1003386,SRR-15651261,LEGA,TNWCHIR,TNW,5,LEGA4,Civil Item
09/02/2023,,1,LEGA1SCARE,LEGA1SCARE,TRCH,nan,RVSCIVAA,TRENCH RD X S/S VISUAL INSECTION,VICIVTC05,Do you want to report Trench or crossing?,TRENCH,nan,S-1003450,SRR-15651990,LEGA,TNWCHIR,TNW,5,LEGA1,Civil Item
09/02/2023,,1,LEGA1SCARE,LEGA1SCARE,TRCH,nan,RVSCIVAA,TRENCH RD X S/S VISUAL INSECTION,VICIVTC05,Do you want to report Trench or crossing?,TRENCH,nan,S-1003454,SRR-15651997,LEGA,TNWCHIR,TNW,5,LEGA1,Civil Item
09/02/2023,,1,LEGA1SCARE,LEGA1SCARE,TRCH,nan,RVSCIVAA,TRENCH RD X S/S VISUAL INSECTION,VICIVTC05,Do you want to report Trench or crossing?,TRENCH,nan,S-1003459,SRR-15652052,LEGA,TNWCHIR,TNW,5,LEGA1,Civil Item
09/02/2023,,1,FIDF2SCARE,FIDF2SCARE,TRCH,nan,RVSCIVAA,TRENCH RD X S/S VISUAL INSECTION,VICIVTC05,Do you want to report Trench or crossing?,TRENCH,nan,S-1003527,SRR-15652832,FIDF,TNWMERS,TNW,5,FIDF2,Civil Item
09/02/2023,,1,FIDF2SCARE,FIDF2SCARE,TRCH,nan,RVSCIVAA,TRENCH RD X S/S VISUAL INSECTION,VICIVTC05,Do you want to report Trench or crossing?,TRENCH,nan,S-1003533,SRR-15652849,FIDF,TNWMERS,TNW,5,FIDF2,Civil Item
14/02/2023,,1,HEYS4SCARE,HEYS4SCARE,TRCH,nan,RVSCIVAA,TRENCH RD X S/S VISUAL INSECTION,VICIVTC05,Do you want to report Trench or crossing?,TRENCH,nan,S-1008909,SRR-15725709,HEYS,TNWLANS,TNW,5,HEYS4,Civil Item
14/02/2023,,1,HEYS4SCARE,HEYS4SCARE,TRCH,nan,RVSCIVAA,TRENCH RD X S/S VISUAL INSECTION,VICIVTC05,Do you want to report Trench or crossing?,TRENCH,nan,S-1008909,SRR-15725712,HEYS,TNWLANS,TNW,5,HEYS4,Civil Item
14/02/2023,,1,HEYS4SCARE,HEYS4SCARE,TRCH,nan,RVSCIVAA,TRENCH RD X S/S VISUAL INSECTION,VICIVTC05,Do you want to report Trench or crossing?,TRENCH,nan,S-1009236,SRR-15732398,HEYS,TNWLANS,TNW,5,HEYS4,Civil Item
14/02/2023,,1,HEYS4SCARE,HEYS4SCARE,TRCH,nan,RVSCIVAA,TRENCH RD X S/S VISUAL INSECTION,VICIVTC05,Do you want to report Trench or crossing?,TRENCH,nan,S-1009236,SRR-15732401,HEYS,TNWLANS,TNW,5,HEYS4,Civil Item
14/02/2023,,1,HEYS4SCARE,HEYS4SCARE,TRCH,nan,RVSCIVAA,TRENCH RD X S/S VISUAL INSECTION,VICIVTC05,Do you want to report Trench or crossing?,TRENCH,nan,S-1009236,SRR-15732404,HEYS,TNWLANS,TNW,5,HEYS4,Civil Item
14/02/2023,,1,HEYS4SCARE,HEYS4SCARE,TRCH,nan,RVSCIVAA,TRENCH RD X S/S VISUAL INSECTION,VICIVTC05,Do you want to report Trench or crossing?,TRENCH,nan,S-1009236,SRR-15732407,HEYS,TNWLANS,TNW,5,HEYS4,Civil Item
14/02/2023,,1,HEYS4SCARE,HEYS4SCARE,TRCH,nan,RVSCIVAA,TRENCH RD X S/S VISUAL INSECTION,VICIVTC05,Do you want to report Trench or crossing?,TRENCH,nan,S-1009236,SRR-15732410,HEYS,TNWLANS,TNW,5,HEYS4,Civil Item
14/02/2023,,1,HEYS4SCARE,HEYS4SCARE,TRCH,nan,RVSCIVAA,TRENCH RD X S/S VISUAL INSECTION,VICIVTC05,Do you want to report Trench or crossing?,TRENCH,nan,S-1009236,SRR-15732413,HEYS,TNWLANS,TNW,5,HEYS4,Civil Item
14/02/2023,,1,HEYS4SCARE,HEYS4SCARE,TRCH,nan,RVSCIVAA,TRENCH RD X S/S VISUAL INSECTION,VICIVTC05,Do you want to report Trench or crossing?,TRENCH,nan,S-1009236,SRR-15732416,HEYS,TNWLANS,TNW,5,HEYS4,Civil Item
14/02/2023,,1,HEYS4SCARE,HEYS4SCARE,TRCH,nan,RVSCIVAA,TRENCH RD X S/S VISUAL INSECTION,VICIVTC05,Do you want to report Trench or crossing?,TRENCH,nan,S-1009236,SRR-15732419,HEYS,TNWLANS,TNW,5,HEYS4,Civil Item
14/02/2023,,1,HEYS4SCARE,HEYS4SCARE,TRCH,nan,RVSCIVAA,TRENCH RD X S/S VISUAL INSECTION,VICIVTC05,Do you want to report Trench or crossing?,TRENCH,nan,S-1009236,SRR-15732422,HEYS,TNWLANS,TNW,5,HEYS4,Civil Item
14/02/2023,,1,HEYS4SCARE,HEYS4SCARE,TRCH,nan,RVSCIVAA,TRENCH RD X S/S VISUAL INSECTION,VICIVTC05,Do you want to report Trench or crossing?,TRENCH,nan,S-1009236,SRR-15732425,HEYS,TNWLANS,TNW,5,HEYS4,Civil Item
14/02/2023,,1,HEYS4SCARE,HEYS4SCARE,TRCH,nan,RVSCIVAA,TRENCH RD X S/S VISUAL INSECTION,VICIVTC05,Do you want to report Trench or crossing?,TRENCH,nan,S-1009236,SRR-15732428,HEYS,TNWLANS,TNW,5,HEYS4,Civil Item
14/02/2023,,1,HEYS4SCARE,HEYS4SCARE,TRCH,nan,RVSCIVAA,TRENCH RD X S/S VISUAL INSECTION,VICIVTC05,Do you want to report Trench or crossing?,TRENCH,nan,S-1009236,SRR-15732431,HEYS,TNWLANS,TNW,5,HEYS4,Civil Item
14/02/2023,,1,HEYS4SCARE,HEYS4SCARE,TRCH,nan,RVSCIVAA,TRENCH RD X S/S VISUAL INSECTION,VICIVTC05,Do you want to report Trench or crossing?,TRENCH,nan,S-1009236,SRR-15732434,HEYS,TNWLANS,TNW,5,HEYS4,Civil Item
14/02/2023,,1,HEYS4SCARE,HEYS4SCARE,TRCH,nan,RVSCIVAA,TRENCH RD X S/S VISUAL INSECTION,VICIVTC05,Do you want to report Trench or crossing?,TRENCH,nan,S-1009236,SRR-15732437,HEYS,TNWLANS,TNW,5,HEYS4,Civil Item
14/02/2023,,1,HEYS4SCARE,HEYS4SCARE,TRCH,nan,RVSCIVAA,TRENCH RD X S/S VISUAL INSECTION,VICIVTC05,Do you want to report Trench or crossing?,TRENCH,nan,S-1009236,SRR-15732440,HEYS,TNWLANS,TNW,5,HEYS4,Civil Item
14/02/2023,,1,HEYS4SCARE,HEYS4SCARE,TRCH,nan,RVSCIVAA,TRENCH RD X S/S VISUAL INSECTION,VICIVTC05,Do you want to report Trench or crossing?,TRENCH,nan,S-1009236,SRR-15732443,HEYS,TNWLANS,TNW,5,HEYS4,Civil Item
14/02/2023,1.0,4,HEYS4STECH,HEYS4STECH,GAN,nan,RVSGANAA,GANTRY S/S VISUAL INSPECTION,VICIVGA01,Do you want to report any condition deterioration of the asset?,YES,nan,S-1010369,SRR-15755068,HEYS,TNWLANS,TNW,11,HEYS4,Civil Item
15/02/2023,0.0,4,HEYS4STECH,HEYS4STECH,GAN,nan,RVSGANAA,GANTRY S/S VISUAL INSPECTION,VICIVGA01,Do you want to report any condition deterioration of the asset?,NO,nan,S-1010766,SRR-15763860,HEYS,TNWLANS,TNW,11,HEYS4,Civil Item
15/02/2023,,1,HEYS4SCARE,HEYS4SCARE,TRCH,nan,RVSCIVAA,TRENCH RD X S/S VISUAL INSECTION,VICIVTC05,Do you want to report Trench or crossing?,TRENCH,nan,S-1010795,SRR-15764262,HEYS,TNWLANS,TNW,5,HEYS4,Civil Item
15/02/2023,,1,HEYS1SCARE,HEYS1SCARE,TRCH,nan,RVSCIVAA,TRENCH RD X S/S VISUAL INSECTION,VICIVTC05,Do you want to report Trench or crossing?,TRENCH,nan,S-1011401,SRR-15774943,HEYS,TNWLANS,TNW,5,HEYS1,Civil Item
15/02/2023,,1,HEYS1SCARE,HEYS1SCARE,TRCH,nan,RVSCIVAA,TRENCH RD X S/S VISUAL INSECTION,VICIVTC05,Do you want to report Trench or crossing?,TRENCH,nan,S-1011401,SRR-15774946,HEYS,TNWLANS,TNW,5,HEYS1,Civil Item
15/02/2023,,1,HEYS1SCARE,HEYS1SCARE,TRCH,nan,RVSCIVAA,TRENCH RD X S/S VISUAL INSECTION,VICIVTC05,Do you want to report Trench or crossing?,TRENCH,nan,S-1011401,SRR-15774949,HEYS,TNWLANS,TNW,5,HEYS1,Civil Item
15/02/2023,,1,HEYS1SCARE,HEYS1SCARE,TRCH,nan,RVSCIVAA,TRENCH RD X S/S VISUAL INSECTION,VICIVTC05,Do you want to report Trench or crossing?,TRENCH,nan,S-1011401,SRR-15774952,HEYS,TNWLANS,TNW,5,HEYS1,Civil Item
15/02/2023,,1,HEYS1SCARE,HEYS1SCARE,TRCH,nan,RVSCIVAA,TRENCH RD X S/S VISUAL INSECTION,VICIVTC05,Do you want to report Trench or crossing?,TRENCH,nan,S-1011401,SRR-15774955,HEYS,TNWLANS,TNW,5,HEYS1,Civil Item
15/02/2023,,1,HEYS1SCARE,HEYS1SCARE,TRCH,nan,RVSCIVAA,TRENCH RD X S/S VISUAL INSECTION,VICIVTC05,Do you want to report Trench or crossing?,TRENCH,nan,S-1011401,SRR-15774958,HEYS,TNWLANS,TNW,5,HEYS1,Civil Item
15/02/2023,,1,HEYS1SCARE,HEYS1SCARE,TRCH,nan,RVSCIVAA,TRENCH RD X S/S VISUAL INSECTION,VICIVTC05,Do you want to report Trench or crossing?,TRENCH,nan,S-1011401,SRR-15774961,HEYS,TNWLANS,TNW,5,HEYS1,Civil Item
15/02/2023,,1,HEYS1SCARE,HEYS1SCARE,TRCH,nan,RVSCIVAA,TRENCH RD X S/S VISUAL INSECTION,VICIVTC05,Do you want to report Trench or crossing?,TRENCH,nan,S-1011401,SRR-15774964,HEYS,TNWLANS,TNW,5,HEYS1,Civil Item
15/02/2023,1.0,4,HEYS1STECH,HEYS1STECH,GAN,nan,RVSGANAA,GANTRY S/S VISUAL INSPECTION,VICIVGA01,Do you want to report any condition deterioration of the asset?,YES,nan,S-1011519,SRR-15778134,HEYS,TNWLANS,TNW,11,HEYS1,Civil Item
15/02/2023,,1,HEYS1SCARE,HEYS1SCARE,TRCH,nan,RVSCIVAA,TRENCH RD X S/S VISUAL INSECTION,VICIVTC05,Do you want to report Trench or crossing?,TRENCH,nan,S-1011746,SRR-15782598,HEYS,TNWLANS,TNW,5,HEYS1,Civil Item
15/02/2023,0.0,4,HEYS1STECH,HEYS1STECH,GAN,nan,RVSGANAA,GANTRY S/S VISUAL INSPECTION,VICIVGA01,Do you want to report any condition deterioration of the asset?,NO,nan,S-1011753,SRR-15782800,HEYS,TNWLANS,TNW,11,HEYS1,Civil Item
20/02/2023,,1,BRFO4SCARE,BRFO4SCARE,TRCH,nan,RVSCIVAA,TRENCH RD X S/S VISUAL INSECTION,VICIVTC05,Do you want to report Trench or crossing?,TRENCH,nan,S-1020024,SRR-15926980,BRFO,TCNSUFK,TCN,5,BRFO4,Civil Item
22/02/2023,1.0,4,CARR1STECH,CARR1STECH,GAN,nan,RVSGANAA,GANTRY S/S VISUAL INSPECTION,VICIVGA01,Do you want to report any condition deterioration of the asset?,YES,nan,S-1025549,SRR-16035900,CARR,TNWMANS,TNW,11,CARR1,Civil Item
22/02/2023,1.0,4,CARR2STECH,CARR2STECH,GAN,nan,RVSGANAA,GANTRY S/S VISUAL INSPECTION,VICIVGA01,Do you want to report any condition deterioration of the asset?,YES,nan,S-1027376,SRR-16062730,CARR,TNWMANS,TNW,11,CARR2,Civil Item
22/02/2023,1.0,4,CARR2STECH,CARR2STECH,GAN,nan,RVSGANAA,GANTRY S/S VISUAL INSPECTION,VICIVGA01,Do you want to report any condition deterioration of the asset?,YES,nan,S-1027386,SRR-16062832,CARR,TNWMANS,TNW,11,CARR2,Civil Item
28/02/2023,1.0,4,DAIN4STECH,DAIN4STECH,GAN,nan,RVSGANAA,GANTRY S/S VISUAL INSPECTION,VICIVGA01,Do you want to report any condition deterioration of the asset?,YES,nan,S-1033535,SRR-16131626,DAIN,TNWMANS,TNW,11,DAIN4,Civil Item
28/02/2023,,1,DAIN4SCARE,DAIN4SCARE,TRCH,nan,RVSCIVAA,TRENCH RD X S/S VISUAL INSECTION,VICIVTC05,Do you want to report Trench or crossing?,TRENCH,nan,S-1035379,SRR-16153190,DAIN,TNWMANS,TNW,5,DAIN4,Civil Item
28/02/2023,,1,DAIN4SCARE,DAIN4SCARE,TRCH,nan,RVSCIVAA,TRENCH RD X S/S VISUAL INSECTION,VICIVTC05,Do you want to report Trench or crossing?,TRENCH,nan,S-1035379,SRR-16153193,DAIN,TNWMANS,TNW,5,DAIN4,Civil Item
28/02/2023,,1,DAIN4SCARE,DAIN4SCARE,TRCH,nan,RVSCIVAA,TRENCH RD X S/S VISUAL INSECTION,VICIVTC05,Do you want to report Trench or crossing?,TRENCH,nan,S-1035379,SRR-16153196,DAIN,TNWMANS,TNW,5,DAIN4,Civil Item
28/02/2023,,1,DAIN4SCARE,DAIN4SCARE,TRCH,nan,RVSCIVAA,TRENCH RD X S/S VISUAL INSECTION,VICIVTC05,Do you want to report Trench or crossing?,TRENCH,nan,S-1035379,SRR-16153199,DAIN,TNWMANS,TNW,5,DAIN4,Civil Item
28/02/2023,,1,DAIN4SCARE,DAIN4SCARE,TRCH,nan,RVSCIVAA,TRENCH RD X S/S VISUAL INSECTION,VICIVTC05,Do you want to report Trench or crossing?,TRENCH,nan,S-1035379,SRR-16153202,DAIN,TNWMANS,TNW,5,DAIN4,Civil Item
28/02/2023,,1,DAIN4SCARE,DAIN4SCARE,TRCH,nan,RVSCIVAA,TRENCH RD X S/S VISUAL INSECTION,VICIVTC05,Do you want to report Trench or crossing?,TRENCH,nan,S-1035379,SRR-16153205,DAIN,TNWMANS,TNW,5,DAIN4,Civil Item
28/02/2023,,1,DAIN4SCARE,DAIN4SCARE,TRCH,nan,RVSCIVAA,TRENCH RD X S/S VISUAL INSECTION,VICIVTC05,Do you want to report Trench or crossing?,TRENCH,nan,S-1035379,SRR-16153208,DAIN,TNWMANS,TNW,5,DAIN4,Civil Item
28/02/2023,,1,DAIN4SCARE,DAIN4SCARE,TRCH,nan,RVSCIVAA,TRENCH RD X S/S VISUAL INSECTION,VICIVTC05,Do you want to report Trench or crossing?,TRENCH,nan,S-1035379,SRR-16153211,DAIN,TNWMANS,TNW,5,DAIN4,Civil Item
28/02/2023,,1,DAIN4SCARE,DAIN4SCARE,TRCH,nan,RVSCIVAA,TRENCH RD X S/S VISUAL INSECTION,VICIVTC05,Do you want to report Trench or crossing?,TRENCH,nan,S-1035379,SRR-16153214,DAIN,TNWMANS,TNW,5,DAIN4,Civil Item
28/02/2023,,1,DAIN4SCARE,DAIN4SCARE,TRCH,nan,RVSCIVAA,TRENCH RD X S/S VISUAL INSECTION,VICIVTC05,Do you want to report Trench or crossing?,TRENCH,nan,S-1035379,SRR-16153217,DAIN,TNWMANS,TNW,5,DAIN4,Civil Item
28/02/2023,,1,DAIN4SCARE,DAIN4SCARE,TRCH,nan,RVSCIVAA,TRENCH RD X S/S VISUAL INSECTION,VICIVTC05,Do you want to report Trench or crossing?,TRENCH,nan,S-1035379,SRR-16153220,DAIN,TNWMANS,TNW,5,DAIN4,Civil Item
28/02/2023,,1,DAIN4SCARE,DAIN4SCARE,TRCH,nan,RVSCIVAA,TRENCH RD X S/S VISUAL INSECTION,VICIVTC05,Do you want to report Trench or crossing?,TRENCH,nan,S-1035379,SRR-16153223,DAIN,TNWMANS,TNW,5,DAIN4,Civil Item
28/02/2023,,1,DAIN4SCARE,DAIN4SCARE,TRCH,nan,RVSCIVAA,TRENCH RD X S/S VISUAL INSECTION,VICIVTC05,Do you want to report Trench or crossing?,TRENCH,nan,S-1035379,SRR-16153226,DAIN,TNWMANS,TNW,5,DAIN4,Civil Item
28/02/2023,,1,DAIN4SCARE,DAIN4SCARE,TRCH,nan,RVSCIVAA,TRENCH RD X S/S VISUAL INSECTION,VICIVTC05,Do you want to report Trench or crossing?,TRENCH,nan,S-1035379,SRR-16153229,DAIN,TNWMANS,TNW,5,DAIN4,Civil Item
28/02/2023,,1,DAIN4SCARE,DAIN4SCARE,TRCH,nan,RVSCIVAA,TRENCH RD X S/S VISUAL INSECTION,VICIVTC05,Do you want to report Trench or crossing?,TRENCH,nan,S-1035379,SRR-16153232,DAIN,TNWMANS,TNW,5,DAIN4,Civil Item
28/02/2023,,1,DAIN4SCARE,DAIN4SCARE,TRCH,nan,RVSCIVAA,TRENCH RD X S/S VISUAL INSECTION,VICIVTC05,Do you want to report Trench or crossing?,TRENCH,nan,S-1035379,SRR-16153235,DAIN,TNWMANS,TNW,5,DAIN4,Civil Item
01/03/2023,1.0,4,DAIN4STECH,DAIN4STECH,GAN,nan,RVSGANAA,GANTRY S/S VISUAL INSPECTION,VICIVGA01,Do you want to report any condition deterioration of the asset?,YES,nan,S-1036233,SRR-16169150,DAIN,TNWMANS,TNW,11,DAIN4,Civil Item
07/03/2023,,1,EGGB4SCARE,EGGB4SCARE,TRCH,nan,RVSCIVAA,TRENCH RD X S/S VISUAL INSECTION,VICIVTC05,Do you want to report Trench or crossing?,TRENCH,nan,S-1048379,SRR-16290470,EGGB,TNENHUM,TNE,5,EGGB4,Civil Item
07/03/2023,,1,EGGB4SCARE,EGGB4SCARE,TRCH,nan,RVSCIVAA,TRENCH RD X S/S VISUAL INSECTION,VICIVTC05,Do you want to report Trench or crossing?,TRENCH,nan,S-1048379,SRR-16290473,EGGB,TNENHUM,TNE,5,EGGB4,Civil Item
07/03/2023,,1,EGGB4SCARE,EGGB4SCARE,TRCH,nan,RVSCIVAA,TRENCH RD X S/S VISUAL INSECTION,VICIVTC05,Do you want to report Trench or crossing?,TRENCH,nan,S-1048379,SRR-16290476,EGGB,TNENHUM,TNE,5,EGGB4,Civil Item
07/03/2023,,1,EGGB4SCARE,EGGB4SCARE,TRCH,nan,RVSCIVAA,TRENCH RD X S/S VISUAL INSECTION,VICIVTC05,Do you want to report Trench or crossing?,TRENCH,nan,S-1048379,SRR-16290479,EGGB,TNENHUM,TNE,5,EGGB4,Civil Item
07/03/2023,,1,EGGB4SCARE,EGGB4SCARE,TRCH,nan,RVSCIVAA,TRENCH RD X S/S VISUAL INSECTION,VICIVTC05,Do you want to report Trench or crossing?,TRENCH,nan,S-1048379,SRR-16290482,EGGB,TNENHUM,TNE,5,EGGB4,Civil Item
07/03/2023,,1,EGGB4SCARE,EGGB4SCARE,TRCH,nan,RVSCIVAA,TRENCH RD X S/S VISUAL INSECTION,VICIVTC05,Do you want to report Trench or crossing?,TRENCH,nan,S-1048379,SRR-16290485,EGGB,TNENHUM,TNE,5,EGGB4,Civil Item
07/03/2023,,1,EGGB4SCARE,EGGB4SCARE,TRCH,nan,RVSCIVAA,TRENCH RD X S/S VISUAL INSECTION,VICIVTC05,Do you want to report Trench or crossing?,TRENCH,nan,S-1048379,SRR-16290488,EGGB,TNENHUM,TNE,5,EGGB4,Civil Item
07/03/2023,,1,EGGB4SCARE,EGGB4SCARE,TRCH,nan,RVSCIVAA,TRENCH RD X S/S VISUAL INSECTION,VICIVTC05,Do you want to report Trench or crossing?,TRENCH,nan,S-1048379,SRR-16290491,EGGB,TNENHUM,TNE,5,EGGB4,Civil Item
07/03/2023,,1,EGGB4SCARE,EGGB4SCARE,TRCH,nan,RVSCIVAA,TRENCH RD X S/S VISUAL INSECTION,VICIVTC05,Do you want to report Trench or crossing?,TRENCH,nan,S-1048379,SRR-16290494,EGGB,TNENHUM,TNE,5,EGGB4,Civil Item
07/03/2023,,1,EGGB4SCARE,EGGB4SCARE,TRCH,nan,RVSCIVAA,TRENCH RD X S/S VISUAL INSECTION,VICIVTC05,Do you want to report Trench or crossing?,TRENCH,nan,S-1048379,SRR-16290497,EGGB,TNENHUM,TNE,5,EGGB4,Civil Item
07/03/2023,,1,EGGB4SCARE,EGGB4SCARE,TRCH,nan,RVSCIVAA,TRENCH RD X S/S VISUAL INSECTION,VICIVTC05,Do you want to report Trench or crossing?,TRENCH,nan,S-1048379,SRR-16290500,EGGB,TNENHUM,TNE,5,EGGB4,Civil Item
07/03/2023,,1,EGGB4SCARE,EGGB4SCARE,TRCH,nan,RVSCIVAA,TRENCH RD X S/S VISUAL INSECTION,VICIVTC05,Do you want to report Trench or crossing?,TRENCH,nan,S-1048379,SRR-16290503,EGGB,TNENHUM,TNE,5,EGGB4,Civil Item
07/03/2023,,1,EGGB4SCARE,EGGB4SCARE,TRCH,nan,RVSCIVAA,TRENCH RD X S/S VISUAL INSECTION,VICIVTC05,Do you want to report Trench or crossing?,TRENCH,nan,S-1048379,SRR-16290506,EGGB,TNENHUM,TNE,5,EGGB4,Civil Item
07/03/2023,,1,EGGB4SCARE,EGGB4SCARE,TRCH,nan,RVSCIVAA,TRENCH RD X S/S VISUAL INSECTION,VICIVTC05,Do you want to report Trench or crossing?,TRENCH,nan,S-1048379,SRR-16290509,EGGB,TNENHUM,TNE,5,EGGB4,Civil Item
07/03/2023,,1,EGGB4SCARE,EGGB4SCARE,TRCH,nan,RVSCIVAA,TRENCH RD X S/S VISUAL INSECTION,VICIVTC05,Do you want to report Trench or crossing?,TRENCH,nan,S-1048379,SRR-16290512,EGGB,TNENHUM,TNE,5,EGGB4,Civil Item
07/03/2023,,1,EGGB4SCARE,EGGB4SCARE,TRCH,nan,RVSCIVAA,TRENCH RD X S/S VISUAL INSECTION,VICIVTC05,Do you want to report Trench or crossing?,TRENCH,nan,S-1048379,SRR-16290515,EGGB,TNENHUM,TNE,5,EGGB4,Civil Item
07/03/2023,,1,EGGB4SCARE,EGGB4SCARE,TRCH,nan,RVSCIVAA,TRENCH RD X S/S VISUAL INSECTION,VICIVTC05,Do you want to report Trench or crossing?,TRENCH,nan,S-1048379,SRR-16290518,EGGB,TNENHUM,TNE,5,EGGB4,Civil Item
07/03/2023,,1,EGGB4SCARE,EGGB4SCARE,TRCH,nan,RVSCIVAA,TRENCH RD X S/S VISUAL INSECTION,VICIVTC05,Do you want to report Trench or crossing?,TRENCH,nan,S-1048379,SRR-16290521,EGGB,TNENHUM,TNE,5,EGGB4,Civil Item
07/03/2023,,1,EGGB4SCARE,EGGB4SCARE,TRCH,nan,RVSCIVAA,TRENCH RD X S/S VISUAL INSECTION,VICIVTC05,Do you want to report Trench or crossing?,TRENCH,nan,S-1048379,SRR-16290524,EGGB,TNENHUM,TNE,5,EGGB4,Civil Item
07/03/2023,,1,EGGB4SCARE,EGGB4SCARE,TRCH,nan,RVSCIVAA,TRENCH RD X S/S VISUAL INSECTION,VICIVTC05,Do you want to report Trench or crossing?,TRENCH,nan,S-1048379,SRR-16290527,EGGB,TNENHUM,TNE,5,EGGB4,Civil Item
07/03/2023,,1,EGGB4SCARE,EGGB4SCARE,TRCH,nan,RVSCIVAA,TRENCH RD X S/S VISUAL INSECTION,VICIVTC05,Do you want to report Trench or crossing?,TRENCH,nan,S-1048379,SRR-16290530,EGGB,TNENHUM,TNE,5,EGGB4,Civil Item
07/03/2023,,1,EGGB4SCARE,EGGB4SCARE,TRCH,nan,RVSCIVAA,TRENCH RD X S/S VISUAL INSECTION,VICIVTC05,Do you want to report Trench or crossing?,TRENCH,nan,S-1048379,SRR-16290533,EGGB,TNENHUM,TNE,5,EGGB4,Civil Item
07/03/2023,,1,EGGB4SCARE,EGGB4SCARE,TRCH,nan,RVSCIVAA,TRENCH RD X S/S VISUAL INSECTION,VICIVTC05,Do you want to report Trench or crossing?,TRENCH,nan,S-1048379,SRR-16290536,EGGB,TNENHUM,TNE,5,EGGB4,Civil Item
07/03/2023,,1,EGGB4SCARE,EGGB4SCARE,TRCH,nan,RVSCIVAA,TRENCH RD X S/S VISUAL INSECTION,VICIVTC05,Do you want to report Trench or crossing?,TRENCH,nan,S-1048379,SRR-16290539,EGGB,TNENHUM,TNE,5,EGGB4,Civil Item
07/03/2023,,1,EGGB4SCARE,EGGB4SCARE,TRCH,nan,RVSCIVAA,TRENCH RD X S/S VISUAL INSECTION,VICIVTC05,Do you want to report Trench or crossing?,TRENCH,nan,S-1048379,SRR-16290542,EGGB,TNENHUM,TNE,5,EGGB4,Civil Item
07/03/2023,,1,EGGB4SCARE,EGGB4SCARE,TRCH,nan,RVSCIVAA,TRENCH RD X S/S VISUAL INSECTION,VICIVTC05,Do you want to report Trench or crossing?,TRENCH,nan,S-1048379,SRR-16290545,EGGB,TNENHUM,TNE,5,EGGB4,Civil Item
07/03/2023,,1,EGGB4SCARE,EGGB4SCARE,TRCH,nan,RVSCIVAA,TRENCH RD X S/S VISUAL INSECTION,VICIVTC05,Do you want to report Trench or crossing?,TRENCH,nan,S-1048379,SRR-16290548,EGGB,TNENHUM,TNE,5,EGGB4,Civil Item
07/03/2023,,1,EGGB4SCARE,EGGB4SCARE,TRCH,nan,RVSCIVAA,TRENCH RD X S/S VISUAL INSECTION,VICIVTC05,Do you want to report Trench or crossing?,TRENCH,nan,S-1048379,SRR-16290551,EGGB,TNENHUM,TNE,5,EGGB4,Civil Item
07/03/2023,,1,EGGB4SCARE,EGGB4SCARE,TRCH,nan,RVSCIVAA,TRENCH RD X S/S VISUAL INSECTION,VICIVTC05,Do you want to report Trench or crossing?,TRENCH,nan,S-1048379,SRR-16290554,EGGB,TNENHUM,TNE,5,EGGB4,Civil Item
07/03/2023,,1,EGGB4SCARE,EGGB4SCARE,TRCH,nan,RVSCIVAA,TRENCH RD X S/S VISUAL INSECTION,VICIVTC05,Do you want to report Trench or crossing?,TRENCH,nan,S-1048379,SRR-16290557,EGGB,TNENHUM,TNE,5,EGGB4,Civil Item
07/03/2023,,1,EGGB4SCARE,EGGB4SCARE,TRCH,nan,RVSCIVAA,TRENCH RD X S/S VISUAL INSECTION,VICIVTC05,Do you want to report Trench or crossing?,TRENCH,nan,S-1048379,SRR-16290560,EGGB,TNENHUM,TNE,5,EGGB4,Civil Item
07/03/2023,1.0,4,EGGB4STECH,EGGB4STECH,GAN,nan,RVSGANAA,GANTRY S/S VISUAL INSPECTION,VICIVGA01,Do you want to report any condition deterioration of the asset?,YES,nan,S-1049921,SRR-16304573,EGGB,TNENHUM,TNE,11,EGGB4,Civil Item
07/03/2023,,1,HIGM2SCARE,HIGM2SCARE,TRCH,nan,RVSCIVAA,TRENCH RD X S/S VISUAL INSECTION,VICIVTC05,Do you want to report Trench or crossing?,TRENCH,nan,S-1049952,SRR-16304968,HIGM,TNETVAL,TNE,5,HIGM2,Civil Item
07/03/2023,,1,HIGM2SCARE,HIGM2SCARE,TRCH,nan,RVSCIVAA,TRENCH RD X S/S VISUAL INSECTION,VICIVTC05,Do you want to report Trench or crossing?,TRENCH,nan,S-1049952,SRR-16304971,HIGM,TNETVAL,TNE,5,HIGM2,Civil Item
07/03/2023,,1,HIGM2SCARE,HIGM2SCARE,TRCH,nan,RVSCIVAA,TRENCH RD X S/S VISUAL INSECTION,VICIVTC05,Do you want to report Trench or crossing?,TRENCH,nan,S-1049952,SRR-16304974,HIGM,TNETVAL,TNE,5,HIGM2,Civil Item
08/03/2023,,1,HIGM2SCARE,HIGM2SCARE,TRCH,nan,RVSCIVAA,TRENCH RD X S/S VISUAL INSECTION,VICIVTC05,Do you want to report Trench or crossing?,TRENCH,nan,S-1050390,SRR-16310981,HIGM,TNETVAL,TNE,5,HIGM2,Civil Item
08/03/2023,1.0,4,HIGM2STECH,HIGM2STECH,GAN,nan,RVSGANAA,GANTRY S/S VISUAL INSPECTION,VICIVGA01,Do you want to report any condition deterioration of the asset?,YES,nan,S-1050623,SRR-16314310,HIGM,TNETVAL,TNE,11,HIGM2,Civil Item
08/03/2023,1.0,4,HIGM4STECH,HIGM4STECH,GAN,nan,RVSGANAA,GANTRY S/S VISUAL INSPECTION,VICIVGA01,Do you want to report any condition deterioration of the asset?,YES,nan,S-1052264,SRR-16329048,HIGM,TNETVAL,TNE,11,HIGM4,Civil Item
08/03/2023,,1,HIGM4SCARE,HIGM4SCARE,TRCH,nan,RVSCIVAA,TRENCH RD X S/S VISUAL INSECTION,VICIVTC05,Do you want to report Trench or crossing?,TRENCH,nan,S-1052405,SRR-16330172,HIGM,TNETVAL,TNE,5,HIGM4,Civil Item
08/03/2023,0.0,4,HIGM4STECH,HIGM4STECH,GAN,nan,RVSGANAA,GANTRY S/S VISUAL INSPECTION,VICIVGA01,Do you want to report any condition deterioration of the asset?,NO,nan,S-1052441,SRR-16330755,HIGM,TNETVAL,TNE,11,HIGM4,Civil Item
08/03/2023,0.0,4,HIGM2STECH,HIGM2STECH,GAN,nan,RVSGANAA,GANTRY S/S VISUAL INSPECTION,VICIVGA01,Do you want to report any condition deterioration of the asset?,NO,nan,S-1052444,SRR-16330767,HIGM,TNETVAL,TNE,11,HIGM2,Civil Item
07/03/2023,1.0,4,EGGB4STECH,EGGB4STECH,GAN,nan,RVSGANAA,GANTRY S/S VISUAL INSPECTION,VICIVGA01,Do you want to report any condition deterioration of the asset?,YES,nan,S-1052734,SRR-16333277,EGGB,TNENHUM,TNE,11,EGGB4,Civil Item
08/03/2023,0.0,4,EGGB4STECH,EGGB4STECH,GAN,nan,RVSGANAA,GANTRY S/S VISUAL INSPECTION,VICIVGA01,Do you want to report any condition deterioration of the asset?,NO,nan,S-1053367,SRR-16339036,EGGB,TNENHUM,TNE,11,EGGB4,Civil Item
08/03/2023,0.0,4,EGGB4STECH,EGGB4STECH,GAN,nan,RVSGANAA,GANTRY S/S VISUAL INSPECTION,VICIVGA01,Do you want to report any condition deterioration of the asset?,NO,nan,S-1053374,SRR-16339098,EGGB,TNENHUM,TNE,11,EGGB4,Civil Item
08/03/2023,,1,EGGB4SCARE,EGGB4SCARE,TRCH,nan,RVSCIVAA,TRENCH RD X S/S VISUAL INSECTION,VICIVTC05,Do you want to report Trench or crossing?,TRENCH,nan,S-1053408,SRR-16339609,EGGB,TNENHUM,TNE,5,EGGB4,Civil Item
08/03/2023,,1,EGGB4SCARE,EGGB4SCARE,TRCH,nan,RVSCIVAA,TRENCH RD X S/S VISUAL INSECTION,VICIVTC05,Do you want to report Trench or crossing?,TRENCH,nan,S-1053474,SRR-16340341,EGGB,TNENHUM,TNE,5,EGGB4,Civil Item
14/03/2023,1.0,4,CHTE2STECH,CHTE2STECH,GAN,nan,RVSGANAA,GANTRY S/S VISUAL INSPECTION,VICIVGA01,Do you want to report any condition deterioration of the asset?,YES,nan,S-1065099,SRR-16460757,CHTE,TNETVAL,TNE,11,CHTE2,Civil Item
14/03/2023,,1,MONF2SCARE,MONF2SCARE,TRCH,nan,RVSCIVAA,TRENCH RD X S/S VISUAL INSECTION,VICIVTC05,Do you want to report Trench or crossing?,TRENCH,nan,S-1065484,SRR-16463485,MONF,TNELEDS,TNE,5,MONF2,Civil Item
14/03/2023,,1,MONF2SCARE,MONF2SCARE,TRCH,nan,RVSCIVAA,TRENCH RD X S/S VISUAL INSECTION,VICIVTC05,Do you want to report Trench or crossing?,TRENCH,nan,S-1065484,SRR-16463488,MONF,TNELEDS,TNE,5,MONF2,Civil Item
14/03/2023,,1,MONF2SCARE,MONF2SCARE,TRCH,nan,RVSCIVAA,TRENCH RD X S/S VISUAL INSECTION,VICIVTC05,Do you want to report Trench or crossing?,VEHICLE CROSSING,nan,S-1065484,SRR-16463491,MONF,TNELEDS,TNE,5,MONF2,Civil Item
14/03/2023,1.0,4,CHTE1STECH,CHTE1STECH,GAN,nan,RVSGANAA,GANTRY S/S VISUAL INSPECTION,VICIVGA01,Do you want to report any condition deterioration of the asset?,YES,nan,S-1065678,SRR-16464980,CHTE,TNETVAL,TNE,11,CHTE1,Civil Item
14/03/2023,,1,CHTE1SCARE,CHTE1SCARE,TRCH,nan,RVSCIVAA,TRENCH RD X S/S VISUAL INSECTION,VICIVTC05,Do you want to report Trench or crossing?,TRENCH,nan,S-1065690,SRR-16465075,CHTE,TNETVAL,TNE,5,CHTE1,Civil Item
14/03/2023,,1,CHTE1SCARE,CHTE1SCARE,TRCH,nan,RVSCIVAA,TRENCH RD X S/S VISUAL INSECTION,VICIVTC05,Do you want to report Trench or crossing?,TRENCH,nan,S-1065690,SRR-16465078,CHTE,TNETVAL,TNE,5,CHTE1,Civil Item
14/03/2023,,1,CHTE1SCARE,CHTE1SCARE,TRCH,nan,RVSCIVAA,TRENCH RD X S/S VISUAL INSECTION,VICIVTC05,Do you want to report Trench or crossing?,TRENCH,nan,S-1065690,SRR-16465081,CHTE,TNETVAL,TNE,5,CHTE1,Civil Item
14/03/2023,,1,CHTE1SCARE,CHTE1SCARE,TRCH,nan,RVSCIVAA,TRENCH RD X S/S VISUAL INSECTION,VICIVTC05,Do you want to report Trench or crossing?,TRENCH,nan,S-1065690,SRR-16465084,CHTE,TNETVAL,TNE,5,CHTE1,Civil Item
14/03/2023,,1,CHTE1SCARE,CHTE1SCARE,TRCH,nan,RVSCIVAA,TRENCH RD X S/S VISUAL INSECTION,VICIVTC05,Do you want to report Trench or crossing?,TRENCH,nan,S-1065690,SRR-16465087,CHTE,TNETVAL,TNE,5,CHTE1,Civil Item
14/03/2023,,1,CHTE1SCARE,CHTE1SCARE,TRCH,nan,RVSCIVAA,TRENCH RD X S/S VISUAL INSECTION,VICIVTC05,Do you want to report Trench or crossing?,TRENCH,nan,S-1065690,SRR-16465090,CHTE,TNETVAL,TNE,5,CHTE1,Civil Item
14/03/2023,,1,CHTE1SCARE,CHTE1SCARE,TRCH,nan,RVSCIVAA,TRENCH RD X S/S VISUAL INSECTION,VICIVTC05,Do you want to report Trench or crossing?,TRENCH,nan,S-1065690,SRR-16465093,CHTE,TNETVAL,TNE,5,CHTE1,Civil Item
14/03/2023,,1,CHTE1SCARE,CHTE1SCARE,TRCH,nan,RVSCIVAA,TRENCH RD X S/S VISUAL INSECTION,VICIVTC05,Do you want to report Trench or crossing?,TRENCH,nan,S-1065690,SRR-16465096,CHTE,TNETVAL,TNE,5,CHTE1,Civil Item
14/03/2023,,1,CHTE1SCARE,CHTE1SCARE,TRCH,nan,RVSCIVAA,TRENCH RD X S/S VISUAL INSECTION,VICIVTC05,Do you want to report Trench or crossing?,TRENCH,nan,S-1065690,SRR-16465099,CHTE,TNETVAL,TNE,5,CHTE1,Civil Item
14/03/2023,,1,CHTE1SCARE,CHTE1SCARE,TRCH,nan,RVSCIVAA,TRENCH RD X S/S VISUAL INSECTION,VICIVTC05,Do you want to report Trench or crossing?,TRENCH,nan,S-1065690,SRR-16465102,CHTE,TNETVAL,TNE,5,CHTE1,Civil Item
14/03/2023,,1,CHTE1SCARE,CHTE1SCARE,TRCH,nan,RVSCIVAA,TRENCH RD X S/S VISUAL INSECTION,VICIVTC05,Do you want to report Trench or crossing?,TRENCH,nan,S-1065690,SRR-16465105,CHTE,TNETVAL,TNE,5,CHTE1,Civil Item
15/03/2023,,1,MONF2SCARE,MONF2SCARE,TRCH,nan,RVSCIVAA,TRENCH RD X S/S VISUAL INSECTION,VICIVTC05,Do you want to report Trench or crossing?,TRENCH,nan,S-1066317,SRR-16470640,MONF,TNELEDS,TNE,5,MONF2,Civil Item
15/03/2023,,1,MONF4SCARE,MONF4SCARE,TRCH,nan,RVSCIVAA,TRENCH RD X S/S VISUAL INSECTION,VICIVTC05,Do you want to report Trench or crossing?,TRENCH,nan,S-1066331,SRR-16470724,MONF,TNELEDS,TNE,5,MONF4,Civil Item
15/03/2023,1.0,4,MONF4STECH,MONF4STECH,GAN,nan,RVSGANAA,GANTRY S/S VISUAL INSPECTION,VICIVGA01,Do you want to report any condition deterioration of the asset?,YES,nan,S-1066778,SRR-16475177,MONF,TNELEDS,TNE,11,MONF4,Civil Item
15/03/2023,1.0,4,MONF2STECH,MONF2STECH,GAN,nan,RVSGANAA,GANTRY S/S VISUAL INSPECTION,VICIVGA01,Do you want to report any condition deterioration of the asset?,YES,nan,S-1067237,SRR-16479292,MONF,TNELEDS,TNE,11,MONF2,Civil Item
15/03/2023,0.0,4,MONF4STECH,MONF4STECH,GAN,nan,RVSGANAA,GANTRY S/S VISUAL INSPECTION,VICIVGA01,Do you want to report any condition deterioration of the asset?,NO,nan,S-1069326,SRR-16495365,MONF,TNELEDS,TNE,11,MONF4,Civil Item
15/03/2023,0.0,4,MONF2STECH,MONF2STECH,GAN,nan,RVSGANAA,GANTRY S/S VISUAL INSPECTION,VICIVGA01,Do you want to report any condition deterioration of the asset?,NO,nan,S-1069327,SRR-16495369,MONF,TNELEDS,TNE,11,MONF2,Civil Item
16/03/2023,,1,MONF4SCARE,MONF4SCARE,TRCH,nan,RVSCIVAA,TRENCH RD X S/S VISUAL INSECTION,VICIVTC05,Do you want to report Trench or crossing?,VEHICLE CROSSING,nan,S-1070265,SRR-16504273,MONF,TNELEDS,TNE,5,MONF4,Civil Item
16/03/2023,,1,CHTE2SCARE,CHTE2SCARE,TRCH,nan,RVSCIVAA,TRENCH RD X S/S VISUAL INSECTION,VICIVTC05,Do you want to report Trench or crossing?,TRENCH,nan,S-1071121,SRR-16511596,CHTE,TNETVAL,TNE,5,CHTE2,Civil Item
16/03/2023,,1,CHTE2SCARE,CHTE2SCARE,TRCH,nan,RVSCIVAA,TRENCH RD X S/S VISUAL INSECTION,VICIVTC05,Do you want to report Trench or crossing?,TRENCH,nan,S-1071121,SRR-16511599,CHTE,TNETVAL,TNE,5,CHTE2,Civil Item
16/03/2023,,1,CHTE2SCARE,CHTE2SCARE,TRCH,nan,RVSCIVAA,TRENCH RD X S/S VISUAL INSECTION,VICIVTC05,Do you want to report Trench or crossing?,TRENCH,nan,S-1071121,SRR-16511602,CHTE,TNETVAL,TNE,5,CHTE2,Civil Item
16/03/2023,,1,CHTE2SCARE,CHTE2SCARE,TRCH,nan,RVSCIVAA,TRENCH RD X S/S VISUAL INSECTION,VICIVTC05,Do you want to report Trench or crossing?,TRENCH,nan,S-1071121,SRR-16511605,CHTE,TNETVAL,TNE,5,CHTE2,Civil Item
16/03/2023,,1,CHTE2SCARE,CHTE2SCARE,TRCH,nan,RVSCIVAA,TRENCH RD X S/S VISUAL INSECTION,VICIVTC05,Do you want to report Trench or crossing?,TRENCH,nan,S-1071121,SRR-16511608,CHTE,TNETVAL,TNE,5,CHTE2,Civil Item
16/03/2023,,1,CHTE2SCARE,CHTE2SCARE,TRCH,nan,RVSCIVAA,TRENCH RD X S/S VISUAL INSECTION,VICIVTC05,Do you want to report Trench or crossing?,TRENCH,nan,S-1071121,SRR-16511611,CHTE,TNETVAL,TNE,5,CHTE2,Civil Item
16/03/2023,,1,CHTE2SCARE,CHTE2SCARE,TRCH,nan,RVSCIVAA,TRENCH RD X S/S VISUAL INSECTION,VICIVTC05,Do you want to report Trench or crossing?,TRENCH,nan,S-1071121,SRR-16511614,CHTE,TNETVAL,TNE,5,CHTE2,Civil Item
16/03/2023,,1,CHTE2SCARE,CHTE2SCARE,TRCH,nan,RVSCIVAA,TRENCH RD X S/S VISUAL INSECTION,VICIVTC05,Do you want to report Trench or crossing?,TRENCH,nan,S-1071121,SRR-16511617,CHTE,TNETVAL,TNE,5,CHTE2,Civil Item
16/03/2023,,1,CHTE2SCARE,CHTE2SCARE,TRCH,nan,RVSCIVAA,TRENCH RD X S/S VISUAL INSECTION,VICIVTC05,Do you want to report Trench or crossing?,TRENCH,nan,S-1071121,SRR-16511620,CHTE,TNETVAL,TNE,5,CHTE2,Civil Item
20/03/2023,,1,CHTE1SCARE,CHTE1SCARE,TRCH,nan,RVSCIVAA,TRENCH RD X S/S VISUAL INSECTION,VICIVTC05,Do you want to report Trench or crossing?,TRENCH,nan,S-1077680,SRR-16587309,CHTE,TNETVAL,TNE,5,CHTE1,Civil Item
20/03/2023,,1,CHTE1SCARE,CHTE1SCARE,TRCH,nan,RVSCIVAA,TRENCH RD X S/S VISUAL INSECTION,VICIVTC05,Do you want to report Trench or crossing?,TRENCH,nan,S-1077682,SRR-16587314,CHTE,TNETVAL,TNE,5,CHTE1,Civil Item
20/03/2023,,1,CHTE1SCARE,CHTE1SCARE,TRCH,nan,RVSCIVAA,TRENCH RD X S/S VISUAL INSECTION,VICIVTC05,Do you want to report Trench or crossing?,TRENCH,nan,S-1077684,SRR-16587319,CHTE,TNETVAL,TNE,5,CHTE1,Civil Item
20/03/2023,,1,CHTE2SCARE,CHTE2SCARE,TRCH,nan,RVSCIVAA,TRENCH RD X S/S VISUAL INSECTION,VICIVTC05,Do you want to report Trench or crossing?,TRENCH,nan,S-1077686,SRR-16587324,CHTE,TNETVAL,TNE,5,CHTE2,Civil Item
20/03/2023,,1,CHTE2SCARE,CHTE2SCARE,TRCH,nan,RVSCIVAA,TRENCH RD X S/S VISUAL INSECTION,VICIVTC05,Do you want to report Trench or crossing?,TRENCH,nan,S-1077688,SRR-16587329,CHTE,TNETVAL,TNE,5,CHTE2,Civil Item
20/03/2023,,1,CHTE2SCARE,CHTE2SCARE,TRCH,nan,RVSCIVAA,TRENCH RD X S/S VISUAL INSECTION,VICIVTC05,Do you want to report Trench or crossing?,TRENCH,nan,S-1077690,SRR-16587334,CHTE,TNETVAL,TNE,5,CHTE2,Civil Item
27/03/2023,1.0,4,EASO1STECH,EASO1STECH,GAN,nan,RVSGANAA,GANTRY S/S VISUAL INSPECTION,VICIVGA01,Do you want to report any condition deterioration of the asset?,YES,nan,S-1093790,SRR-16719269,EASO,TCNWANG,TCN,11,EASO1,Civil Item
28/03/2023,1.0,4,EASO4STECH,EASO4STECH,GAN,nan,RVSGANAA,GANTRY S/S VISUAL INSPECTION,VICIVGA01,Do you want to report any condition deterioration of the asset?,YES,nan,S-1093839,SRR-16719857,EASO,TCNWANG,TCN,11,EASO4,Civil Item
28/03/2023,,1,EASO4SCARE,EASO4SCARE,TRCH,nan,RVSCIVAA,TRENCH RD X S/S VISUAL INSECTION,VICIVTC05,Do you want to report Trench or crossing?,TRENCH,nan,S-1093869,SRR-16720033,EASO,TCNWANG,TCN,5,EASO4,Civil Item
28/03/2023,,1,EASO4SCARE,EASO4SCARE,TRCH,nan,RVSCIVAA,TRENCH RD X S/S VISUAL INSECTION,VICIVTC05,Do you want to report Trench or crossing?,TRENCH,nan,S-1094147,SRR-16723248,EASO,TCNWANG,TCN,5,EASO4,Civil Item
28/03/2023,,1,EASO4SCARE,EASO4SCARE,TRCH,nan,RVSCIVAA,TRENCH RD X S/S VISUAL INSECTION,VICIVTC05,Do you want to report Trench or crossing?,TRENCH,nan,S-1094157,SRR-16723398,EASO,TCNWANG,TCN,5,EASO4,Civil Item
28/03/2023,,1,EASO4SCARE,EASO4SCARE,TRCH,nan,RVSCIVAA,TRENCH RD X S/S VISUAL INSECTION,VICIVTC05,Do you want to report Trench or crossing?,TRENCH,nan,S-1094168,SRR-16723461,EASO,TCNWANG,TCN,5,EASO4,Civil Item
28/03/2023,0.0,4,EASO4STECH,EASO4STECH,GAN,nan,RVSGANAA,GANTRY S/S VISUAL INSPECTION,VICIVGA01,Do you want to report any condition deterioration of the asset?,NO,nan,S-1094179,SRR-16723526,EASO,TCNWANG,TCN,11,EASO4,Civil Item
28/03/2023,0.0,4,EASO4STECH,EASO4STECH,GAN,nan,RVSGANAA,GANTRY S/S VISUAL INSPECTION,VICIVGA01,Do you want to report any condition deterioration of the asset?,NO,nan,S-1094206,SRR-16723685,EASO,TCNWANG,TCN,11,EASO4,Civil Item
28/03/2023,0.0,4,EASO4STECH,EASO4STECH,GAN,nan,RVSGANAA,GANTRY S/S VISUAL INSPECTION,VICIVGA01,Do you want to report any condition deterioration of the asset?,NO,nan,S-1094215,SRR-16723755,EASO,TCNWANG,TCN,11,EASO4,Civil Item
28/03/2023,,1,LACK4SCARE,LACK4SCARE,TRCH,nan,RVSCIVAA,TRENCH RD X S/S VISUAL INSECTION,VICIVTC05,Do you want to report Trench or crossing?,TRENCH,nan,S-1097021,SRR-16744933,LACK,TNETEES,TNE,5,LACK4,Civil Item
28/03/2023,,1,LACK4SCARE,LACK4SCARE,TRCH,nan,RVSCIVAA,TRENCH RD X S/S VISUAL INSECTION,VICIVTC05,Do you want to report Trench or crossing?,TRENCH,nan,S-1097021,SRR-16744936,LACK,TNETEES,TNE,5,LACK4,Civil Item
28/03/2023,,1,LACK4SCARE,LACK4SCARE,TRCH,nan,RVSCIVAA,TRENCH RD X S/S VISUAL INSECTION,VICIVTC05,Do you want to report Trench or crossing?,TRENCH,nan,S-1097021,SRR-16744939,LACK,TNETEES,TNE,5,LACK4,Civil Item
29/03/2023,0.0,4,LACK4STECH,LACK4STECH,GAN,nan,RVSGANAA,GANTRY S/S VISUAL INSPECTION,VICIVGA01,Do you want to report any condition deterioration of the asset?,NO,nan,S-1098297,SRR-16754935,LACK,TNETEES,TNE,11,LACK4,Civil Item
29/03/2023,,1,CARR2SCARE,CARR2SCARE,TRCH,nan,RVSCIVAA,TRENCH RD X S/S VISUAL INSECTION,VICIVTC05,Do you want to report Trench or crossing?,TRENCH,nan,S-1100359,SRR-16771301,CARR,TNWMANS,TNW,5,CARR2,Civil Item
30/03/2023,0.0,4,HATL2STECH,HATL2STECH,GAN,nan,RVSGANAA,GANTRY S/S VISUAL INSPECTION,VICIVGA01,Do you want to report any condition deterioration of the asset?,NO,nan,S-1101383,SRR-16780148,HATL,TNEWEAR,TNE,11,HATL2,Civil Item
30/03/2023,,1,HATL2SCARE,HATL2SCARE,TRCH,nan,RVSCIVAA,TRENCH RD X S/S VISUAL INSECTION,VICIVTC05,Do you want to report Trench or crossing?,TRENCH,nan,S-1101393,SRR-16780326,HATL,TNEWEAR,TNE,5,HATL2,Civil Item
03/04/2023,1.0,4,BLYT2STECH,BLYT2STECH,GAN,nan,RVSGANAA,GANTRY S/S VISUAL INSPECTION,VICIVGA01,Do you want to report any condition deterioration of the asset?,YES,nan,S-1107143,SRR-16844790,BLYT,TNEBORD,TNE,11,BLYT2,Civil Item
03/04/2023,,1,BLYT2SCARE,BLYT2SCARE,TRCH,nan,RVSCIVAA,TRENCH RD X S/S VISUAL INSECTION,VICIVTC05,Do you want to report Trench or crossing?,TRENCH,nan,S-1107933,SRR-16852612,BLYT,TNEBORD,TNE,5,BLYT2,Civil Item
03/04/2023,,1,BLYT2SCARE,BLYT2SCARE,TRCH,nan,RVSCIVAA,TRENCH RD X S/S VISUAL INSECTION,VICIVTC05,Do you want to report Trench or crossing?,TRENCH,nan,S-1107933,SRR-16852615,BLYT,TNEBORD,TNE,5,BLYT2,Civil Item
03/04/2023,,1,BLYT2SCARE,BLYT2SCARE,TRCH,nan,RVSCIVAA,TRENCH RD X S/S VISUAL INSECTION,VICIVTC05,Do you want to report Trench or crossing?,TRENCH,nan,S-1107933,SRR-16852618,BLYT,TNEBORD,TNE,5,BLYT2,Civil Item
03/04/2023,,1,BLYT2SCARE,BLYT2SCARE,TRCH,nan,RVSCIVAA,TRENCH RD X S/S VISUAL INSECTION,VICIVTC05,Do you want to report Trench or crossing?,TRENCH,nan,S-1107933,SRR-16852621,BLYT,TNEBORD,TNE,5,BLYT2,Civil Item
03/04/2023,,1,BLYT2SCARE,BLYT2SCARE,TRCH,nan,RVSCIVAA,TRENCH RD X S/S VISUAL INSECTION,VICIVTC05,Do you want to report Trench or crossing?,TRENCH,nan,S-1107933,SRR-16852624,BLYT,TNEBORD,TNE,5,BLYT2,Civil Item
03/04/2023,,1,BLYT2SCARE,BLYT2SCARE,TRCH,nan,RVSCIVAA,TRENCH RD X S/S VISUAL INSECTION,VICIVTC05,Do you want to report Trench or crossing?,TRENCH,nan,S-1107933,SRR-16852627,BLYT,TNEBORD,TNE,5,BLYT2,Civil Item
03/04/2023,,1,BLYT2SCARE,BLYT2SCARE,TRCH,nan,RVSCIVAA,TRENCH RD X S/S VISUAL INSECTION,VICIVTC05,Do you want to report Trench or crossing?,TRENCH,nan,S-1107933,SRR-16852630,BLYT,TNEBORD,TNE,5,BLYT2,Civil Item
03/04/2023,,1,BLYT2SCARE,BLYT2SCARE,TRCH,nan,RVSCIVAA,TRENCH RD X S/S VISUAL INSECTION,VICIVTC05,Do you want to report Trench or crossing?,TRENCH,nan,S-1107933,SRR-16852633,BLYT,TNEBORD,TNE,5,BLYT2,Civil Item
03/04/2023,,1,BLYT2SCARE,BLYT2SCARE,TRCH,nan,RVSCIVAA,TRENCH RD X S/S VISUAL INSECTION,VICIVTC05,Do you want to report Trench or crossing?,TRENCH,nan,S-1107933,SRR-16852636,BLYT,TNEBORD,TNE,5,BLYT2,Civil Item
03/04/2023,,1,BLYT2SCARE,BLYT2SCARE,TRCH,nan,RVSCIVAA,TRENCH RD X S/S VISUAL INSECTION,VICIVTC05,Do you want to report Trench or crossing?,TRENCH,nan,S-1107933,SRR-16852639,BLYT,TNEBORD,TNE,5,BLYT2,Civil Item
03/04/2023,0.0,4,HATL2STECH,HATL2STECH,GAN,nan,RVSGANAA,GANTRY S/S VISUAL INSPECTION,VICIVGA01,Do you want to report any condition deterioration of the asset?,NO,nan,S-1108134,SRR-16855349,HATL,TNEWEAR,TNE,11,HATL2,Civil Item
03/04/2023,,1,HATL2SCARE,HATL2SCARE,TRCH,nan,RVSCIVAA,TRENCH RD X S/S VISUAL INSECTION,VICIVTC05,Do you want to report Trench or crossing?,TRENCH,nan,S-1108139,SRR-16855371,HATL,TNEWEAR,TNE,5,HATL2,Civil Item
03/04/2023,,1,CARR4BSCARE,CARR4BSCARE,TRCH,nan,RVSCIVAA,TRENCH RD X S/S VISUAL INSECTION,VICIVTC05,Do you want to report Trench or crossing?,TRENCH,nan,S-1108171,SRR-16855676,CARR,TNWMANS,TNW,5,CARR4,Civil Item
04/04/2023,1.0,4,LACK2STECH,LACK2STECH,GAN,nan,RVSGANAA,GANTRY S/S VISUAL INSPECTION,VICIVGA01,Do you want to report any condition deterioration of the asset?,YES,nan,S-1109923,SRR-16875081,LACK,TNETEES,TNE,11,LACK2,Civil Item
04/04/2023,0.0,4,LACK4STECH,LACK4STECH,GAN,nan,RVSGANAA,GANTRY S/S VISUAL INSPECTION,VICIVGA01,Do you want to report any condition deterioration of the asset?,NO,nan,S-1109944,SRR-16875222,LACK,TNETEES,TNE,11,LACK4,Civil Item
04/04/2023,0.0,4,LACK4STECH,LACK4STECH,GAN,nan,RVSGANAA,GANTRY S/S VISUAL INSPECTION,VICIVGA01,Do you want to report any condition deterioration of the asset?,NO,nan,S-1109950,SRR-16875266,LACK,TNETEES,TNE,11,LACK4,Civil Item
04/04/2023,0.0,4,LACK4STECH,LACK4STECH,GAN,nan,RVSGANAA,GANTRY S/S VISUAL INSPECTION,VICIVGA01,Do you want to report any condition deterioration of the asset?,NO,nan,S-1109958,SRR-16875335,LACK,TNETEES,TNE,11,LACK4,Civil Item
04/04/2023,,1,LACK4SCARE,LACK4SCARE,TRCH,nan,RVSCIVAA,TRENCH RD X S/S VISUAL INSECTION,VICIVTC05,Do you want to report Trench or crossing?,TRENCH,nan,S-1109966,SRR-16875365,LACK,TNETEES,TNE,5,LACK4,Civil Item
04/04/2023,,1,LACK4SCARE,LACK4SCARE,TRCH,nan,RVSCIVAA,TRENCH RD X S/S VISUAL INSECTION,VICIVTC05,Do you want to report Trench or crossing?,TRENCH,nan,S-1109970,SRR-16875382,LACK,TNETEES,TNE,5,LACK4,Civil Item
04/04/2023,,1,LACK4SCARE,LACK4SCARE,TRCH,nan,RVSCIVAA,TRENCH RD X S/S VISUAL INSECTION,VICIVTC05,Do you want to report Trench or crossing?,TRENCH,nan,S-1109973,SRR-16875393,LACK,TNETEES,TNE,5,LACK4,Civil Item
04/04/2023,,1,LACK2SCARE,LACK2SCARE,TRCH,nan,RVSCIVAA,TRENCH RD X S/S VISUAL INSECTION,VICIVTC05,Do you want to report Trench or crossing?,TRENCH,nan,S-1109977,SRR-16875410,LACK,TNETEES,TNE,5,LACK2,Civil Item
04/04/2023,,1,LACK2SCARE,LACK2SCARE,TRCH,nan,RVSCIVAA,TRENCH RD X S/S VISUAL INSECTION,VICIVTC05,Do you want to report Trench or crossing?,TRENCH,nan,S-1109980,SRR-16875420,LACK,TNETEES,TNE,5,LACK2,Civil Item
04/04/2023,,1,LACK2SCARE,LACK2SCARE,TRCH,nan,RVSCIVAA,TRENCH RD X S/S VISUAL INSECTION,VICIVTC05,Do you want to report Trench or crossing?,TRENCH,nan,S-1109985,SRR-16875455,LACK,TNETEES,TNE,5,LACK2,Civil Item
04/04/2023,,1,LACK2SCARE,LACK2SCARE,TRCH,nan,RVSCIVAA,TRENCH RD X S/S VISUAL INSECTION,VICIVTC05,Do you want to report Trench or crossing?,TRENCH,nan,S-1109989,SRR-16875477,LACK,TNETEES,TNE,5,LACK2,Civil Item
05/04/2023,0.0,4,BLYT4STECH,BLYT4STECH,GAN,nan,RVSGANAA,GANTRY S/S VISUAL INSPECTION,VICIVGA01,Do you want to report any condition deterioration of the asset?,NO,nan,S-1112194,SRR-16895541,BLYT,TNEBORD,TNE,11,BLYT4,Civil Item
05/04/2023,,1,BLYT4SCARE,BLYT4SCARE,TRCH,nan,RVSCIVAA,TRENCH RD X S/S VISUAL INSECTION,VICIVTC05,Do you want to report Trench or crossing?,TRENCH,nan,S-1112236,SRR-16895854,BLYT,TNEBORD,TNE,5,BLYT4,Civil Item
06/04/2023,0.0,4,HIGM4STECH,HIGM4STECH,GAN,nan,RVSGANAA,GANTRY S/S VISUAL INSPECTION,VICIVGA01,Do you want to report any condition deterioration of the asset?,NO,nan,S-1116872,SRR-16943434,HIGM,TNETVAL,TNE,11,HIGM4,Civil Item
06/04/2023,0.0,4,HIGM4STECH,HIGM4STECH,GAN,nan,RVSGANAA,GANTRY S/S VISUAL INSPECTION,VICIVGA01,Do you want to report any condition deterioration of the asset?,NO,nan,S-1116873,SRR-16943438,HIGM,TNETVAL,TNE,11,HIGM4,Civil Item
06/04/2023,0.0,4,HIGM2STECH,HIGM2STECH,GAN,nan,RVSGANAA,GANTRY S/S VISUAL INSPECTION,VICIVGA01,Do you want to report any condition deterioration of the asset?,NO,nan,S-1116874,SRR-16943442,HIGM,TNETVAL,TNE,11,HIGM2,Civil Item
06/04/2023,0.0,4,HIGM2STECH,HIGM2STECH,GAN,nan,RVSGANAA,GANTRY S/S VISUAL INSPECTION,VICIVGA01,Do you want to report any condition deterioration of the asset?,NO,nan,S-1116875,SRR-16943446,HIGM,TNETVAL,TNE,11,HIGM2,Civil Item
06/04/2023,,1,HIGM2SCARE,HIGM2SCARE,TRCH,nan,RVSCIVAA,TRENCH RD X S/S VISUAL INSECTION,VICIVTC05,Do you want to report Trench or crossing?,TRENCH,nan,S-1116877,SRR-16943449,HIGM,TNETVAL,TNE,5,HIGM2,Civil Item
06/04/2023,,1,HIGM2SCARE,HIGM2SCARE,TRCH,nan,RVSCIVAA,TRENCH RD X S/S VISUAL INSECTION,VICIVTC05,Do you want to report Trench or crossing?,TRENCH,nan,S-1116879,SRR-16943454,HIGM,TNETVAL,TNE,5,HIGM2,Civil Item
06/04/2023,,1,HIGM4SCARE,HIGM4SCARE,TRCH,nan,RVSCIVAA,TRENCH RD X S/S VISUAL INSECTION,VICIVTC05,Do you want to report Trench or crossing?,TRENCH,nan,S-1116881,SRR-16943459,HIGM,TNETVAL,TNE,5,HIGM4,Civil Item
06/04/2023,,1,HIGM4SCARE,HIGM4SCARE,TRCH,nan,RVSCIVAA,TRENCH RD X S/S VISUAL INSECTION,VICIVTC05,Do you want to report Trench or crossing?,TRENCH,nan,S-1116883,SRR-16943464,HIGM,TNETVAL,TNE,5,HIGM4,Civil Item
06/04/2023,,1,HIGM4SCARE,HIGM4SCARE,TRCH,nan,RVSCIVAA,TRENCH RD X S/S VISUAL INSECTION,VICIVTC05,Do you want to report Trench or crossing?,TRENCH,nan,S-1116885,SRR-16943469,HIGM,TNETVAL,TNE,5,HIGM4,Civil Item
08/04/2023,,1,BLYT4SCARE,BLYT4SCARE,TRCH,nan,RVSCIVAA,TRENCH RD X S/S VISUAL INSECTION,VICIVTC05,Do you want to report Trench or crossing?,TRENCH,nan,S-1116931,SRR-16944310,BLYT,TNEBORD,TNE,5,BLYT4,Civil Item
08/04/2023,0.0,4,BLYT4STECH,BLYT4STECH,GAN,nan,RVSGANAA,GANTRY S/S VISUAL INSPECTION,VICIVGA01,Do you want to report any condition deterioration of the asset?,NO,nan,S-1116932,SRR-16944316,BLYT,TNEBORD,TNE,11,BLYT4,Civil Item
08/04/2023,0.0,4,BLYT4STECH,BLYT4STECH,GAN,nan,RVSGANAA,GANTRY S/S VISUAL INSPECTION,VICIVGA01,Do you want to report any condition deterioration of the asset?,NO,nan,S-1116933,SRR-16944320,BLYT,TNEBORD,TNE,11,BLYT4,Civil Item
08/04/2023,,1,BLYT4SCARE,BLYT4SCARE,TRCH,nan,RVSCIVAA,TRENCH RD X S/S VISUAL INSECTION,VICIVTC05,Do you want to report Trench or crossing?,TRENCH,nan,S-1116935,SRR-16944323,BLYT,TNEBORD,TNE,5,BLYT4,Civil Item
08/04/2023,,1,BLYT2SCARE,BLYT2SCARE,TRCH,nan,RVSCIVAA,TRENCH RD X S/S VISUAL INSECTION,VICIVTC05,Do you want to report Trench or crossing?,TRENCH,nan,S-1116937,SRR-16944328,BLYT,TNEBORD,TNE,5,BLYT2,Civil Item
08/04/2023,,1,BLYT2SCARE,BLYT2SCARE,TRCH,nan,RVSCIVAA,TRENCH RD X S/S VISUAL INSECTION,VICIVTC05,Do you want to report Trench or crossing?,TRENCH,nan,S-1116939,SRR-16944333,BLYT,TNEBORD,TNE,5,BLYT2,Civil Item
08/04/2023,,1,BLYT2SCARE,BLYT2SCARE,TRCH,nan,RVSCIVAA,TRENCH RD X S/S VISUAL INSECTION,VICIVTC05,Do you want to report Trench or crossing?,TRENCH,nan,S-1116941,SRR-16944338,BLYT,TNEBORD,TNE,5,BLYT2,Civil Item
08/04/2023,0.0,4,BLYT2STECH,BLYT2STECH,GAN,nan,RVSGANAA,GANTRY S/S VISUAL INSPECTION,VICIVGA01,Do you want to report any condition deterioration of the asset?,NO,nan,S-1116942,SRR-16944344,BLYT,TNEBORD,TNE,11,BLYT2,Civil Item
08/04/2023,0.0,4,BLYT2STECH,BLYT2STECH,GAN,nan,RVSGANAA,GANTRY S/S VISUAL INSPECTION,VICIVGA01,Do you want to report any condition deterioration of the asset?,NO,nan,S-1116943,SRR-16944348,BLYT,TNEBORD,TNE,11,BLYT2,Civil Item
08/04/2023,0.0,4,BLYT2STECH,BLYT2STECH,GAN,nan,RVSGANAA,GANTRY S/S VISUAL INSPECTION,VICIVGA01,Do you want to report any condition deterioration of the asset?,NO,nan,S-1116944,SRR-16944352,BLYT,TNEBORD,TNE,11,BLYT2,Civil Item
08/04/2023,,1,BLYT6SCARE,BLYT6SCARE,TRCH,nan,RVSCIVAA,TRENCH RD X S/S VISUAL INSECTION,VICIVTC05,Do you want to report Trench or crossing?,TRENCH,nan,S-1116946,SRR-16944355,BLYT,TNEBORD,TNE,5,BLYT6,Civil Item
08/04/2023,,1,BLYT6SCARE,BLYT6SCARE,TRCH,nan,RVSCIVAA,TRENCH RD X S/S VISUAL INSECTION,VICIVTC05,Do you want to report Trench or crossing?,TRENCH,nan,S-1116948,SRR-16944360,BLYT,TNEBORD,TNE,5,BLYT6,Civil Item
08/04/2023,,1,BLYT6SCARE,BLYT6SCARE,TRCH,nan,RVSCIVAA,TRENCH RD X S/S VISUAL INSECTION,VICIVTC05,Do you want to report Trench or crossing?,TRENCH,nan,S-1116950,SRR-16944365,BLYT,TNEBORD,TNE,5,BLYT6,Civil Item
08/04/2023,,1,BLYT6SCARE,BLYT6SCARE,TRCH,nan,RVSCIVAA,TRENCH RD X S/S VISUAL INSECTION,VICIVTC05,Do you want to report Trench or crossing?,TRENCH,nan,S-1116952,SRR-16944370,BLYT,TNEBORD,TNE,5,BLYT6,Civil Item
08/04/2023,0.0,4,BLYT6STECH,BLYT6STECH,GAN,nan,RVSGANAA,GANTRY S/S VISUAL INSPECTION,VICIVGA01,Do you want to report any condition deterioration of the asset?,NO,nan,S-1116953,SRR-16944376,BLYT,TNEBORD,TNE,11,BLYT6,Civil Item
08/04/2023,0.0,4,BLYT6STECH,BLYT6STECH,GAN,nan,RVSGANAA,GANTRY S/S VISUAL INSPECTION,VICIVGA01,Do you want to report any condition deterioration of the asset?,NO,nan,S-1116954,SRR-16944380,BLYT,TNEBORD,TNE,11,BLYT6,Civil Item
08/04/2023,0.0,4,BLYT6STECH,BLYT6STECH,GAN,nan,RVSGANAA,GANTRY S/S VISUAL INSPECTION,VICIVGA01,Do you want to report any condition deterioration of the asset?,NO,nan,S-1116955,SRR-16944384,BLYT,TNEBORD,TNE,11,BLYT6,Civil Item
08/04/2023,0.0,4,BLYT6STECH,BLYT6STECH,GAN,nan,RVSGANAA,GANTRY S/S VISUAL INSPECTION,VICIVGA01,Do you want to report any condition deterioration of the asset?,NO,nan,S-1116956,SRR-16944388,BLYT,TNEBORD,TNE,11,BLYT6,Civil Item
08/04/2023,0.0,4,BLYT4STECH,BLYT4STECH,GAN,nan,RVSGANAA,GANTRY S/S VISUAL INSPECTION,VICIVGA01,Do you want to report any condition deterioration of the asset?,NO,nan,S-1116957,SRR-16944392,BLYT,TNEBORD,TNE,11,BLYT4,Civil Item
08/04/2023,,1,BLYT4SCARE,BLYT4SCARE,TRCH,nan,RVSCIVAA,TRENCH RD X S/S VISUAL INSECTION,VICIVTC05,Do you want to report Trench or crossing?,TRENCH,nan,S-1116959,SRR-16944395,BLYT,TNEBORD,TNE,5,BLYT4,Civil Item
11/04/2023,,1,FERR1SCARE,FERR1SCARE,TRCH,nan,RVSCIVAA,TRENCH RD X S/S VISUAL INSECTION,VICIVTC05,Do you want to report Trench or crossing?,TRENCH,nan,S-1118374,SRR-16958373,FERR,TNELEDS,TNE,5,FERR1,Civil Item
11/04/2023,,1,FERR1SCARE,FERR1SCARE,TRCH,nan,RVSCIVAA,TRENCH RD X S/S VISUAL INSECTION,VICIVTC05,Do you want to report Trench or crossing?,TRENCH,nan,S-1118374,SRR-16958376,FERR,TNELEDS,TNE,5,FERR1,Civil Item
11/04/2023,,1,FERR1SCARE,FERR1SCARE,TRCH,nan,RVSCIVAA,TRENCH RD X S/S VISUAL INSECTION,VICIVTC05,Do you want to report Trench or crossing?,VEHICLE CROSSING,nan,S-1118374,SRR-16958379,FERR,TNELEDS,TNE,5,FERR1,Civil Item
11/04/2023,,1,FERR1SCARE,FERR1SCARE,TRCH,nan,RVSCIVAA,TRENCH RD X S/S VISUAL INSECTION,VICIVTC05,Do you want to report Trench or crossing?,TRENCH,nan,S-1118374,SRR-16958382,FERR,TNELEDS,TNE,5,FERR1,Civil Item
11/04/2023,,1,FERR1SCARE,FERR1SCARE,TRCH,nan,RVSCIVAA,TRENCH RD X S/S VISUAL INSECTION,VICIVTC05,Do you want to report Trench or crossing?,TRENCH,nan,S-1118374,SRR-16958385,FERR,TNELEDS,TNE,5,FERR1,Civil Item
11/04/2023,,1,FERR1SCARE,FERR1SCARE,TRCH,nan,RVSCIVAA,TRENCH RD X S/S VISUAL INSECTION,VICIVTC05,Do you want to report Trench or crossing?,TRENCH,nan,S-1118374,SRR-16958388,FERR,TNELEDS,TNE,5,FERR1,Civil Item
11/04/2023,,1,FERR1SCARE,FERR1SCARE,TRCH,nan,RVSCIVAA,TRENCH RD X S/S VISUAL INSECTION,VICIVTC05,Do you want to report Trench or crossing?,TRENCH,nan,S-1118374,SRR-16958391,FERR,TNELEDS,TNE,5,FERR1,Civil Item
11/04/2023,1.0,4,FERR1STECH,FERR1STECH,GAN,nan,RVSGANAA,GANTRY S/S VISUAL INSPECTION,VICIVGA01,Do you want to report any condition deterioration of the asset?,YES,nan,S-1118410,SRR-16958710,FERR,TNELEDS,TNE,11,FERR1,Civil Item
11/04/2023,,1,HATL2SCARE,HATL2SCARE,TRCH,nan,RVSCIVAA,TRENCH RD X S/S VISUAL INSECTION,VICIVTC05,Do you want to report Trench or crossing?,TRENCH,nan,S-1119388,SRR-16965802,HATL,TNEWEAR,TNE,5,HATL2,Civil Item
11/04/2023,,1,HATL2SCARE,HATL2SCARE,TRCH,nan,RVSCIVAA,TRENCH RD X S/S VISUAL INSECTION,VICIVTC05,Do you want to report Trench or crossing?,TRENCH,nan,S-1119390,SRR-16965807,HATL,TNEWEAR,TNE,5,HATL2,Civil Item
11/04/2023,0.0,4,HATL2STECH,HATL2STECH,GAN,nan,RVSGANAA,GANTRY S/S VISUAL INSPECTION,VICIVGA01,Do you want to report any condition deterioration of the asset?,NO,nan,S-1119391,SRR-16965813,HATL,TNEWEAR,TNE,11,HATL2,Civil Item
11/04/2023,0.0,4,HATL2STECH,HATL2STECH,GAN,nan,RVSGANAA,GANTRY S/S VISUAL INSPECTION,VICIVGA01,Do you want to report any condition deterioration of the asset?,NO,nan,S-1119392,SRR-16965817,HATL,TNEWEAR,TNE,11,HATL2,Civil Item
12/04/2023,1.0,4,FERR2ASTECH,FERR2ASTECH,GAN,nan,RVSGANAA,GANTRY S/S VISUAL INSPECTION,VICIVGA01,Do you want to report any condition deterioration of the asset?,YES,nan,S-1119766,SRR-16970813,FERR,TNELEDS,TNE,11,FERR2,Civil Item
12/04/2023,,1,FERR2ASCARE,FERR2ASCARE,TRCH,nan,RVSCIVAA,TRENCH RD X S/S VISUAL INSECTION,VICIVTC05,Do you want to report Trench or crossing?,TRENCH,nan,S-1119839,SRR-16971611,FERR,TNELEDS,TNE,5,FERR2,Civil Item
12/04/2023,,1,FERR2ASCARE,FERR2ASCARE,TRCH,nan,RVSCIVAA,TRENCH RD X S/S VISUAL INSECTION,VICIVTC05,Do you want to report Trench or crossing?,TRENCH,nan,S-1119839,SRR-16971614,FERR,TNELEDS,TNE,5,FERR2,Civil Item
12/04/2023,,1,FERE4SCARE,FERE4SCARE,TRCH,nan,RVSCIVAA,TRENCH RD X S/S VISUAL INSECTION,VICIVTC05,Do you want to report Trench or crossing?,TRENCH,nan,S-1120362,SRR-16976542,FERE,TNELEDS,TNE,5,FERE4,Civil Item
12/04/2023,0.0,4,FERE4STECH,FERE4STECH,GAN,nan,RVSGANAA,GANTRY S/S VISUAL INSPECTION,VICIVGA01,Do you want to report any condition deterioration of the asset?,NO,nan,S-1120365,SRR-16976563,FERE,TNELEDS,TNE,11,FERE4,Civil Item
12/04/2023,0.0,4,FERW4STECH,FERW4STECH,GAN,nan,RVSGANAA,GANTRY S/S VISUAL INSPECTION,VICIVGA01,Do you want to report any condition deterioration of the asset?,NO,nan,S-1120449,SRR-16977813,FERW,TNELEDS,TNE,11,FERW4,Civil Item
12/04/2023,,1,FERW4SCARE,FERW4SCARE,TRCH,nan,RVSCIVAA,TRENCH RD X S/S VISUAL INSECTION,VICIVTC05,Do you want to report Trench or crossing?,TRENCH,nan,S-1120453,SRR-16977835,FERW,TNELEDS,TNE,5,FERW4,Civil Item
12/04/2023,1.0,4,FERR4CSTECH,FERR4CSTECH,GAN,nan,RVSGANAA,GANTRY S/S VISUAL INSPECTION,VICIVGA01,Do you want to report any condition deterioration of the asset?,YES,nan,S-1121008,SRR-16982235,FERR,TNELEDS,TNE,11,FERR4,Civil Item
12/04/2023,,1,FERR4CSCARE,FERR4CSCARE,TRCH,nan,RVSCIVAA,TRENCH RD X S/S VISUAL INSECTION,VICIVTC05,Do you want to report Trench or crossing?,TRENCH,nan,S-1121037,SRR-16982441,FERR,TNELEDS,TNE,5,FERR4,Civil Item
12/04/2023,,1,FERR4CSCARE,FERR4CSCARE,TRCH,nan,RVSCIVAA,TRENCH RD X S/S VISUAL INSECTION,VICIVTC05,Do you want to report Trench or crossing?,TRENCH,nan,S-1121037,SRR-16982444,FERR,TNELEDS,TNE,5,FERR4,Civil Item
12/04/2023,,1,FERR2CSCARE,FERR2CSCARE,TRCH,nan,RVSCIVAA,TRENCH RD X S/S VISUAL INSECTION,VICIVTC05,Do you want to report Trench or crossing?,TRENCH,nan,S-1122113,SRR-16990095,FERR,TNELEDS,TNE,5,FERR2,Civil Item
12/04/2023,,1,FERR2CSCARE,FERR2CSCARE,TRCH,nan,RVSCIVAA,TRENCH RD X S/S VISUAL INSECTION,VICIVTC05,Do you want to report Trench or crossing?,TRENCH,nan,S-1122113,SRR-16990098,FERR,TNELEDS,TNE,5,FERR2,Civil Item
12/04/2023,0.0,4,FERR2CSTECH,FERR2CSTECH,GAN,nan,RVSGANAA,GANTRY S/S VISUAL INSPECTION,VICIVGA01,Do you want to report any condition deterioration of the asset?,NO,nan,S-1122321,SRR-16991791,FERR,TNELEDS,TNE,11,FERR2,Civil Item
12/04/2023,,1,FERR1SCARE,FERR1SCARE,TRCH,nan,RVSCIVAA,TRENCH RD X S/S VISUAL INSECTION,VICIVTC05,Do you want to report Trench or crossing?,TRENCH,nan,S-1122323,SRR-16991794,FERR,TNELEDS,TNE,5,FERR1,Civil Item
12/04/2023,,1,FERR1SCARE,FERR1SCARE,TRCH,nan,RVSCIVAA,TRENCH RD X S/S VISUAL INSECTION,VICIVTC05,Do you want to report Trench or crossing?,TRENCH,nan,S-1122325,SRR-16991799,FERR,TNELEDS,TNE,5,FERR1,Civil Item
12/04/2023,,1,FERR1SCARE,FERR1SCARE,TRCH,nan,RVSCIVAA,TRENCH RD X S/S VISUAL INSECTION,VICIVTC05,Do you want to report Trench or crossing?,TRENCH,nan,S-1122327,SRR-16991804,FERR,TNELEDS,TNE,5,FERR1,Civil Item
12/04/2023,0.0,4,FERR1STECH,FERR1STECH,GAN,nan,RVSGANAA,GANTRY S/S VISUAL INSPECTION,VICIVGA01,Do you want to report any condition deterioration of the asset?,NO,nan,S-1122328,SRR-16991810,FERR,TNELEDS,TNE,11,FERR1,Civil Item
12/04/2023,0.0,4,FERR1STECH,FERR1STECH,GAN,nan,RVSGANAA,GANTRY S/S VISUAL INSPECTION,VICIVGA01,Do you want to report any condition deterioration of the asset?,NO,nan,S-1122329,SRR-16991814,FERR,TNELEDS,TNE,11,FERR1,Civil Item
12/04/2023,,1,FERR2ASCARE,FERR2ASCARE,TRCH,nan,RVSCIVAA,TRENCH RD X S/S VISUAL INSECTION,VICIVTC05,Do you want to report Trench or crossing?,TRENCH,nan,S-1122331,SRR-16991817,FERR,TNELEDS,TNE,5,FERR2,Civil Item
12/04/2023,,1,FERR2ASCARE,FERR2ASCARE,TRCH,nan,RVSCIVAA,TRENCH RD X S/S VISUAL INSECTION,VICIVTC05,Do you want to report Trench or crossing?,TRENCH,nan,S-1122333,SRR-16991822,FERR,TNELEDS,TNE,5,FERR2,Civil Item
12/04/2023,,1,FERR2ASCARE,FERR2ASCARE,TRCH,nan,RVSCIVAA,TRENCH RD X S/S VISUAL INSECTION,VICIVTC05,Do you want to report Trench or crossing?,TRENCH,nan,S-1122335,SRR-16991827,FERR,TNELEDS,TNE,5,FERR2,Civil Item
12/04/2023,0.0,4,FERR2ASTECH,FERR2ASTECH,GAN,nan,RVSGANAA,GANTRY S/S VISUAL INSPECTION,VICIVGA01,Do you want to report any condition deterioration of the asset?,NO,nan,S-1122336,SRR-16991833,FERR,TNELEDS,TNE,11,FERR2,Civil Item
12/04/2023,0.0,4,FERR2ASTECH,FERR2ASTECH,GAN,nan,RVSGANAA,GANTRY S/S VISUAL INSPECTION,VICIVGA01,Do you want to report any condition deterioration of the asset?,NO,nan,S-1122337,SRR-16991837,FERR,TNELEDS,TNE,11,FERR2,Civil Item
12/04/2023,0.0,4,FERR2ASTECH,FERR2ASTECH,GAN,nan,RVSGANAA,GANTRY S/S VISUAL INSPECTION,VICIVGA01,Do you want to report any condition deterioration of the asset?,NO,nan,S-1122338,SRR-16991841,FERR,TNELEDS,TNE,11,FERR2,Civil Item
12/04/2023,,1,FERR2CSCARE,FERR2CSCARE,TRCH,nan,RVSCIVAA,TRENCH RD X S/S VISUAL INSECTION,VICIVTC05,Do you want to report Trench or crossing?,TRENCH,nan,S-1122340,SRR-16991844,FERR,TNELEDS,TNE,5,FERR2,Civil Item
12/04/2023,,1,FERR2CSCARE,FERR2CSCARE,TRCH,nan,RVSCIVAA,TRENCH RD X S/S VISUAL INSECTION,VICIVTC05,Do you want to report Trench or crossing?,TRENCH,nan,S-1122342,SRR-16991849,FERR,TNELEDS,TNE,5,FERR2,Civil Item
12/04/2023,0.0,4,FERR2CSTECH,FERR2CSTECH,GAN,nan,RVSGANAA,GANTRY S/S VISUAL INSPECTION,VICIVGA01,Do you want to report any condition deterioration of the asset?,NO,nan,S-1122343,SRR-16991855,FERR,TNELEDS,TNE,11,FERR2,Civil Item
12/04/2023,0.0,4,FERR2CSTECH,FERR2CSTECH,GAN,nan,RVSGANAA,GANTRY S/S VISUAL INSPECTION,VICIVGA01,Do you want to report any condition deterioration of the asset?,NO,nan,S-1122344,SRR-16991859,FERR,TNELEDS,TNE,11,FERR2,Civil Item
12/04/2023,,1,FERR4CSCARE,FERR4CSCARE,TRCH,nan,RVSCIVAA,TRENCH RD X S/S VISUAL INSECTION,VICIVTC05,Do you want to report Trench or crossing?,TRENCH,nan,S-1122346,SRR-16991862,FERR,TNELEDS,TNE,5,FERR4,Civil Item
12/04/2023,,1,FERR4CSCARE,FERR4CSCARE,TRCH,nan,RVSCIVAA,TRENCH RD X S/S VISUAL INSECTION,VICIVTC05,Do you want to report Trench or crossing?,TRENCH,nan,S-1122348,SRR-16991867,FERR,TNELEDS,TNE,5,FERR4,Civil Item
12/04/2023,,1,FERR4CSCARE,FERR4CSCARE,TRCH,nan,RVSCIVAA,TRENCH RD X S/S VISUAL INSECTION,VICIVTC05,Do you want to report Trench or crossing?,TRENCH,nan,S-1122350,SRR-16991872,FERR,TNELEDS,TNE,5,FERR4,Civil Item
12/04/2023,0.0,4,FERR4CSTECH,FERR4CSTECH,GAN,nan,RVSGANAA,GANTRY S/S VISUAL INSPECTION,VICIVGA01,Do you want to report any condition deterioration of the asset?,NO,nan,S-1122351,SRR-16991878,FERR,TNELEDS,TNE,11,FERR4,Civil Item
12/04/2023,0.0,4,FERR4CSTECH,FERR4CSTECH,GAN,nan,RVSGANAA,GANTRY S/S VISUAL INSPECTION,VICIVGA01,Do you want to report any condition deterioration of the asset?,NO,nan,S-1122352,SRR-16991882,FERR,TNELEDS,TNE,11,FERR4,Civil Item
12/04/2023,0.0,4,FERR4CSTECH,FERR4CSTECH,GAN,nan,RVSGANAA,GANTRY S/S VISUAL INSPECTION,VICIVGA01,Do you want to report any condition deterioration of the asset?,NO,nan,S-1122353,SRR-16991886,FERR,TNELEDS,TNE,11,FERR4,Civil Item
12/04/2023,,1,FERE4SCARE,FERE4SCARE,TRCH,nan,RVSCIVAA,TRENCH RD X S/S VISUAL INSECTION,VICIVTC05,Do you want to report Trench or crossing?,TRENCH,nan,S-1122355,SRR-16991889,FERE,TNELEDS,TNE,5,FERE4,Civil Item
12/04/2023,,1,FERE4SCARE,FERE4SCARE,TRCH,nan,RVSCIVAA,TRENCH RD X S/S VISUAL INSECTION,VICIVTC05,Do you want to report Trench or crossing?,TRENCH,nan,S-1122357,SRR-16991894,FERE,TNELEDS,TNE,5,FERE4,Civil Item
12/04/2023,,1,FERE4SCARE,FERE4SCARE,TRCH,nan,RVSCIVAA,TRENCH RD X S/S VISUAL INSECTION,VICIVTC05,Do you want to report Trench or crossing?,TRENCH,nan,S-1122359,SRR-16991899,FERE,TNELEDS,TNE,5,FERE4,Civil Item
12/04/2023,0.0,4,FERE4STECH,FERE4STECH,GAN,nan,RVSGANAA,GANTRY S/S VISUAL INSPECTION,VICIVGA01,Do you want to report any condition deterioration of the asset?,NO,nan,S-1122360,SRR-16991905,FERE,TNELEDS,TNE,11,FERE4,Civil Item
12/04/2023,0.0,4,FERE4STECH,FERE4STECH,GAN,nan,RVSGANAA,GANTRY S/S VISUAL INSPECTION,VICIVGA01,Do you want to report any condition deterioration of the asset?,NO,nan,S-1122361,SRR-16991909,FERE,TNELEDS,TNE,11,FERE4,Civil Item
12/04/2023,0.0,4,FERE4STECH,FERE4STECH,GAN,nan,RVSGANAA,GANTRY S/S VISUAL INSPECTION,VICIVGA01,Do you want to report any condition deterioration of the asset?,NO,nan,S-1122362,SRR-16991913,FERE,TNELEDS,TNE,11,FERE4,Civil Item
12/04/2023,,1,FERW4SCARE,FERW4SCARE,TRCH,nan,RVSCIVAA,TRENCH RD X S/S VISUAL INSECTION,VICIVTC05,Do you want to report Trench or crossing?,TRENCH,nan,S-1122364,SRR-16991916,FERW,TNELEDS,TNE,5,FERW4,Civil Item
12/04/2023,,1,FERW4SCARE,FERW4SCARE,TRCH,nan,RVSCIVAA,TRENCH RD X S/S VISUAL INSECTION,VICIVTC05,Do you want to report Trench or crossing?,TRENCH,nan,S-1122366,SRR-16991921,FERW,TNELEDS,TNE,5,FERW4,Civil Item
12/04/2023,,1,FERW4SCARE,FERW4SCARE,TRCH,nan,RVSCIVAA,TRENCH RD X S/S VISUAL INSECTION,VICIVTC05,Do you want to report Trench or crossing?,TRENCH,nan,S-1122368,SRR-16991926,FERW,TNELEDS,TNE,5,FERW4,Civil Item
12/04/2023,0.0,4,FERW4STECH,FERW4STECH,GAN,nan,RVSGANAA,GANTRY S/S VISUAL INSPECTION,VICIVGA01,Do you want to report any condition deterioration of the asset?,NO,nan,S-1122369,SRR-16991932,FERW,TNELEDS,TNE,11,FERW4,Civil Item
12/04/2023,0.0,4,FERW4STECH,FERW4STECH,GAN,nan,RVSGANAA,GANTRY S/S VISUAL INSPECTION,VICIVGA01,Do you want to report any condition deterioration of the asset?,NO,nan,S-1122371,SRR-16991937,FERW,TNELEDS,TNE,11,FERW4,Civil Item
12/04/2023,0.0,4,FERR6ASTECH,FERR6ASTECH,GAN,nan,RVSGANAA,GANTRY S/S VISUAL INSPECTION,VICIVGA01,Do you want to report any condition deterioration of the asset?,NO,nan,S-1122372,SRR-16991941,FERR,TNELEDS,TNE,11,FERR6,Civil Item
12/04/2023,0.0,4,FERR6ASTECH,FERR6ASTECH,GAN,nan,RVSGANAA,GANTRY S/S VISUAL INSPECTION,VICIVGA01,Do you want to report any condition deterioration of the asset?,NO,nan,S-1122373,SRR-16991945,FERR,TNELEDS,TNE,11,FERR6,Civil Item
19/04/2023,,1,FERR2CSCARE,FERR2CSCARE,TRCH,nan,RVSCIVAA,TRENCH RD X S/S VISUAL INSECTION,VICIVTC05,Do you want to report Trench or crossing?,TRENCH,nan,S-1137469,SRR-17109321,FERR,TNELEDS,TNE,5,FERR2,Civil Item
19/04/2023,1.0,4,FERR2CSTECH,FERR2CSTECH,GAN,nan,RVSGANAA,GANTRY S/S VISUAL INSPECTION,VICIVGA01,Do you want to report any condition deterioration of the asset?,YES,nan,S-1137491,SRR-17109458,FERR,TNELEDS,TNE,11,FERR2,Civil Item
24/04/2023,,1,RATS1SCARE,RATS1SCARE,TRCH,nan,RVSCIVAA,TRENCH RD X S/S VISUAL INSECTION,VICIVTC05,Do you want to report Trench or crossing?,TRENCH,nan,S-1147378,SRR-17183998,RATS,TCNDERB,TCN,5,RATS1,Civil Item
24/04/2023,0.0,4,RATS1STECH,RATS1STECH,GAN,nan,RVSGANAA,GANTRY S/S VISUAL INSPECTION,VICIVGA01,Do you want to report any condition deterioration of the asset?,NO,nan,S-1147389,SRR-17184028,RATS,TCNDERB,TCN,11,RATS1,Civil Item
24/04/2023,,1,RATS1SCARE,RATS1SCARE,TRCH,nan,RVSCIVAA,TRENCH RD X S/S VISUAL INSECTION,VICIVTC05,Do you want to report Trench or crossing?,TRENCH,nan,S-1147781,SRR-17185576,RATS,TCNDERB,TCN,5,RATS1,Civil Item
24/04/2023,0.0,4,RATS1STECH,RATS1STECH,GAN,nan,RVSGANAA,GANTRY S/S VISUAL INSPECTION,VICIVGA01,Do you want to report any condition deterioration of the asset?,NO,nan,S-1147805,SRR-17185760,RATS,TCNDERB,TCN,11,RATS1,Civil Item
24/04/2023,1.0,4,RATS4STECH,RATS4STECH,GAN,nan,RVSGANAA,GANTRY S/S VISUAL INSPECTION,VICIVGA01,Do you want to report any condition deterioration of the asset?,YES,nan,S-1149398,SRR-17196060,RATS,TCNDERB,TCN,11,RATS4,Civil Item
24/04/2023,,1,RATS4SCARE,RATS4SCARE,TRCH,nan,RVSCIVAA,TRENCH RD X S/S VISUAL INSECTION,VICIVTC05,Do you want to report Trench or crossing?,TRENCH,nan,S-1150319,SRR-17203336,RATS,TCNDERB,TCN,5,RATS4,Civil Item
24/04/2023,,1,RATS4SCARE,RATS4SCARE,TRCH,nan,RVSCIVAA,TRENCH RD X S/S VISUAL INSECTION,VICIVTC05,Do you want to report Trench or crossing?,TRENCH,nan,S-1150319,SRR-17203339,RATS,TCNDERB,TCN,5,RATS4,Civil Item
24/04/2023,,1,RATS4SCARE,RATS4SCARE,TRCH,nan,RVSCIVAA,TRENCH RD X S/S VISUAL INSECTION,VICIVTC05,Do you want to report Trench or crossing?,TRENCH,nan,S-1150319,SRR-17203342,RATS,TCNDERB,TCN,5,RATS4,Civil Item
24/04/2023,,1,RATS4SCARE,RATS4SCARE,TRCH,nan,RVSCIVAA,TRENCH RD X S/S VISUAL INSECTION,VICIVTC05,Do you want to report Trench or crossing?,TRENCH,nan,S-1150319,SRR-17203345,RATS,TCNDERB,TCN,5,RATS4,Civil Item
24/04/2023,,1,RATS4SCARE,RATS4SCARE,TRCH,nan,RVSCIVAA,TRENCH RD X S/S VISUAL INSECTION,VICIVTC05,Do you want to report Trench or crossing?,TRENCH,nan,S-1150319,SRR-17203348,RATS,TCNDERB,TCN,5,RATS4,Civil Item
24/04/2023,,1,RATS4SCARE,RATS4SCARE,TRCH,nan,RVSCIVAA,TRENCH RD X S/S VISUAL INSECTION,VICIVTC05,Do you want to report Trench or crossing?,TRENCH,nan,S-1150319,SRR-17203351,RATS,TCNDERB,TCN,5,RATS4,Civil Item
24/04/2023,,1,RATS4SCARE,RATS4SCARE,TRCH,nan,RVSCIVAA,TRENCH RD X S/S VISUAL INSECTION,VICIVTC05,Do you want to report Trench or crossing?,TRENCH,nan,S-1150319,SRR-17203354,RATS,TCNDERB,TCN,5,RATS4,Civil Item
24/04/2023,,1,RATS4SCARE,RATS4SCARE,TRCH,nan,RVSCIVAA,TRENCH RD X S/S VISUAL INSECTION,VICIVTC05,Do you want to report Trench or crossing?,TRENCH,nan,S-1150319,SRR-17203357,RATS,TCNDERB,TCN,5,RATS4,Civil Item
24/04/2023,,1,RATS4SCARE,RATS4SCARE,TRCH,nan,RVSCIVAA,TRENCH RD X S/S VISUAL INSECTION,VICIVTC05,Do you want to report Trench or crossing?,TRENCH,nan,S-1150319,SRR-17203360,RATS,TCNDERB,TCN,5,RATS4,Civil Item
24/04/2023,,1,RATS4SCARE,RATS4SCARE,TRCH,nan,RVSCIVAA,TRENCH RD X S/S VISUAL INSECTION,VICIVTC05,Do you want to report Trench or crossing?,TRENCH,nan,S-1150319,SRR-17203363,RATS,TCNDERB,TCN,5,RATS4,Civil Item
24/04/2023,,1,RATS4SCARE,RATS4SCARE,TRCH,nan,RVSCIVAA,TRENCH RD X S/S VISUAL INSECTION,VICIVTC05,Do you want to report Trench or crossing?,TRENCH,nan,S-1150319,SRR-17203366,RATS,TCNDERB,TCN,5,RATS4,Civil Item
24/04/2023,,1,RATS4SCARE,RATS4SCARE,TRCH,nan,RVSCIVAA,TRENCH RD X S/S VISUAL INSECTION,VICIVTC05,Do you want to report Trench or crossing?,TRENCH,nan,S-1150319,SRR-17203369,RATS,TCNDERB,TCN,5,RATS4,Civil Item
24/04/2023,,1,RATS4SCARE,RATS4SCARE,TRCH,nan,RVSCIVAA,TRENCH RD X S/S VISUAL INSECTION,VICIVTC05,Do you want to report Trench or crossing?,VEHICLE CROSSING,nan,S-1150319,SRR-17203372,RATS,TCNDERB,TCN,5,RATS4,Civil Item
24/04/2023,,1,RATS4SCARE,RATS4SCARE,TRCH,nan,RVSCIVAA,TRENCH RD X S/S VISUAL INSECTION,VICIVTC05,Do you want to report Trench or crossing?,TRENCH,nan,S-1150319,SRR-17203375,RATS,TCNDERB,TCN,5,RATS4,Civil Item
24/04/2023,,1,RATS4SCARE,RATS4SCARE,TRCH,nan,RVSCIVAA,TRENCH RD X S/S VISUAL INSECTION,VICIVTC05,Do you want to report Trench or crossing?,TRENCH,nan,S-1150319,SRR-17203378,RATS,TCNDERB,TCN,5,RATS4,Civil Item
24/04/2023,,1,RATS4SCARE,RATS4SCARE,TRCH,nan,RVSCIVAA,TRENCH RD X S/S VISUAL INSECTION,VICIVTC05,Do you want to report Trench or crossing?,TRENCH,nan,S-1150319,SRR-17203381,RATS,TCNDERB,TCN,5,RATS4,Civil Item
24/04/2023,,1,RATS4SCARE,RATS4SCARE,TRCH,nan,RVSCIVAA,TRENCH RD X S/S VISUAL INSECTION,VICIVTC05,Do you want to report Trench or crossing?,TRENCH,nan,S-1150319,SRR-17203384,RATS,TCNDERB,TCN,5,RATS4,Civil Item
25/04/2023,,1,RATS4SCARE,RATS4SCARE,TRCH,nan,RVSCIVAA,TRENCH RD X S/S VISUAL INSECTION,VICIVTC05,Do you want to report Trench or crossing?,TRENCH,nan,S-1152036,SRR-17215000,RATS,TCNDERB,TCN,5,RATS4,Civil Item
25/04/2023,,1,RATS1SCARE,RATS1SCARE,TRCH,nan,RVSCIVAA,TRENCH RD X S/S VISUAL INSECTION,VICIVTC05,Do you want to report Trench or crossing?,TRENCH,nan,S-1153821,SRR-17228337,RATS,TCNDERB,TCN,5,RATS1,Civil Item
25/04/2023,,1,RATS1SCARE,RATS1SCARE,TRCH,nan,RVSCIVAA,TRENCH RD X S/S VISUAL INSECTION,VICIVTC05,Do you want to report Trench or crossing?,TRENCH,nan,S-1153826,SRR-17228356,RATS,TCNDERB,TCN,5,RATS1,Civil Item
25/04/2023,0.0,4,RATS1STECH,RATS1STECH,GAN,nan,RVSGANAA,GANTRY S/S VISUAL INSPECTION,VICIVGA01,Do you want to report any condition deterioration of the asset?,NO,nan,S-1153829,SRR-17228372,RATS,TCNDERB,TCN,11,RATS1,Civil Item
25/04/2023,0.0,4,RATS1STECH,RATS1STECH,GAN,nan,RVSGANAA,GANTRY S/S VISUAL INSPECTION,VICIVGA01,Do you want to report any condition deterioration of the asset?,NO,nan,S-1153831,SRR-17228380,RATS,TCNDERB,TCN,11,RATS1,Civil Item
25/04/2023,,1,RATS4SCARE,RATS4SCARE,TRCH,nan,RVSCIVAA,TRENCH RD X S/S VISUAL INSECTION,VICIVTC05,Do you want to report Trench or crossing?,TRENCH,nan,S-1153859,SRR-17228574,RATS,TCNDERB,TCN,5,RATS4,Civil Item
25/04/2023,,1,RATS4SCARE,RATS4SCARE,TRCH,nan,RVSCIVAA,TRENCH RD X S/S VISUAL INSECTION,VICIVTC05,Do you want to report Trench or crossing?,TRENCH,nan,S-1153863,SRR-17228587,RATS,TCNDERB,TCN,5,RATS4,Civil Item
25/04/2023,0.0,4,RATS4STECH,RATS4STECH,GAN,nan,RVSGANAA,GANTRY S/S VISUAL INSPECTION,VICIVGA01,Do you want to report any condition deterioration of the asset?,NO,nan,S-1153866,SRR-17228595,RATS,TCNDERB,TCN,11,RATS4,Civil Item
25/04/2023,0.0,4,RATS4STECH,RATS4STECH,GAN,nan,RVSGANAA,GANTRY S/S VISUAL INSPECTION,VICIVGA01,Do you want to report any condition deterioration of the asset?,NO,nan,S-1153868,SRR-17228603,RATS,TCNDERB,TCN,11,RATS4,Civil Item
03/05/2023,,1,RYEH4SCARE,RYEH4SCARE,TRCH,nan,RVSCIVAA,TRENCH RD X S/S VISUAL INSECTION,VICIVTC05,Do you want to report Trench or crossing?,TRENCH,nan,S-1166468,SRR-17333886,RYEH,TCNWANG,TCN,5,RYEH4,Civil Item
04/05/2023,,1,SUND1SCARE,SUND1SCARE,TRCH,nan,RVSCIVAA,TRENCH RD X S/S VISUAL INSECTION,VICIVTC05,Do you want to report Trench or crossing?,VEHICLE CROSSING,nan,S-1170108,SRR-17376808,SUND,TCNWANG,TCN,5,SUND1,Civil Item
04/05/2023,,1,SUND1SCARE,SUND1SCARE,TRCH,nan,RVSCIVAA,TRENCH RD X S/S VISUAL INSECTION,VICIVTC05,Do you want to report Trench or crossing?,TRENCH,nan,S-1170284,SRR-17379158,SUND,TCNWANG,TCN,5,SUND1,Civil Item
04/05/2023,,1,SUND1SCARE,SUND1SCARE,TRCH,nan,RVSCIVAA,TRENCH RD X S/S VISUAL INSECTION,VICIVTC05,Do you want to report Trench or crossing?,TRENCH,nan,S-1170287,SRR-17379181,SUND,TCNWANG,TCN,5,SUND1,Civil Item
04/05/2023,,1,SUND1SCARE,SUND1SCARE,TRCH,nan,RVSCIVAA,TRENCH RD X S/S VISUAL INSECTION,VICIVTC05,Do you want to report Trench or crossing?,TRENCH,nan,S-1170289,SRR-17379186,SUND,TCNWANG,TCN,5,SUND1,Civil Item
05/05/2023,,1,RYEH4SCARE,RYEH4SCARE,TRCH,nan,RVSCIVAA,TRENCH RD X S/S VISUAL INSECTION,VICIVTC05,Do you want to report Trench or crossing?,TRENCH,nan,S-1173164,SRR-17405203,RYEH,TCNWANG,TCN,5,RYEH4,Civil Item
05/05/2023,,1,RYEH4SCARE,RYEH4SCARE,TRCH,nan,RVSCIVAA,TRENCH RD X S/S VISUAL INSECTION,VICIVTC05,Do you want to report Trench or crossing?,TRENCH,nan,S-1173166,SRR-17405208,RYEH,TCNWANG,TCN,5,RYEH4,Civil Item
05/05/2023,,1,RYEH4SCARE,RYEH4SCARE,TRCH,nan,RVSCIVAA,TRENCH RD X S/S VISUAL INSECTION,VICIVTC05,Do you want to report Trench or crossing?,TRENCH,nan,S-1173168,SRR-17405213,RYEH,TCNWANG,TCN,5,RYEH4,Civil Item
05/05/2023,0.0,4,RYEH4STECH,RYEH4STECH,GAN,nan,RVSGANAA,GANTRY S/S VISUAL INSPECTION,VICIVGA01,Do you want to report any condition deterioration of the asset?,NO,nan,S-1173170,SRR-17405237,RYEH,TCNWANG,TCN,11,RYEH4,Civil Item
05/05/2023,,1,RYEH1SCARE,RYEH1SCARE,TRCH,nan,RVSCIVAA,TRENCH RD X S/S VISUAL INSECTION,VICIVTC05,Do you want to report Trench or crossing?,TRENCH,nan,S-1173179,SRR-17405247,RYEH,TCNWANG,TCN,5,RYEH1,Civil Item
05/05/2023,,1,RYEH1SCARE,RYEH1SCARE,TRCH,nan,RVSCIVAA,TRENCH RD X S/S VISUAL INSECTION,VICIVTC05,Do you want to report Trench or crossing?,TRENCH,nan,S-1173181,SRR-17405252,RYEH,TCNWANG,TCN,5,RYEH1,Civil Item
05/05/2023,,1,RYEH1SCARE,RYEH1SCARE,TRCH,nan,RVSCIVAA,TRENCH RD X S/S VISUAL INSECTION,VICIVTC05,Do you want to report Trench or crossing?,TRENCH,nan,S-1173183,SRR-17405257,RYEH,TCNWANG,TCN,5,RYEH1,Civil Item
05/05/2023,,1,RYEH1SCARE,RYEH1SCARE,TRCH,nan,RVSCIVAA,TRENCH RD X S/S VISUAL INSECTION,VICIVTC05,Do you want to report Trench or crossing?,TRENCH,nan,S-1173185,SRR-17405262,RYEH,TCNWANG,TCN,5,RYEH1,Civil Item
09/05/2023,,1,NORM4SCARE,NORM4SCARE,TRCH,nan,RVSCIVAA,TRENCH RD X S/S VISUAL INSECTION,VICIVTC05,Do you want to report Trench or crossing?,TRENCH,nan,S-1174707,SRR-17421368,NORM,TCNNANG,TCN,5,NORM4,Civil Item
09/05/2023,,1,NORM4SCARE,NORM4SCARE,TRCH,nan,RVSCIVAA,TRENCH RD X S/S VISUAL INSECTION,VICIVTC05,Do you want to report Trench or crossing?,TRENCH,nan,S-1174707,SRR-17421371,NORM,TCNNANG,TCN,5,NORM4,Civil Item
09/05/2023,,1,NORM4SCARE,NORM4SCARE,TRCH,nan,RVSCIVAA,TRENCH RD X S/S VISUAL INSECTION,VICIVTC05,Do you want to report Trench or crossing?,TRENCH,nan,S-1174707,SRR-17421374,NORM,TCNNANG,TCN,5,NORM4,Civil Item
09/05/2023,,1,NORM4SCARE,NORM4SCARE,TRCH,nan,RVSCIVAA,TRENCH RD X S/S VISUAL INSECTION,VICIVTC05,Do you want to report Trench or crossing?,TRENCH,nan,S-1174707,SRR-17421377,NORM,TCNNANG,TCN,5,NORM4,Civil Item
09/05/2023,,1,NORM4SCARE,NORM4SCARE,TRCH,nan,RVSCIVAA,TRENCH RD X S/S VISUAL INSECTION,VICIVTC05,Do you want to report Trench or crossing?,TRENCH,nan,S-1174707,SRR-17421380,NORM,TCNNANG,TCN,5,NORM4,Civil Item
09/05/2023,,1,NORM4SCARE,NORM4SCARE,TRCH,nan,RVSCIVAA,TRENCH RD X S/S VISUAL INSECTION,VICIVTC05,Do you want to report Trench or crossing?,TRENCH,nan,S-1174707,SRR-17421383,NORM,TCNNANG,TCN,5,NORM4,Civil Item
09/05/2023,,1,NORM4SCARE,NORM4SCARE,TRCH,nan,RVSCIVAA,TRENCH RD X S/S VISUAL INSECTION,VICIVTC05,Do you want to report Trench or crossing?,TRENCH,nan,S-1174707,SRR-17421386,NORM,TCNNANG,TCN,5,NORM4,Civil Item
09/05/2023,1.0,4,LACK2STECH,LACK2STECH,GAN,nan,RVSGANAA,GANTRY S/S VISUAL INSPECTION,VICIVGA01,Do you want to report any condition deterioration of the asset?,YES,nan,S-1174713,SRR-17421440,LACK,TNETEES,TNE,11,LACK2,Civil Item
09/05/2023,1.0,4,NORM4STECH,NORM4STECH,GAN,nan,RVSGANAA,GANTRY S/S VISUAL INSPECTION,VICIVGA01,Do you want to report any condition deterioration of the asset?,YES,nan,S-1175642,SRR-17431456,NORM,TCNNANG,TCN,11,NORM4,Civil Item
10/05/2023,0.0,4,NORW1STECH,NORW1STECH,GAN,nan,RVSGANAA,GANTRY S/S VISUAL INSPECTION,VICIVGA01,Do you want to report any condition deterioration of the asset?,NO,nan,S-1177877,SRR-17460048,NORW,TCNNANG,TCN,11,NORW1,Civil Item
11/05/2023,1.0,4,NOTR1STECH,NOTR1STECH,GAN,nan,RVSGANAA,GANTRY S/S VISUAL INSPECTION,VICIVGA01,Do you want to report any condition deterioration of the asset?,YES,nan,S-1179799,SRR-17478741,NOTR,TCNNANG,TCN,11,NOTR1,Civil Item
11/05/2023,0.0,4,SIZE4STECH,SIZE4STECH,GAN,nan,RVSGANAA,GANTRY S/S VISUAL INSPECTION,VICIVGA01,Do you want to report any condition deterioration of the asset?,NO,nan,S-1180563,SRR-17485511,SIZE,TCNSUFK,TCN,11,SIZE4,Civil Item
11/05/2023,,1,SIZE4SCARE,SIZE4SCARE,TRCH,nan,RVSCIVAA,TRENCH RD X S/S VISUAL INSECTION,VICIVTC05,Do you want to report Trench or crossing?,VEHICLE CROSSING,nan,S-1180896,SRR-17486841,SIZE,TCNSUFK,TCN,5,SIZE4,Civil Item
12/05/2023,,1,NOTR1SCARE,NOTR1SCARE,TRCH,nan,RVSCIVAA,TRENCH RD X S/S VISUAL INSECTION,VICIVTC05,Do you want to report Trench or crossing?,TRENCH,nan,S-1183503,SRR-17509116,NOTR,TCNNANG,TCN,5,NOTR1,Civil Item
12/05/2023,,1,NORM4SCARE,NORM4SCARE,TRCH,nan,RVSCIVAA,TRENCH RD X S/S VISUAL INSECTION,VICIVTC05,Do you want to report Trench or crossing?,TRENCH,nan,S-1183509,SRR-17509152,NORM,TCNNANG,TCN,5,NORM4,Civil Item
12/05/2023,,1,NORM4SCARE,NORM4SCARE,TRCH,nan,RVSCIVAA,TRENCH RD X S/S VISUAL INSECTION,VICIVTC05,Do you want to report Trench or crossing?,TRENCH,nan,S-1183511,SRR-17509157,NORM,TCNNANG,TCN,5,NORM4,Civil Item
12/05/2023,,1,NORM4SCARE,NORM4SCARE,TRCH,nan,RVSCIVAA,TRENCH RD X S/S VISUAL INSECTION,VICIVTC05,Do you want to report Trench or crossing?,TRENCH,nan,S-1183513,SRR-17509162,NORM,TCNNANG,TCN,5,NORM4,Civil Item
12/05/2023,,1,NOTR1SCARE,NOTR1SCARE,TRCH,nan,RVSCIVAA,TRENCH RD X S/S VISUAL INSECTION,VICIVTC05,Do you want to report Trench or crossing?,TRENCH,nan,S-1183515,SRR-17509167,NOTR,TCNNANG,TCN,5,NOTR1,Civil Item
12/05/2023,,1,NOTR1SCARE,NOTR1SCARE,TRCH,nan,RVSCIVAA,TRENCH RD X S/S VISUAL INSECTION,VICIVTC05,Do you want to report Trench or crossing?,TRENCH,nan,S-1183517,SRR-17509172,NOTR,TCNNANG,TCN,5,NOTR1,Civil Item
12/05/2023,,1,NOTR1SCARE,NOTR1SCARE,TRCH,nan,RVSCIVAA,TRENCH RD X S/S VISUAL INSECTION,VICIVTC05,Do you want to report Trench or crossing?,TRENCH,nan,S-1183519,SRR-17509177,NOTR,TCNNANG,TCN,5,NOTR1,Civil Item
12/05/2023,0.0,4,NOTR1STECH,NOTR1STECH,GAN,nan,RVSGANAA,GANTRY S/S VISUAL INSPECTION,VICIVGA01,Do you want to report any condition deterioration of the asset?,NO,nan,S-1183522,SRR-17509185,NOTR,TCNNANG,TCN,11,NOTR1,Civil Item
12/05/2023,,1,SIZE4SCARE,SIZE4SCARE,TRCH,nan,RVSCIVAA,TRENCH RD X S/S VISUAL INSECTION,VICIVTC05,Do you want to report Trench or crossing?,TRENCH,nan,S-1183524,SRR-17509188,SIZE,TCNSUFK,TCN,5,SIZE4,Civil Item
12/05/2023,,1,SIZE4SCARE,SIZE4SCARE,TRCH,nan,RVSCIVAA,TRENCH RD X S/S VISUAL INSECTION,VICIVTC05,Do you want to report Trench or crossing?,TRENCH,nan,S-1183526,SRR-17509193,SIZE,TCNSUFK,TCN,5,SIZE4,Civil Item
12/05/2023,,1,SIZE4SCARE,SIZE4SCARE,TRCH,nan,RVSCIVAA,TRENCH RD X S/S VISUAL INSECTION,VICIVTC05,Do you want to report Trench or crossing?,TRENCH,nan,S-1183528,SRR-17509198,SIZE,TCNSUFK,TCN,5,SIZE4,Civil Item
12/05/2023,0.0,4,SIZE4STECH,SIZE4STECH,GAN,nan,RVSGANAA,GANTRY S/S VISUAL INSPECTION,VICIVGA01,Do you want to report any condition deterioration of the asset?,NO,nan,S-1183529,SRR-17509204,SIZE,TCNSUFK,TCN,11,SIZE4,Civil Item
12/05/2023,0.0,4,SIZE4STECH,SIZE4STECH,GAN,nan,RVSGANAA,GANTRY S/S VISUAL INSPECTION,VICIVGA01,Do you want to report any condition deterioration of the asset?,NO,nan,S-1183530,SRR-17509208,SIZE,TCNSUFK,TCN,11,SIZE4,Civil Item
12/05/2023,0.0,4,SIZE4STECH,SIZE4STECH,GAN,nan,RVSGANAA,GANTRY S/S VISUAL INSPECTION,VICIVGA01,Do you want to report any condition deterioration of the asset?,NO,nan,S-1183531,SRR-17509212,SIZE,TCNSUFK,TCN,11,SIZE4,Civil Item
23/05/2023,,1,TILB4SCARE,TILB4SCARE,TRCH,nan,RVSCIVAA,TRENCH RD X S/S VISUAL INSECTION,VICIVTC05,Do you want to report Trench or crossing?,TRENCH,nan,S-1198690,SRR-17694412,TILB,TCNESSX,TCN,5,TILB4,Civil Item
23/05/2023,,1,TILB4SCARE,TILB4SCARE,TRCH,nan,RVSCIVAA,TRENCH RD X S/S VISUAL INSECTION,VICIVTC05,Do you want to report Trench or crossing?,TRENCH,nan,S-1198690,SRR-17694415,TILB,TCNESSX,TCN,5,TILB4,Civil Item
23/05/2023,,1,TILB2SCARE,TILB2SCARE,TRCH,nan,RVSCIVAA,TRENCH RD X S/S VISUAL INSECTION,VICIVTC05,Do you want to report Trench or crossing?,TRENCH,nan,S-1199626,SRR-17703051,TILB,TCNESSX,TCN,5,TILB2,Civil Item
23/05/2023,,1,TILB2SCARE,TILB2SCARE,TRCH,nan,RVSCIVAA,TRENCH RD X S/S VISUAL INSECTION,VICIVTC05,Do you want to report Trench or crossing?,TRENCH,nan,S-1199626,SRR-17703054,TILB,TCNESSX,TCN,5,TILB2,Civil Item
23/05/2023,,1,TILB2SCARE,TILB2SCARE,TRCH,nan,RVSCIVAA,TRENCH RD X S/S VISUAL INSECTION,VICIVTC05,Do you want to report Trench or crossing?,TRENCH,nan,S-1199626,SRR-17703057,TILB,TCNESSX,TCN,5,TILB2,Civil Item
23/05/2023,,1,TILB2SCARE,TILB2SCARE,TRCH,nan,RVSCIVAA,TRENCH RD X S/S VISUAL INSECTION,VICIVTC05,Do you want to report Trench or crossing?,TRENCH,nan,S-1199626,SRR-17703060,TILB,TCNESSX,TCN,5,TILB2,Civil Item
23/05/2023,,1,TILB2SCARE,TILB2SCARE,TRCH,nan,RVSCIVAA,TRENCH RD X S/S VISUAL INSECTION,VICIVTC05,Do you want to report Trench or crossing?,TRENCH,nan,S-1199626,SRR-17703063,TILB,TCNESSX,TCN,5,TILB2,Civil Item
23/05/2023,,1,TILB2SCARE,TILB2SCARE,TRCH,nan,RVSCIVAA,TRENCH RD X S/S VISUAL INSECTION,VICIVTC05,Do you want to report Trench or crossing?,TRENCH,nan,S-1199626,SRR-17703066,TILB,TCNESSX,TCN,5,TILB2,Civil Item
24/05/2023,1.0,4,TILB2STECH,TILB2STECH,GAN,nan,RVSGANAA,GANTRY S/S VISUAL INSPECTION,VICIVGA01,Do you want to report any condition deterioration of the asset?,YES,nan,S-1200725,SRR-17714350,TILB,TCNESSX,TCN,11,TILB2,Civil Item
24/05/2023,1.0,4,TILB2STECH,TILB2STECH,GAN,nan,RVSGANAA,GANTRY S/S VISUAL INSPECTION,VICIVGA01,Do you want to report any condition deterioration of the asset?,YES,nan,S-1200947,SRR-17716004,TILB,TCNESSX,TCN,11,TILB2,Civil Item
24/05/2023,,1,TILB2SCARE,TILB2SCARE,TRCH,nan,RVSCIVAA,TRENCH RD X S/S VISUAL INSECTION,VICIVTC05,Do you want to report Trench or crossing?,TRENCH,nan,S-1200950,SRR-17716020,TILB,TCNESSX,TCN,5,TILB2,Civil Item
24/05/2023,0.0,4,TILB4STECH,TILB4STECH,GAN,nan,RVSGANAA,GANTRY S/S VISUAL INSPECTION,VICIVGA01,Do you want to report any condition deterioration of the asset?,NO,nan,S-1201011,SRR-17716315,TILB,TCNESSX,TCN,11,TILB4,Civil Item
24/05/2023,1.0,4,TILB2STECH,TILB2STECH,GAN,nan,RVSGANAA,GANTRY S/S VISUAL INSPECTION,VICIVGA01,Do you want to report any condition deterioration of the asset?,YES,nan,S-1201178,SRR-17717440,TILB,TCNESSX,TCN,11,TILB2,Civil Item
29/05/2023,,1,TILB2SCARE,TILB2SCARE,TRCH,nan,RVSCIVAA,TRENCH RD X S/S VISUAL INSECTION,VICIVTC05,Do you want to report Trench or crossing?,TRENCH,nan,S-1204701,SRR-17754859,TILB,TCNESSX,TCN,5,TILB2,Civil Item
29/05/2023,,1,TILB2SCARE,TILB2SCARE,TRCH,nan,RVSCIVAA,TRENCH RD X S/S VISUAL INSECTION,VICIVTC05,Do you want to report Trench or crossing?,TRENCH,nan,S-1204703,SRR-17754864,TILB,TCNESSX,TCN,5,TILB2,Civil Item
29/05/2023,,1,TILB4SCARE,TILB4SCARE,TRCH,nan,RVSCIVAA,TRENCH RD X S/S VISUAL INSECTION,VICIVTC05,Do you want to report Trench or crossing?,TRENCH,nan,S-1204712,SRR-17754876,TILB,TCNESSX,TCN,5,TILB4,Civil Item
29/05/2023,,1,TILB4SCARE,TILB4SCARE,TRCH,nan,RVSCIVAA,TRENCH RD X S/S VISUAL INSECTION,VICIVTC05,Do you want to report Trench or crossing?,TRENCH,nan,S-1204714,SRR-17754881,TILB,TCNESSX,TCN,5,TILB4,Civil Item
29/05/2023,,1,TILB4SCARE,TILB4SCARE,TRCH,nan,RVSCIVAA,TRENCH RD X S/S VISUAL INSECTION,VICIVTC05,Do you want to report Trench or crossing?,TRENCH,nan,S-1204716,SRR-17754886,TILB,TCNESSX,TCN,5,TILB4,Civil Item
29/05/2023,,1,TILC4SCARE,TILC4SCARE,TRCH,nan,RVSCIVAA,TRENCH RD X S/S VISUAL INSECTION,VICIVTC05,Do you want to report Trench or crossing?,TRENCH,nan,S-1204722,SRR-17754895,TILC,TCNESSX,TCN,5,TILC4,Civil Item
29/05/2023,,1,TILC4SCARE,TILC4SCARE,TRCH,nan,RVSCIVAA,TRENCH RD X S/S VISUAL INSECTION,VICIVTC05,Do you want to report Trench or crossing?,TRENCH,nan,S-1204724,SRR-17754900,TILC,TCNESSX,TCN,5,TILC4,Civil Item
29/05/2023,,1,TILC4SCARE,TILC4SCARE,TRCH,nan,RVSCIVAA,TRENCH RD X S/S VISUAL INSECTION,VICIVTC05,Do you want to report Trench or crossing?,TRENCH,nan,S-1204726,SRR-17754905,TILC,TCNESSX,TCN,5,TILC4,Civil Item
29/05/2023,,1,TILC4SCARE,TILC4SCARE,TRCH,nan,RVSCIVAA,TRENCH RD X S/S VISUAL INSECTION,VICIVTC05,Do you want to report Trench or crossing?,TRENCH,nan,S-1204728,SRR-17754910,TILC,TCNESSX,TCN,5,TILC4,Civil Item
29/05/2023,,1,TILC0SCARE,TILC0SCARE,TRCH,nan,RVSCIVAA,TRENCH RD X S/S VISUAL INSECTION,VICIVTC05,Do you want to report Trench or crossing?,TRENCH,nan,S-1204730,SRR-17754915,TILC,TCNESSX,TCN,5,TILC0,Civil Item
29/05/2023,,1,TILC0SCARE,TILC0SCARE,TRCH,nan,RVSCIVAA,TRENCH RD X S/S VISUAL INSECTION,VICIVTC05,Do you want to report Trench or crossing?,TRENCH,nan,S-1204732,SRR-17754920,TILC,TCNESSX,TCN,5,TILC0,Civil Item
29/05/2023,,1,TILC0SCARE,TILC0SCARE,TRCH,nan,RVSCIVAA,TRENCH RD X S/S VISUAL INSECTION,VICIVTC05,Do you want to report Trench or crossing?,TRENCH,nan,S-1204734,SRR-17754925,TILC,TCNESSX,TCN,5,TILC0,Civil Item
29/05/2023,,1,TILC0SCARE,TILC0SCARE,TRCH,nan,RVSCIVAA,TRENCH RD X S/S VISUAL INSECTION,VICIVTC05,Do you want to report Trench or crossing?,TRENCH,nan,S-1204736,SRR-17754930,TILC,TCNESSX,TCN,5,TILC0,Civil Item
30/05/2023,,1,WALP4SCARE,WALP4SCARE,TRCH,nan,RVSCIVAA,TRENCH RD X S/S VISUAL INSECTION,VICIVTC05,Do you want to report Trench or crossing?,TRENCH,nan,S-1206819,SRR-17767749,WALP,TCNNANG,TCN,5,WALP4,Civil Item
30/05/2023,,1,WALP4SCARE,WALP4SCARE,TRCH,nan,RVSCIVAA,TRENCH RD X S/S VISUAL INSECTION,VICIVTC05,Do you want to report Trench or crossing?,TRENCH,nan,S-1206819,SRR-17767752,WALP,TCNNANG,TCN,5,WALP4,Civil Item
30/05/2023,,1,WALP4SCARE,WALP4SCARE,TRCH,nan,RVSCIVAA,TRENCH RD X S/S VISUAL INSECTION,VICIVTC05,Do you want to report Trench or crossing?,TRENCH,nan,S-1206819,SRR-17767755,WALP,TCNNANG,TCN,5,WALP4,Civil Item
30/05/2023,,1,WALP4SCARE,WALP4SCARE,TRCH,nan,RVSCIVAA,TRENCH RD X S/S VISUAL INSECTION,VICIVTC05,Do you want to report Trench or crossing?,TRENCH,nan,S-1206819,SRR-17767758,WALP,TCNNANG,TCN,5,WALP4,Civil Item
30/05/2023,,1,WALP4SCARE,WALP4SCARE,TRCH,nan,RVSCIVAA,TRENCH RD X S/S VISUAL INSECTION,VICIVTC05,Do you want to report Trench or crossing?,TRENCH,nan,S-1206819,SRR-17767761,WALP,TCNNANG,TCN,5,WALP4,Civil Item
31/05/2023,1.0,4,WALP4STECH,WALP4STECH,GAN,nan,RVSGANAA,GANTRY S/S VISUAL INSPECTION,VICIVGA01,Do you want to report any condition deterioration of the asset?,YES,nan,S-1209161,SRR-17784077,WALP,TCNNANG,TCN,11,WALP4,Civil Item
31/05/2023,,1,WALP1SCARE,WALP1SCARE,TRCH,nan,RVSCIVAA,TRENCH RD X S/S VISUAL INSECTION,VICIVTC05,Do you want to report Trench or crossing?,TRENCH,nan,S-1209554,SRR-17786695,WALP,TCNNANG,TCN,5,WALP1,Civil Item
11/06/2023,,1,WALP4SCARE,WALP4SCARE,TRCH,nan,RVSCIVAA,TRENCH RD X S/S VISUAL INSECTION,VICIVTC05,Do you want to report Trench or crossing?,TRENCH,nan,S-1225428,SRR-17940200,WALP,TCNNANG,TCN,5,WALP4,Civil Item
11/06/2023,,1,WALP4SCARE,WALP4SCARE,TRCH,nan,RVSCIVAA,TRENCH RD X S/S VISUAL INSECTION,VICIVTC05,Do you want to report Trench or crossing?,TRENCH,nan,S-1225433,SRR-17940306,WALP,TCNNANG,TCN,5,WALP4,Civil Item
11/06/2023,,1,WALP4SCARE,WALP4SCARE,TRCH,nan,RVSCIVAA,TRENCH RD X S/S VISUAL INSECTION,VICIVTC05,Do you want to report Trench or crossing?,TRENCH,nan,S-1225438,SRR-17940363,WALP,TCNNANG,TCN,5,WALP4,Civil Item
11/06/2023,,1,WALP1SCARE,WALP1SCARE,TRCH,nan,RVSCIVAA,TRENCH RD X S/S VISUAL INSECTION,VICIVTC05,Do you want to report Trench or crossing?,TRENCH,nan,S-1225443,SRR-17940420,WALP,TCNNANG,TCN,5,WALP1,Civil Item
11/06/2023,,1,WALP1SCARE,WALP1SCARE,TRCH,nan,RVSCIVAA,TRENCH RD X S/S VISUAL INSECTION,VICIVTC05,Do you want to report Trench or crossing?,TRENCH,nan,S-1225448,SRR-17940477,WALP,TCNNANG,TCN,5,WALP1,Civil Item
11/06/2023,,1,WALP1SCARE,WALP1SCARE,TRCH,nan,RVSCIVAA,TRENCH RD X S/S VISUAL INSECTION,VICIVTC05,Do you want to report Trench or crossing?,TRENCH,nan,S-1225454,SRR-17940535,WALP,TCNNANG,TCN,5,WALP1,Civil Item
15/06/2023,,1,SJOW2SCARE,SJOW2SCARE,TRCH,nan,RVSCIVAA,TRENCH RD X S/S VISUAL INSECTION,VICIVTC05,Do you want to report Trench or crossing?,VEHICLE CROSSING,nan,S-1233563,SRR-18022632,SJOW,TLNCETL,TLN,5,SJOW2,Civil Item
20/06/2023,,1,SJOW2SCARE,SJOW2SCARE,TRCH,nan,RVSCIVAA,TRENCH RD X S/S VISUAL INSECTION,VICIVTC05,Do you want to report Trench or crossing?,TRENCH,nan,S-1240106,SRR-18090518,SJOW,TLNCETL,TLN,5,SJOW2,Civil Item
20/06/2023,,1,SJOW1SCARE,SJOW1SCARE,TRCH,nan,RVSCIVAA,TRENCH RD X S/S VISUAL INSECTION,VICIVTC05,Do you want to report Trench or crossing?,TRENCH,nan,S-1240111,SRR-18090532,SJOW,TLNCETL,TLN,5,SJOW1,Civil Item
24/06/2023,,1,SJOW2SCARE,SJOW2SCARE,TRCH,nan,RVSCIVAA,TRENCH RD X S/S VISUAL INSECTION,VICIVTC05,Do you want to report Trench or crossing?,TRENCH,nan,S-1248558,SRR-18164532,SJOW,TLNCETL,TLN,5,SJOW2,Civil Item
24/06/2023,,1,SJOW2SCARE,SJOW2SCARE,TRCH,nan,RVSCIVAA,TRENCH RD X S/S VISUAL INSECTION,VICIVTC05,Do you want to report Trench or crossing?,TRENCH,nan,S-1248564,SRR-18164547,SJOW,TLNCETL,TLN,5,SJOW2,Civil Item
24/06/2023,,1,SJOW1SCARE,SJOW1SCARE,TRCH,nan,RVSCIVAA,TRENCH RD X S/S VISUAL INSECTION,VICIVTC05,Do you want to report Trench or crossing?,TRENCH,nan,S-1248570,SRR-18164562,SJOW,TLNCETL,TLN,5,SJOW1,Civil Item
24/06/2023,,1,SJOW1SCARE,SJOW1SCARE,TRCH,nan,RVSCIVAA,TRENCH RD X S/S VISUAL INSECTION,VICIVTC05,Do you want to report Trench or crossing?,TRENCH,nan,S-1248576,SRR-18164577,SJOW,TLNCETL,TLN,5,SJOW1,Civil Item
24/06/2023,,1,SJOW1SCARE,SJOW1SCARE,TRCH,nan,RVSCIVAA,TRENCH RD X S/S VISUAL INSECTION,VICIVTC05,Do you want to report Trench or crossing?,TRENCH,nan,S-1248583,SRR-18164595,SJOW,TLNCETL,TLN,5,SJOW1,Civil Item
25/06/2023,,1,CITR4SCARE,CITR4SCARE,TRCH,nan,RVSCIVAA,TRENCH RD X S/S VISUAL INSECTION,VICIVTC05,Do you want to report Trench or crossing?,TRENCH,nan,S-1248812,SRR-18166681,CITR,TLNCETL,TLN,5,CITR4,Civil Item
25/06/2023,,1,CITR4SCARE,CITR4SCARE,TRCH,nan,RVSCIVAA,TRENCH RD X S/S VISUAL INSECTION,VICIVTC05,Do you want to report Trench or crossing?,TRENCH,nan,S-1248818,SRR-18166696,CITR,TLNCETL,TLN,5,CITR4,Civil Item
25/06/2023,,1,CITR4SCARE,CITR4SCARE,TRCH,nan,RVSCIVAA,TRENCH RD X S/S VISUAL INSECTION,VICIVTC05,Do you want to report Trench or crossing?,TRENCH,nan,S-1248824,SRR-18166711,CITR,TLNCETL,TLN,5,CITR4,Civil Item
25/06/2023,,1,CITR1SCARE,CITR1SCARE,TRCH,nan,RVSCIVAA,TRENCH RD X S/S VISUAL INSECTION,VICIVTC05,Do you want to report Trench or crossing?,TRENCH,nan,S-1248830,SRR-18166726,CITR,TLNCETL,TLN,5,CITR1,Civil Item
25/06/2023,,1,CITR1SCARE,CITR1SCARE,TRCH,nan,RVSCIVAA,TRENCH RD X S/S VISUAL INSECTION,VICIVTC05,Do you want to report Trench or crossing?,TRENCH,nan,S-1248836,SRR-18166741,CITR,TLNCETL,TLN,5,CITR1,Civil Item
25/06/2023,,1,CITR1SCARE,CITR1SCARE,TRCH,nan,RVSCIVAA,TRENCH RD X S/S VISUAL INSECTION,VICIVTC05,Do you want to report Trench or crossing?,TRENCH,nan,S-1248842,SRR-18166756,CITR,TLNCETL,TLN,5,CITR1,Civil Item
25/06/2023,,1,CITR4SCARE,CITR4SCARE,TRCH,nan,RVSCIVAA,TRENCH RD X S/S VISUAL INSECTION,VICIVTC05,Do you want to report Trench or crossing?,TRENCH,nan,S-1249046,SRR-18167806,CITR,TLNCETL,TLN,5,CITR4,Civil Item
25/06/2023,,1,CITR1SCARE,CITR1SCARE,TRCH,nan,RVSCIVAA,TRENCH RD X S/S VISUAL INSECTION,VICIVTC05,Do you want to report Trench or crossing?,TRENCH,nan,S-1249079,SRR-18167917,CITR,TLNCETL,TLN,5,CITR1,Civil Item
26/06/2023,,1,ELST2SCARE,ELST2SCARE,TRCH,nan,RVSCIVAA,TRENCH RD X S/S VISUAL INSECTION,VICIVTC05,Do you want to report Trench or crossing?,TRENCH,nan,S-1251768,SRR-18191998,ELST,TLNNWST,TLN,5,ELST2,Civil Item
26/06/2023,,1,ELST2SCARE,ELST2SCARE,TRCH,nan,RVSCIVAA,TRENCH RD X S/S VISUAL INSECTION,VICIVTC05,Do you want to report Trench or crossing?,TRENCH,nan,S-1251768,SRR-18192001,ELST,TLNNWST,TLN,5,ELST2,Civil Item
26/06/2023,,1,ELST2SCARE,ELST2SCARE,TRCH,nan,RVSCIVAA,TRENCH RD X S/S VISUAL INSECTION,VICIVTC05,Do you want to report Trench or crossing?,TRENCH,nan,S-1251768,SRR-18192004,ELST,TLNNWST,TLN,5,ELST2,Civil Item
26/06/2023,,1,ELST2SCARE,ELST2SCARE,TRCH,nan,RVSCIVAA,TRENCH RD X S/S VISUAL INSECTION,VICIVTC05,Do you want to report Trench or crossing?,TRENCH,nan,S-1251768,SRR-18192007,ELST,TLNNWST,TLN,5,ELST2,Civil Item
26/06/2023,,1,ELST2SCARE,ELST2SCARE,TRCH,nan,RVSCIVAA,TRENCH RD X S/S VISUAL INSECTION,VICIVTC05,Do you want to report Trench or crossing?,TRENCH,nan,S-1251768,SRR-18192010,ELST,TLNNWST,TLN,5,ELST2,Civil Item
26/06/2023,,1,ELST2SCARE,ELST2SCARE,TRCH,nan,RVSCIVAA,TRENCH RD X S/S VISUAL INSECTION,VICIVTC05,Do you want to report Trench or crossing?,TRENCH,nan,S-1251768,SRR-18192013,ELST,TLNNWST,TLN,5,ELST2,Civil Item
26/06/2023,,1,ELST2SCARE,ELST2SCARE,TRCH,nan,RVSCIVAA,TRENCH RD X S/S VISUAL INSECTION,VICIVTC05,Do you want to report Trench or crossing?,TRENCH,nan,S-1251768,SRR-18192016,ELST,TLNNWST,TLN,5,ELST2,Civil Item
26/06/2023,,1,ELST2SCARE,ELST2SCARE,TRCH,nan,RVSCIVAA,TRENCH RD X S/S VISUAL INSECTION,VICIVTC05,Do you want to report Trench or crossing?,TRENCH,nan,S-1251768,SRR-18192019,ELST,TLNNWST,TLN,5,ELST2,Civil Item
26/06/2023,,1,ELST2SCARE,ELST2SCARE,TRCH,nan,RVSCIVAA,TRENCH RD X S/S VISUAL INSECTION,VICIVTC05,Do you want to report Trench or crossing?,TRENCH,nan,S-1251768,SRR-18192022,ELST,TLNNWST,TLN,5,ELST2,Civil Item
26/06/2023,,1,ELST2SCARE,ELST2SCARE,TRCH,nan,RVSCIVAA,TRENCH RD X S/S VISUAL INSECTION,VICIVTC05,Do you want to report Trench or crossing?,TRENCH,nan,S-1251768,SRR-18192025,ELST,TLNNWST,TLN,5,ELST2,Civil Item
26/06/2023,,1,ELST2SCARE,ELST2SCARE,TRCH,nan,RVSCIVAA,TRENCH RD X S/S VISUAL INSECTION,VICIVTC05,Do you want to report Trench or crossing?,TRENCH,nan,S-1251768,SRR-18192028,ELST,TLNNWST,TLN,5,ELST2,Civil Item
26/06/2023,,1,ELST2SCARE,ELST2SCARE,TRCH,nan,RVSCIVAA,TRENCH RD X S/S VISUAL INSECTION,VICIVTC05,Do you want to report Trench or crossing?,TRENCH,nan,S-1251768,SRR-18192031,ELST,TLNNWST,TLN,5,ELST2,Civil Item
26/06/2023,,1,ELST2SCARE,ELST2SCARE,TRCH,nan,RVSCIVAA,TRENCH RD X S/S VISUAL INSECTION,VICIVTC05,Do you want to report Trench or crossing?,TRENCH,nan,S-1251768,SRR-18192034,ELST,TLNNWST,TLN,5,ELST2,Civil Item
26/06/2023,,1,ELST2SCARE,ELST2SCARE,TRCH,nan,RVSCIVAA,TRENCH RD X S/S VISUAL INSECTION,VICIVTC05,Do you want to report Trench or crossing?,TRENCH,nan,S-1251768,SRR-18192037,ELST,TLNNWST,TLN,5,ELST2,Civil Item
26/06/2023,,1,ELST2SCARE,ELST2SCARE,TRCH,nan,RVSCIVAA,TRENCH RD X S/S VISUAL INSECTION,VICIVTC05,Do you want to report Trench or crossing?,TRENCH,nan,S-1251768,SRR-18192040,ELST,TLNNWST,TLN,5,ELST2,Civil Item
26/06/2023,,1,ELST2SCARE,ELST2SCARE,TRCH,nan,RVSCIVAA,TRENCH RD X S/S VISUAL INSECTION,VICIVTC05,Do you want to report Trench or crossing?,TRENCH,nan,S-1251768,SRR-18192043,ELST,TLNNWST,TLN,5,ELST2,Civil Item
26/06/2023,,1,ELST2SCARE,ELST2SCARE,TRCH,nan,RVSCIVAA,TRENCH RD X S/S VISUAL INSECTION,VICIVTC05,Do you want to report Trench or crossing?,TRENCH,nan,S-1251768,SRR-18192046,ELST,TLNNWST,TLN,5,ELST2,Civil Item
26/06/2023,,1,ELST2SCARE,ELST2SCARE,TRCH,nan,RVSCIVAA,TRENCH RD X S/S VISUAL INSECTION,VICIVTC05,Do you want to report Trench or crossing?,TRENCH,nan,S-1251768,SRR-18192049,ELST,TLNNWST,TLN,5,ELST2,Civil Item
26/06/2023,,1,ELST2SCARE,ELST2SCARE,TRCH,nan,RVSCIVAA,TRENCH RD X S/S VISUAL INSECTION,VICIVTC05,Do you want to report Trench or crossing?,TRENCH,nan,S-1251836,SRR-18192452,ELST,TLNNWST,TLN,5,ELST2,Civil Item
27/06/2023,1.0,4,ELST4STECH,ELST4STECH,GAN,nan,RVSGANAA,GANTRY S/S VISUAL INSPECTION,VICIVGA01,Do you want to report any condition deterioration of the asset?,YES,nan,S-1254018,SRR-18212243,ELST,TLNNWST,TLN,11,ELST4,Civil Item
27/06/2023,0.0,4,ELST1STECH,ELST1STECH,GAN,nan,RVSGANAA,GANTRY S/S VISUAL INSPECTION,VICIVGA01,Do you want to report any condition deterioration of the asset?,NO,nan,S-1254757,SRR-18217369,ELST,TLNNWST,TLN,11,ELST1,Civil Item
27/06/2023,,1,ELST1SCARE,ELST1SCARE,TRCH,nan,RVSCIVAA,TRENCH RD X S/S VISUAL INSECTION,VICIVTC05,Do you want to report Trench or crossing?,VEHICLE CROSSING,nan,S-1254854,SRR-18217651,ELST,TLNNWST,TLN,5,ELST1,Civil Item
27/06/2023,,1,ELST1SCARE,ELST1SCARE,TRCH,nan,RVSCIVAA,TRENCH RD X S/S VISUAL INSECTION,VICIVTC05,Do you want to report Trench or crossing?,TRENCH,nan,S-1254854,SRR-18217654,ELST,TLNNWST,TLN,5,ELST1,Civil Item
27/06/2023,,1,ELST1SCARE,ELST1SCARE,TRCH,nan,RVSCIVAA,TRENCH RD X S/S VISUAL INSECTION,VICIVTC05,Do you want to report Trench or crossing?,TRENCH,nan,S-1254854,SRR-18217657,ELST,TLNNWST,TLN,5,ELST1,Civil Item
27/06/2023,,1,ELST1SCARE,ELST1SCARE,TRCH,nan,RVSCIVAA,TRENCH RD X S/S VISUAL INSECTION,VICIVTC05,Do you want to report Trench or crossing?,TRENCH,nan,S-1254854,SRR-18217660,ELST,TLNNWST,TLN,5,ELST1,Civil Item
27/06/2023,,1,ELST1SCARE,ELST1SCARE,TRCH,nan,RVSCIVAA,TRENCH RD X S/S VISUAL INSECTION,VICIVTC05,Do you want to report Trench or crossing?,TRENCH,nan,S-1254854,SRR-18217663,ELST,TLNNWST,TLN,5,ELST1,Civil Item
27/06/2023,,1,ELST1SCARE,ELST1SCARE,TRCH,nan,RVSCIVAA,TRENCH RD X S/S VISUAL INSECTION,VICIVTC05,Do you want to report Trench or crossing?,TRENCH,nan,S-1254854,SRR-18217666,ELST,TLNNWST,TLN,5,ELST1,Civil Item
02/07/2023,1.0,4,ELST2STECH,ELST2STECH,GAN,nan,RVSGANAA,GANTRY S/S VISUAL INSPECTION,VICIVGA01,Do you want to report any condition deterioration of the asset?,YES,nan,S-1263048,SRR-18290440,ELST,TLNNWST,TLN,11,ELST2,Civil Item
02/07/2023,,1,ELST4SCARE,ELST4SCARE,TRCH,nan,RVSCIVAA,TRENCH RD X S/S VISUAL INSECTION,VICIVTC05,Do you want to report Trench or crossing?,TRENCH,nan,S-1263110,SRR-18290631,ELST,TLNNWST,TLN,5,ELST4,Civil Item
02/07/2023,,1,ELST4SCARE,ELST4SCARE,TRCH,nan,RVSCIVAA,TRENCH RD X S/S VISUAL INSECTION,VICIVTC05,Do you want to report Trench or crossing?,TRENCH,nan,S-1263116,SRR-18290646,ELST,TLNNWST,TLN,5,ELST4,Civil Item
02/07/2023,,1,ELST4SCARE,ELST4SCARE,TRCH,nan,RVSCIVAA,TRENCH RD X S/S VISUAL INSECTION,VICIVTC05,Do you want to report Trench or crossing?,TRENCH,nan,S-1263122,SRR-18290661,ELST,TLNNWST,TLN,5,ELST4,Civil Item
02/07/2023,,1,ELST4SCARE,ELST4SCARE,TRCH,nan,RVSCIVAA,TRENCH RD X S/S VISUAL INSECTION,VICIVTC05,Do you want to report Trench or crossing?,TRENCH,nan,S-1263128,SRR-18290676,ELST,TLNNWST,TLN,5,ELST4,Civil Item
02/07/2023,0.0,4,ELST2STECH,ELST2STECH,GAN,nan,RVSGANAA,GANTRY S/S VISUAL INSPECTION,VICIVGA01,Do you want to report any condition deterioration of the asset?,NO,nan,S-1263184,SRR-18290815,ELST,TLNNWST,TLN,11,ELST2,Civil Item
02/07/2023,,1,ELST2SCARE,ELST2SCARE,TRCH,nan,RVSCIVAA,TRENCH RD X S/S VISUAL INSECTION,VICIVTC05,Do you want to report Trench or crossing?,TRENCH,nan,S-1263255,SRR-18290983,ELST,TLNNWST,TLN,5,ELST2,Civil Item
02/07/2023,,1,ELST2SCARE,ELST2SCARE,TRCH,nan,RVSCIVAA,TRENCH RD X S/S VISUAL INSECTION,VICIVTC05,Do you want to report Trench or crossing?,TRENCH,nan,S-1263261,SRR-18290998,ELST,TLNNWST,TLN,5,ELST2,Civil Item
02/07/2023,,1,ELST1SCARE,ELST1SCARE,TRCH,nan,RVSCIVAA,TRENCH RD X S/S VISUAL INSECTION,VICIVTC05,Do you want to report Trench or crossing?,TRENCH,nan,S-1263287,SRR-18291063,ELST,TLNNWST,TLN,5,ELST1,Civil Item
02/07/2023,,1,ELST1SCARE,ELST1SCARE,TRCH,nan,RVSCIVAA,TRENCH RD X S/S VISUAL INSECTION,VICIVTC05,Do you want to report Trench or crossing?,TRENCH,nan,S-1263293,SRR-18291078,ELST,TLNNWST,TLN,5,ELST1,Civil Item
02/07/2023,,1,ELST1SCARE,ELST1SCARE,TRCH,nan,RVSCIVAA,TRENCH RD X S/S VISUAL INSECTION,VICIVTC05,Do you want to report Trench or crossing?,TRENCH,nan,S-1263303,SRR-18291103,ELST,TLNNWST,TLN,5,ELST1,Civil Item
02/07/2023,,1,ELST1BSCARE,ELST1BSCARE,TRCH,nan,RVSCIVAA,TRENCH RD X S/S VISUAL INSECTION,VICIVTC05,Do you want to report Trench or crossing?,TRENCH,nan,S-1263353,SRR-18291228,ELST,TLNNWST,TLN,5,ELST1,Civil Item
02/07/2023,,1,ELST1BSCARE,ELST1BSCARE,TRCH,nan,RVSCIVAA,TRENCH RD X S/S VISUAL INSECTION,VICIVTC05,Do you want to report Trench or crossing?,TRENCH,nan,S-1263359,SRR-18291243,ELST,TLNNWST,TLN,5,ELST1,Civil Item
02/07/2023,,1,ELST1BSCARE,ELST1BSCARE,TRCH,nan,RVSCIVAA,TRENCH RD X S/S VISUAL INSECTION,VICIVTC05,Do you want to report Trench or crossing?,TRENCH,nan,S-1263365,SRR-18291258,ELST,TLNNWST,TLN,5,ELST1,Civil Item
02/07/2023,,1,ELST1BSCARE,ELST1BSCARE,TRCH,nan,RVSCIVAA,TRENCH RD X S/S VISUAL INSECTION,VICIVTC05,Do you want to report Trench or crossing?,TRENCH,nan,S-1263371,SRR-18291273,ELST,TLNNWST,TLN,5,ELST1,Civil Item
05/07/2023,,1,ACTL8SCARE,ACTL8SCARE,TRCH,nan,RVSCIVAA,TRENCH RD X S/S VISUAL INSECTION,VICIVTC05,Do you want to report Trench or crossing?,VEHICLE CROSSING,nan,S-1269562,SRR-18348334,ACTL,TLNCETL,TLN,5,ACTL8,Civil Item
09/07/2023,,1,ACTL8SCARE,ACTL8SCARE,TRCH,nan,RVSCIVAA,TRENCH RD X S/S VISUAL INSECTION,VICIVTC05,Do you want to report Trench or crossing?,TRENCH,nan,S-1274242,SRR-18398186,ACTL,TLNCETL,TLN,5,ACTL8,Civil Item
09/07/2023,,1,ACTL8SCARE,ACTL8SCARE,TRCH,nan,RVSCIVAA,TRENCH RD X S/S VISUAL INSECTION,VICIVTC05,Do you want to report Trench or crossing?,TRENCH,nan,S-1274248,SRR-18398201,ACTL,TLNCETL,TLN,5,ACTL8,Civil Item
25/07/2023,,1,GRAI4SCARE,GRAI4SCARE,TRCH,nan,RVSCIVAA,TRENCH RD X S/S VISUAL INSECTION,VICIVTC05,Do you want to report Trench or crossing?,TRENCH,nan,S-1304781,SRR-18656233,GRAI,TSETHES,TSE,5,GRAI4,Civil Item
25/07/2023,,1,GRAI4SCARE,GRAI4SCARE,TRCH,nan,RVSCIVAA,TRENCH RD X S/S VISUAL INSECTION,VICIVTC05,Do you want to report Trench or crossing?,TRENCH,nan,S-1304781,SRR-18656236,GRAI,TSETHES,TSE,5,GRAI4,Civil Item
25/07/2023,,1,GRAI4SCARE,GRAI4SCARE,TRCH,nan,RVSCIVAA,TRENCH RD X S/S VISUAL INSECTION,VICIVTC05,Do you want to report Trench or crossing?,TRENCH,nan,S-1304781,SRR-18656239,GRAI,TSETHES,TSE,5,GRAI4,Civil Item
25/07/2023,,1,GRAI4SCARE,GRAI4SCARE,TRCH,nan,RVSCIVAA,TRENCH RD X S/S VISUAL INSECTION,VICIVTC05,Do you want to report Trench or crossing?,VEHICLE CROSSING,nan,S-1304781,SRR-18656242,GRAI,TSETHES,TSE,5,GRAI4,Civil Item
25/07/2023,,1,GRAI4SCARE,GRAI4SCARE,TRCH,nan,RVSCIVAA,TRENCH RD X S/S VISUAL INSECTION,VICIVTC05,Do you want to report Trench or crossing?,TRENCH,nan,S-1305133,SRR-18658815,GRAI,TSETHES,TSE,5,GRAI4,Civil Item
25/07/2023,0.0,4,GRAI4STECH,GRAI4STECH,GAN,nan,RVSGANAA,GANTRY S/S VISUAL INSPECTION,VICIVGA01,Do you want to report any condition deterioration of the asset?,NO,nan,S-1305481,SRR-18661813,GRAI,TSETHES,TSE,11,GRAI4,Civil Item
26/07/2023,,1,GRAI4BSCARE,GRAI4BSCARE,TRCH,nan,RVSCIVAA,TRENCH RD X S/S VISUAL INSECTION,VICIVTC05,Do you want to report Trench or crossing?,TRENCH,nan,S-1308956,SRR-18691289,GRAI,TSETHES,TSE,5,GRAI4,Civil Item
31/07/2023,,1,GRAI4SCARE,GRAI4SCARE,TRCH,nan,RVSCIVAA,TRENCH RD X S/S VISUAL INSECTION,VICIVTC05,Do you want to report Trench or crossing?,TRENCH,nan,S-1318076,SRR-18765092,GRAI,TSETHES,TSE,5,GRAI4,Civil Item
31/07/2023,,1,GRAI4SCARE,GRAI4SCARE,TRCH,nan,RVSCIVAA,TRENCH RD X S/S VISUAL INSECTION,VICIVTC05,Do you want to report Trench or crossing?,TRENCH,nan,S-1318082,SRR-18765107,GRAI,TSETHES,TSE,5,GRAI4,Civil Item
31/07/2023,,1,GRAI4BSCARE,GRAI4BSCARE,TRCH,nan,RVSCIVAA,TRENCH RD X S/S VISUAL INSECTION,VICIVTC05,Do you want to report Trench or crossing?,TRENCH,nan,S-1318146,SRR-18765259,GRAI,TSETHES,TSE,5,GRAI4,Civil Item
31/07/2023,,1,GRAI4BSCARE,GRAI4BSCARE,TRCH,nan,RVSCIVAA,TRENCH RD X S/S VISUAL INSECTION,VICIVTC05,Do you want to report Trench or crossing?,TRENCH,nan,S-1318155,SRR-18765357,GRAI,TSETHES,TSE,5,GRAI4,Civil Item
31/07/2023,,1,GRAI4BSCARE,GRAI4BSCARE,TRCH,nan,RVSCIVAA,TRENCH RD X S/S VISUAL INSECTION,VICIVTC05,Do you want to report Trench or crossing?,TRENCH,nan,S-1318164,SRR-18765375,GRAI,TSETHES,TSE,5,GRAI4,Civil Item
31/07/2023,,1,GRAI5SCARE,GRAI5SCARE,TRCH,nan,RVSCIVAA,TRENCH RD X S/S VISUAL INSECTION,VICIVTC05,Do you want to report Trench or crossing?,TRENCH,nan,S-1318222,SRR-18765611,GRAI,TSETHES,TSE,5,GRAI5,Civil Item
31/07/2023,,1,GRAI5SCARE,GRAI5SCARE,TRCH,nan,RVSCIVAA,TRENCH RD X S/S VISUAL INSECTION,VICIVTC05,Do you want to report Trench or crossing?,TRENCH,nan,S-1318231,SRR-18765629,GRAI,TSETHES,TSE,5,GRAI5,Civil Item
31/07/2023,,1,GRAI5SCARE,GRAI5SCARE,TRCH,nan,RVSCIVAA,TRENCH RD X S/S VISUAL INSECTION,VICIVTC05,Do you want to report Trench or crossing?,TRENCH,nan,S-1318240,SRR-18765647,GRAI,TSETHES,TSE,5,GRAI5,Civil Item
31/07/2023,,1,GRAI5SCARE,GRAI5SCARE,TRCH,nan,RVSCIVAA,TRENCH RD X S/S VISUAL INSECTION,VICIVTC05,Do you want to report Trench or crossing?,TRENCH,nan,S-1318250,SRR-18765666,GRAI,TSETHES,TSE,5,GRAI5,Civil Item
01/08/2023,1.0,4,KINO4STECH,KINO4STECH,GAN,nan,RVSGANAA,GANTRY S/S VISUAL INSPECTION,VICIVGA01,Do you want to report any condition deterioration of the asset?,YES,nan,S-1320597,SRR-18782258,KINO,TSETHES,TSE,11,KINO4,Civil Item
06/08/2023,,1,KINO4SCARE,KINO4SCARE,TRCH,nan,RVSCIVAA,TRENCH RD X S/S VISUAL INSECTION,VICIVTC05,Do you want to report Trench or crossing?,TRENCH,nan,S-1326103,SRR-18838608,KINO,TSETHES,TSE,5,KINO4,Civil Item
06/08/2023,,1,KINO4SCARE,KINO4SCARE,TRCH,nan,RVSCIVAA,TRENCH RD X S/S VISUAL INSECTION,VICIVTC05,Do you want to report Trench or crossing?,TRENCH,nan,S-1326109,SRR-18838623,KINO,TSETHES,TSE,5,KINO4,Civil Item
06/08/2023,,1,KINO4SCARE,KINO4SCARE,TRCH,nan,RVSCIVAA,TRENCH RD X S/S VISUAL INSECTION,VICIVTC05,Do you want to report Trench or crossing?,TRENCH,nan,S-1326115,SRR-18838638,KINO,TSETHES,TSE,5,KINO4,Civil Item
06/08/2023,,1,KINO4SCARE,KINO4SCARE,TRCH,nan,RVSCIVAA,TRENCH RD X S/S VISUAL INSECTION,VICIVTC05,Do you want to report Trench or crossing?,TRENCH,nan,S-1326121,SRR-18838653,KINO,TSETHES,TSE,5,KINO4,Civil Item
06/08/2023,,1,KINO1SCARE,KINO1SCARE,TRCH,nan,RVSCIVAA,TRENCH RD X S/S VISUAL INSECTION,VICIVTC05,Do you want to report Trench or crossing?,TRENCH,nan,S-1326174,SRR-18838781,KINO,TSETHES,TSE,5,KINO1,Civil Item
06/08/2023,,1,KINO1SCARE,KINO1SCARE,TRCH,nan,RVSCIVAA,TRENCH RD X S/S VISUAL INSECTION,VICIVTC05,Do you want to report Trench or crossing?,TRENCH,nan,S-1326180,SRR-18838796,KINO,TSETHES,TSE,5,KINO1,Civil Item
06/08/2023,,1,KINO1SCARE,KINO1SCARE,TRCH,nan,RVSCIVAA,TRENCH RD X S/S VISUAL INSECTION,VICIVTC05,Do you want to report Trench or crossing?,TRENCH,nan,S-1326186,SRR-18838811,KINO,TSETHES,TSE,5,KINO1,Civil Item
06/08/2023,,1,KINO1SCARE,KINO1SCARE,TRCH,nan,RVSCIVAA,TRENCH RD X S/S VISUAL INSECTION,VICIVTC05,Do you want to report Trench or crossing?,TRENCH,nan,S-1326192,SRR-18838826,KINO,TSETHES,TSE,5,KINO1,Civil Item
06/08/2023,,1,KINO4BSCARE,KINO4BSCARE,TRCH,nan,RVSCIVAA,TRENCH RD X S/S VISUAL INSECTION,VICIVTC05,Do you want to report Trench or crossing?,TRENCH,nan,S-1326257,SRR-18838984,KINO,TSETHES,TSE,5,KINO4,Civil Item
06/08/2023,,1,KINO4BSCARE,KINO4BSCARE,TRCH,nan,RVSCIVAA,TRENCH RD X S/S VISUAL INSECTION,VICIVTC05,Do you want to report Trench or crossing?,TRENCH,nan,S-1326263,SRR-18838999,KINO,TSETHES,TSE,5,KINO4,Civil Item
06/08/2023,,1,KINO4BSCARE,KINO4BSCARE,TRCH,nan,RVSCIVAA,TRENCH RD X S/S VISUAL INSECTION,VICIVTC05,Do you want to report Trench or crossing?,TRENCH,nan,S-1326269,SRR-18839014,KINO,TSETHES,TSE,5,KINO4,Civil Item
06/08/2023,,1,KINO4BSCARE,KINO4BSCARE,TRCH,nan,RVSCIVAA,TRENCH RD X S/S VISUAL INSECTION,VICIVTC05,Do you want to report Trench or crossing?,TRENCH,nan,S-1326275,SRR-18839029,KINO,TSETHES,TSE,5,KINO4,Civil Item
08/08/2023,,1,SELL4SCARE,SELL4SCARE,TRCH,nan,RVSCIVAA,TRENCH RD X S/S VISUAL INSECTION,VICIVTC05,Do you want to report Trench or crossing?,TRENCH,nan,S-1329975,SRR-18873911,SELL,TSEEAKT,TSE,5,SELL4,Civil Item
08/08/2023,0.0,4,SELL4STECH,SELL4STECH,GAN,nan,RVSGANAA,GANTRY S/S VISUAL INSPECTION,VICIVGA01,Do you want to report any condition deterioration of the asset?,NO,nan,S-1329980,SRR-18873941,SELL,TSEEAKT,TSE,11,SELL4,Civil Item
08/08/2023,0.0,4,SELL1STECH,SELL1STECH,GAN,nan,RVSGANAA,GANTRY S/S VISUAL INSPECTION,VICIVGA01,Do you want to report any condition deterioration of the asset?,NO,nan,S-1331105,SRR-18885071,SELL,TSEEAKT,TSE,11,SELL1,Civil Item
08/08/2023,,1,SELL1SCARE,SELL1SCARE,TRCH,nan,RVSCIVAA,TRENCH RD X S/S VISUAL INSECTION,VICIVTC05,Do you want to report Trench or crossing?,TRENCH,nan,S-1331164,SRR-18885417,SELL,TSEEAKT,TSE,5,SELL1,Civil Item
13/08/2023,,1,SELL4SCARE,SELL4SCARE,TRCH,nan,RVSCIVAA,TRENCH RD X S/S VISUAL INSECTION,VICIVTC05,Do you want to report Trench or crossing?,TRENCH,nan,S-1336608,SRR-18946015,SELL,TSEEAKT,TSE,5,SELL4,Civil Item
13/08/2023,,1,SELL4SCARE,SELL4SCARE,TRCH,nan,RVSCIVAA,TRENCH RD X S/S VISUAL INSECTION,VICIVTC05,Do you want to report Trench or crossing?,TRENCH,nan,S-1336614,SRR-18946030,SELL,TSEEAKT,TSE,5,SELL4,Civil Item
13/08/2023,,1,SELL4SCARE,SELL4SCARE,TRCH,nan,RVSCIVAA,TRENCH RD X S/S VISUAL INSECTION,VICIVTC05,Do you want to report Trench or crossing?,TRENCH,nan,S-1336620,SRR-18946045,SELL,TSEEAKT,TSE,5,SELL4,Civil Item
13/08/2023,,1,SELL1SCARE,SELL1SCARE,TRCH,nan,RVSCIVAA,TRENCH RD X S/S VISUAL INSECTION,VICIVTC05,Do you want to report Trench or crossing?,TRENCH,nan,S-1336626,SRR-18946060,SELL,TSEEAKT,TSE,5,SELL1,Civil Item
13/08/2023,,1,SELL1SCARE,SELL1SCARE,TRCH,nan,RVSCIVAA,TRENCH RD X S/S VISUAL INSECTION,VICIVTC05,Do you want to report Trench or crossing?,TRENCH,nan,S-1336632,SRR-18946075,SELL,TSEEAKT,TSE,5,SELL1,Civil Item
13/08/2023,,1,SELL1SCARE,SELL1SCARE,TRCH,nan,RVSCIVAA,TRENCH RD X S/S VISUAL INSECTION,VICIVTC05,Do you want to report Trench or crossing?,TRENCH,nan,S-1336638,SRR-18946090,SELL,TSEEAKT,TSE,5,SELL1,Civil Item
31/08/2023,,1,DIDC4SCARE,DIDC4SCARE,TRCH,nan,RVSCIVAA,TRENCH RD X S/S VISUAL INSECTION,VICIVTC05,Do you want to report Trench or crossing?,TRENCH,nan,S-1356701,SRR-19202370,DIDC,TSWCHIL,TSW,5,DIDC4,Civil Item
31/08/2023,,1,DIDC4SCARE,DIDC4SCARE,TRCH,nan,RVSCIVAA,TRENCH RD X S/S VISUAL INSECTION,VICIVTC05,Do you want to report Trench or crossing?,TRENCH,nan,S-1356701,SRR-19202373,DIDC,TSWCHIL,TSW,5,DIDC4,Civil Item
31/08/2023,,1,DIDC4SCARE,DIDC4SCARE,TRCH,nan,RVSCIVAA,TRENCH RD X S/S VISUAL INSECTION,VICIVTC05,Do you want to report Trench or crossing?,TRENCH,nan,S-1356701,SRR-19202376,DIDC,TSWCHIL,TSW,5,DIDC4,Civil Item
31/08/2023,,1,DIDC4SCARE,DIDC4SCARE,TRCH,nan,RVSCIVAA,TRENCH RD X S/S VISUAL INSECTION,VICIVTC05,Do you want to report Trench or crossing?,TRENCH,nan,S-1356701,SRR-19202379,DIDC,TSWCHIL,TSW,5,DIDC4,Civil Item
31/08/2023,,1,DIDC4SCARE,DIDC4SCARE,TRCH,nan,RVSCIVAA,TRENCH RD X S/S VISUAL INSECTION,VICIVTC05,Do you want to report Trench or crossing?,TRENCH,nan,S-1356701,SRR-19202382,DIDC,TSWCHIL,TSW,5,DIDC4,Civil Item
31/08/2023,,1,DIDC4SCARE,DIDC4SCARE,TRCH,nan,RVSCIVAA,TRENCH RD X S/S VISUAL INSECTION,VICIVTC05,Do you want to report Trench or crossing?,TRENCH,nan,S-1356701,SRR-19202385,DIDC,TSWCHIL,TSW,5,DIDC4,Civil Item
31/08/2023,,1,DIDC4SCARE,DIDC4SCARE,TRCH,nan,RVSCIVAA,TRENCH RD X S/S VISUAL INSECTION,VICIVTC05,Do you want to report Trench or crossing?,TRENCH,nan,S-1356701,SRR-19202388,DIDC,TSWCHIL,TSW,5,DIDC4,Civil Item
31/08/2023,,1,DIDC4SCARE,DIDC4SCARE,TRCH,nan,RVSCIVAA,TRENCH RD X S/S VISUAL INSECTION,VICIVTC05,Do you want to report Trench or crossing?,TRENCH,nan,S-1356701,SRR-19202391,DIDC,TSWCHIL,TSW,5,DIDC4,Civil Item
31/08/2023,,1,DIDC4SCARE,DIDC4SCARE,TRCH,nan,RVSCIVAA,TRENCH RD X S/S VISUAL INSECTION,VICIVTC05,Do you want to report Trench or crossing?,TRENCH,nan,S-1356701,SRR-19202394,DIDC,TSWCHIL,TSW,5,DIDC4,Civil Item
31/08/2023,,1,DIDC4SCARE,DIDC4SCARE,TRCH,nan,RVSCIVAA,TRENCH RD X S/S VISUAL INSECTION,VICIVTC05,Do you want to report Trench or crossing?,TRENCH,nan,S-1356701,SRR-19202397,DIDC,TSWCHIL,TSW,5,DIDC4,Civil Item
31/08/2023,,1,DIDC4SCARE,DIDC4SCARE,TRCH,nan,RVSCIVAA,TRENCH RD X S/S VISUAL INSECTION,VICIVTC05,Do you want to report Trench or crossing?,TRENCH,nan,S-1356701,SRR-19202400,DIDC,TSWCHIL,TSW,5,DIDC4,Civil Item
31/08/2023,,1,DIDC4SCARE,DIDC4SCARE,TRCH,nan,RVSCIVAA,TRENCH RD X S/S VISUAL INSECTION,VICIVTC05,Do you want to report Trench or crossing?,TRENCH,nan,S-1356701,SRR-19202403,DIDC,TSWCHIL,TSW,5,DIDC4,Civil Item
31/08/2023,,1,DIDC4SCARE,DIDC4SCARE,TRCH,nan,RVSCIVAA,TRENCH RD X S/S VISUAL INSECTION,VICIVTC05,Do you want to report Trench or crossing?,TRENCH,nan,S-1356701,SRR-19202406,DIDC,TSWCHIL,TSW,5,DIDC4,Civil Item
31/08/2023,1.0,4,DIDC4STECH,DIDC4STECH,GAN,nan,RVSGANAA,GANTRY S/S VISUAL INSPECTION,VICIVGA01,Do you want to report any condition deterioration of the asset?,YES,nan,S-1357451,SRR-19210035,DIDC,TSWCHIL,TSW,11,DIDC4,Civil Item
31/08/2023,1.0,4,DIDC4STECH,DIDC4STECH,GAN,nan,RVSGANAA,GANTRY S/S VISUAL INSPECTION,VICIVGA01,Do you want to report any condition deterioration of the asset?,YES,nan,S-1357771,SRR-19212485,DIDC,TSWCHIL,TSW,11,DIDC4,Civil Item
31/08/2023,,1,DIDC4SCARE,DIDC4SCARE,TRCH,nan,RVSCIVAA,TRENCH RD X S/S VISUAL INSECTION,VICIVTC05,Do you want to report Trench or crossing?,TRENCH,nan,S-1358232,SRR-19216944,DIDC,TSWCHIL,TSW,5,DIDC4,Civil Item
01/09/2023,,1,DIDC4SCARE,DIDC4SCARE,TRCH,nan,RVSCIVAA,TRENCH RD X S/S VISUAL INSECTION,VICIVTC05,Do you want to report Trench or crossing?,TRENCH,nan,S-1358659,SRR-19221758,DIDC,TSWCHIL,TSW,5,DIDC4,Civil Item
01/09/2023,,1,DIDC4SCARE,DIDC4SCARE,TRCH,nan,RVSCIVAA,TRENCH RD X S/S VISUAL INSECTION,VICIVTC05,Do you want to report Trench or crossing?,TRENCH,nan,S-1358665,SRR-19221773,DIDC,TSWCHIL,TSW,5,DIDC4,Civil Item
04/09/2023,,1,HINP4SCARE,HINP4SCARE,TRCH,nan,RVSCIVAA,TRENCH RD X S/S VISUAL INSECTION,VICIVTC05,Do you want to report Trench or crossing?,TRENCH,nan,S-1361800,SRR-19252165,HINP,TSWMEWE,TSW,5,HINP4,Civil Item
04/09/2023,,1,HINP4SCARE,HINP4SCARE,TRCH,nan,RVSCIVAA,TRENCH RD X S/S VISUAL INSECTION,VICIVTC05,Do you want to report Trench or crossing?,TRENCH,nan,S-1361800,SRR-19252168,HINP,TSWMEWE,TSW,5,HINP4,Civil Item
04/09/2023,,1,HINP4SCARE,HINP4SCARE,TRCH,nan,RVSCIVAA,TRENCH RD X S/S VISUAL INSECTION,VICIVTC05,Do you want to report Trench or crossing?,TRENCH,nan,S-1361800,SRR-19252171,HINP,TSWMEWE,TSW,5,HINP4,Civil Item
04/09/2023,,1,HINP4SCARE,HINP4SCARE,TRCH,nan,RVSCIVAA,TRENCH RD X S/S VISUAL INSECTION,VICIVTC05,Do you want to report Trench or crossing?,TRENCH,nan,S-1361800,SRR-19252174,HINP,TSWMEWE,TSW,5,HINP4,Civil Item
04/09/2023,,1,HINP4SCARE,HINP4SCARE,TRCH,nan,RVSCIVAA,TRENCH RD X S/S VISUAL INSECTION,VICIVTC05,Do you want to report Trench or crossing?,TRENCH,nan,S-1361800,SRR-19252177,HINP,TSWMEWE,TSW,5,HINP4,Civil Item
04/09/2023,,1,HINP4SCARE,HINP4SCARE,TRCH,nan,RVSCIVAA,TRENCH RD X S/S VISUAL INSECTION,VICIVTC05,Do you want to report Trench or crossing?,TRENCH,nan,S-1361800,SRR-19252180,HINP,TSWMEWE,TSW,5,HINP4,Civil Item
04/09/2023,,1,HINP4SCARE,HINP4SCARE,TRCH,nan,RVSCIVAA,TRENCH RD X S/S VISUAL INSECTION,VICIVTC05,Do you want to report Trench or crossing?,TRENCH,nan,S-1361800,SRR-19252183,HINP,TSWMEWE,TSW,5,HINP4,Civil Item
04/09/2023,,1,HINP4SCARE,HINP4SCARE,TRCH,nan,RVSCIVAA,TRENCH RD X S/S VISUAL INSECTION,VICIVTC05,Do you want to report Trench or crossing?,TRENCH,nan,S-1361800,SRR-19252186,HINP,TSWMEWE,TSW,5,HINP4,Civil Item
04/09/2023,,1,HINP4SCARE,HINP4SCARE,TRCH,nan,RVSCIVAA,TRENCH RD X S/S VISUAL INSECTION,VICIVTC05,Do you want to report Trench or crossing?,TRENCH,nan,S-1361800,SRR-19252189,HINP,TSWMEWE,TSW,5,HINP4,Civil Item
04/09/2023,,1,HINP4SCARE,HINP4SCARE,TRCH,nan,RVSCIVAA,TRENCH RD X S/S VISUAL INSECTION,VICIVTC05,Do you want to report Trench or crossing?,TRENCH,nan,S-1361800,SRR-19252192,HINP,TSWMEWE,TSW,5,HINP4,Civil Item
04/09/2023,,1,HINP4SCARE,HINP4SCARE,TRCH,nan,RVSCIVAA,TRENCH RD X S/S VISUAL INSECTION,VICIVTC05,Do you want to report Trench or crossing?,TRENCH,nan,S-1361800,SRR-19252195,HINP,TSWMEWE,TSW,5,HINP4,Civil Item
04/09/2023,,1,HINP4SCARE,HINP4SCARE,TRCH,nan,RVSCIVAA,TRENCH RD X S/S VISUAL INSECTION,VICIVTC05,Do you want to report Trench or crossing?,VEHICLE CROSSING,nan,S-1361800,SRR-19252198,HINP,TSWMEWE,TSW,5,HINP4,Civil Item
04/09/2023,,1,HINP4SCARE,HINP4SCARE,TRCH,nan,RVSCIVAA,TRENCH RD X S/S VISUAL INSECTION,VICIVTC05,Do you want to report Trench or crossing?,TRENCH,nan,S-1361800,SRR-19252201,HINP,TSWMEWE,TSW,5,HINP4,Civil Item
04/09/2023,,1,HINP4SCARE,HINP4SCARE,TRCH,nan,RVSCIVAA,TRENCH RD X S/S VISUAL INSECTION,VICIVTC05,Do you want to report Trench or crossing?,TRENCH,nan,S-1361800,SRR-19252204,HINP,TSWMEWE,TSW,5,HINP4,Civil Item
04/09/2023,,1,HINP4SCARE,HINP4SCARE,TRCH,nan,RVSCIVAA,TRENCH RD X S/S VISUAL INSECTION,VICIVTC05,Do you want to report Trench or crossing?,TRENCH,nan,S-1361800,SRR-19252207,HINP,TSWMEWE,TSW,5,HINP4,Civil Item
04/09/2023,,1,HINP4SCARE,HINP4SCARE,TRCH,nan,RVSCIVAA,TRENCH RD X S/S VISUAL INSECTION,VICIVTC05,Do you want to report Trench or crossing?,TRENCH,nan,S-1361800,SRR-19252210,HINP,TSWMEWE,TSW,5,HINP4,Civil Item
05/09/2023,1.0,4,HINP2STECH,HINP2STECH,GAN,nan,RVSGANAA,GANTRY S/S VISUAL INSPECTION,VICIVGA01,Do you want to report any condition deterioration of the asset?,YES,nan,S-1362982,SRR-19267743,HINP,TSWMEWE,TSW,11,HINP2,Civil Item
05/09/2023,,1,COWL4SCARE,COWL4SCARE,TRCH,nan,RVSCIVAA,TRENCH RD X S/S VISUAL INSECTION,VICIVTC05,Do you want to report Trench or crossing?,TRENCH,nan,S-1363268,SRR-19272507,COWL,TSWCHIL,TSW,5,COWL4,Civil Item
05/09/2023,,1,COWL4SCARE,COWL4SCARE,TRCH,nan,RVSCIVAA,TRENCH RD X S/S VISUAL INSECTION,VICIVTC05,Do you want to report Trench or crossing?,TRENCH,nan,S-1363268,SRR-19272510,COWL,TSWCHIL,TSW,5,COWL4,Civil Item
05/09/2023,,1,COWL4SCARE,COWL4SCARE,TRCH,nan,RVSCIVAA,TRENCH RD X S/S VISUAL INSECTION,VICIVTC05,Do you want to report Trench or crossing?,TRENCH,nan,S-1363268,SRR-19272513,COWL,TSWCHIL,TSW,5,COWL4,Civil Item
05/09/2023,,1,COWL4SCARE,COWL4SCARE,TRCH,nan,RVSCIVAA,TRENCH RD X S/S VISUAL INSECTION,VICIVTC05,Do you want to report Trench or crossing?,TRENCH,nan,S-1363268,SRR-19272516,COWL,TSWCHIL,TSW,5,COWL4,Civil Item
05/09/2023,,1,COWL4SCARE,COWL4SCARE,TRCH,nan,RVSCIVAA,TRENCH RD X S/S VISUAL INSECTION,VICIVTC05,Do you want to report Trench or crossing?,TRENCH,nan,S-1363268,SRR-19272519,COWL,TSWCHIL,TSW,5,COWL4,Civil Item
05/09/2023,,1,COWL4SCARE,COWL4SCARE,TRCH,nan,RVSCIVAA,TRENCH RD X S/S VISUAL INSECTION,VICIVTC05,Do you want to report Trench or crossing?,TRENCH,nan,S-1363268,SRR-19272522,COWL,TSWCHIL,TSW,5,COWL4,Civil Item
05/09/2023,,1,COWL4SCARE,COWL4SCARE,TRCH,nan,RVSCIVAA,TRENCH RD X S/S VISUAL INSECTION,VICIVTC05,Do you want to report Trench or crossing?,TRENCH,nan,S-1363268,SRR-19272525,COWL,TSWCHIL,TSW,5,COWL4,Civil Item
05/09/2023,,1,COWL4SCARE,COWL4SCARE,TRCH,nan,RVSCIVAA,TRENCH RD X S/S VISUAL INSECTION,VICIVTC05,Do you want to report Trench or crossing?,TRENCH,nan,S-1363268,SRR-19272528,COWL,TSWCHIL,TSW,5,COWL4,Civil Item
05/09/2023,,1,COWL4SCARE,COWL4SCARE,TRCH,nan,RVSCIVAA,TRENCH RD X S/S VISUAL INSECTION,VICIVTC05,Do you want to report Trench or crossing?,TRENCH,nan,S-1363268,SRR-19272531,COWL,TSWCHIL,TSW,5,COWL4,Civil Item
05/09/2023,,1,COWL4SCARE,COWL4SCARE,TRCH,nan,RVSCIVAA,TRENCH RD X S/S VISUAL INSECTION,VICIVTC05,Do you want to report Trench or crossing?,TRENCH,nan,S-1363268,SRR-19272534,COWL,TSWCHIL,TSW,5,COWL4,Civil Item
05/09/2023,,1,COWL4SCARE,COWL4SCARE,TRCH,nan,RVSCIVAA,TRENCH RD X S/S VISUAL INSECTION,VICIVTC05,Do you want to report Trench or crossing?,TRENCH,nan,S-1363268,SRR-19272537,COWL,TSWCHIL,TSW,5,COWL4,Civil Item
05/09/2023,,1,COWL4SCARE,COWL4SCARE,TRCH,nan,RVSCIVAA,TRENCH RD X S/S VISUAL INSECTION,VICIVTC05,Do you want to report Trench or crossing?,TRENCH,nan,S-1363268,SRR-19272540,COWL,TSWCHIL,TSW,5,COWL4,Civil Item
05/09/2023,,1,COWL4SCARE,COWL4SCARE,TRCH,nan,RVSCIVAA,TRENCH RD X S/S VISUAL INSECTION,VICIVTC05,Do you want to report Trench or crossing?,TRENCH,nan,S-1363268,SRR-19272543,COWL,TSWCHIL,TSW,5,COWL4,Civil Item
05/09/2023,,1,COWL4SCARE,COWL4SCARE,TRCH,nan,RVSCIVAA,TRENCH RD X S/S VISUAL INSECTION,VICIVTC05,Do you want to report Trench or crossing?,TRENCH,nan,S-1363268,SRR-19272546,COWL,TSWCHIL,TSW,5,COWL4,Civil Item
05/09/2023,,1,COWL4SCARE,COWL4SCARE,TRCH,nan,RVSCIVAA,TRENCH RD X S/S VISUAL INSECTION,VICIVTC05,Do you want to report Trench or crossing?,TRENCH,nan,S-1363268,SRR-19272549,COWL,TSWCHIL,TSW,5,COWL4,Civil Item
05/09/2023,,1,COWL4SCARE,COWL4SCARE,TRCH,nan,RVSCIVAA,TRENCH RD X S/S VISUAL INSECTION,VICIVTC05,Do you want to report Trench or crossing?,TRENCH,nan,S-1363268,SRR-19272552,COWL,TSWCHIL,TSW,5,COWL4,Civil Item
05/09/2023,,1,COWL4SCARE,COWL4SCARE,TRCH,nan,RVSCIVAA,TRENCH RD X S/S VISUAL INSECTION,VICIVTC05,Do you want to report Trench or crossing?,TRENCH,nan,S-1363268,SRR-19272555,COWL,TSWCHIL,TSW,5,COWL4,Civil Item
05/09/2023,,1,COWL4SCARE,COWL4SCARE,TRCH,nan,RVSCIVAA,TRENCH RD X S/S VISUAL INSECTION,VICIVTC05,Do you want to report Trench or crossing?,TRENCH,nan,S-1363268,SRR-19272558,COWL,TSWCHIL,TSW,5,COWL4,Civil Item
05/09/2023,,1,COWL4SCARE,COWL4SCARE,TRCH,nan,RVSCIVAA,TRENCH RD X S/S VISUAL INSECTION,VICIVTC05,Do you want to report Trench or crossing?,TRENCH,nan,S-1363268,SRR-19272561,COWL,TSWCHIL,TSW,5,COWL4,Civil Item
05/09/2023,,1,COWL4SCARE,COWL4SCARE,TRCH,nan,RVSCIVAA,TRENCH RD X S/S VISUAL INSECTION,VICIVTC05,Do you want to report Trench or crossing?,TRENCH,nan,S-1363268,SRR-19272564,COWL,TSWCHIL,TSW,5,COWL4,Civil Item
05/09/2023,,1,COWL4SCARE,COWL4SCARE,TRCH,nan,RVSCIVAA,TRENCH RD X S/S VISUAL INSECTION,VICIVTC05,Do you want to report Trench or crossing?,TRENCH,nan,S-1363268,SRR-19272567,COWL,TSWCHIL,TSW,5,COWL4,Civil Item
05/09/2023,,1,COWL4SCARE,COWL4SCARE,TRCH,nan,RVSCIVAA,TRENCH RD X S/S VISUAL INSECTION,VICIVTC05,Do you want to report Trench or crossing?,TRENCH,nan,S-1363268,SRR-19272570,COWL,TSWCHIL,TSW,5,COWL4,Civil Item
05/09/2023,,1,COWL4SCARE,COWL4SCARE,TRCH,nan,RVSCIVAA,TRENCH RD X S/S VISUAL INSECTION,VICIVTC05,Do you want to report Trench or crossing?,TRENCH,nan,S-1363268,SRR-19272573,COWL,TSWCHIL,TSW,5,COWL4,Civil Item
05/09/2023,,1,COWL4SCARE,COWL4SCARE,TRCH,nan,RVSCIVAA,TRENCH RD X S/S VISUAL INSECTION,VICIVTC05,Do you want to report Trench or crossing?,TRENCH,nan,S-1363268,SRR-19272576,COWL,TSWCHIL,TSW,5,COWL4,Civil Item
05/09/2023,,1,COWL4SCARE,COWL4SCARE,TRCH,nan,RVSCIVAA,TRENCH RD X S/S VISUAL INSECTION,VICIVTC05,Do you want to report Trench or crossing?,TRENCH,nan,S-1363268,SRR-19272579,COWL,TSWCHIL,TSW,5,COWL4,Civil Item
05/09/2023,1.0,4,COWL4STECH,COWL4STECH,GAN,nan,RVSGANAA,GANTRY S/S VISUAL INSPECTION,VICIVGA01,Do you want to report any condition deterioration of the asset?,YES,nan,S-1364759,SRR-19290915,COWL,TSWCHIL,TSW,11,COWL4,Civil Item
05/09/2023,1.0,4,COWL4STECH,COWL4STECH,GAN,nan,RVSGANAA,GANTRY S/S VISUAL INSPECTION,VICIVGA01,Do you want to report any condition deterioration of the asset?,YES,nan,S-1364782,SRR-19291070,COWL,TSWCHIL,TSW,11,COWL4,Civil Item
07/09/2023,1.0,4,COWL4STECH,COWL4STECH,GAN,nan,RVSGANAA,GANTRY S/S VISUAL INSPECTION,VICIVGA01,Do you want to report any condition deterioration of the asset?,YES,nan,S-1367584,SRR-19335625,COWL,TSWCHIL,TSW,11,COWL4,Civil Item
11/09/2023,,1,IROA2SCARE,IROA2SCARE,TRCH,nan,RVSCIVAA,TRENCH RD X S/S VISUAL INSECTION,VICIVTC05,Do you want to report Trench or crossing?,TRENCH,nan,S-1373361,SRR-19400884,IROA,TSWSEVN,TSW,5,IROA2,Civil Item
11/09/2023,,1,IROA2SCARE,IROA2SCARE,TRCH,nan,RVSCIVAA,TRENCH RD X S/S VISUAL INSECTION,VICIVTC05,Do you want to report Trench or crossing?,TRENCH,nan,S-1373361,SRR-19400887,IROA,TSWSEVN,TSW,5,IROA2,Civil Item
11/09/2023,,1,IROA2SCARE,IROA2SCARE,TRCH,nan,RVSCIVAA,TRENCH RD X S/S VISUAL INSECTION,VICIVTC05,Do you want to report Trench or crossing?,TRENCH,nan,S-1373361,SRR-19400890,IROA,TSWSEVN,TSW,5,IROA2,Civil Item
11/09/2023,,1,IROA2SCARE,IROA2SCARE,TRCH,nan,RVSCIVAA,TRENCH RD X S/S VISUAL INSECTION,VICIVTC05,Do you want to report Trench or crossing?,TRENCH,nan,S-1373361,SRR-19400893,IROA,TSWSEVN,TSW,5,IROA2,Civil Item
11/09/2023,,1,IROA2SCARE,IROA2SCARE,TRCH,nan,RVSCIVAA,TRENCH RD X S/S VISUAL INSECTION,VICIVTC05,Do you want to report Trench or crossing?,TRENCH,nan,S-1373361,SRR-19400896,IROA,TSWSEVN,TSW,5,IROA2,Civil Item
11/09/2023,,1,IROA2SCARE,IROA2SCARE,TRCH,nan,RVSCIVAA,TRENCH RD X S/S VISUAL INSECTION,VICIVTC05,Do you want to report Trench or crossing?,TRENCH,nan,S-1373361,SRR-19400899,IROA,TSWSEVN,TSW,5,IROA2,Civil Item
11/09/2023,,1,IROA1SCARE,IROA1SCARE,TRCH,nan,RVSCIVAA,TRENCH RD X S/S VISUAL INSECTION,VICIVTC05,Do you want to report Trench or crossing?,TRENCH,nan,S-1373635,SRR-19402795,IROA,TSWSEVN,TSW,5,IROA1,Civil Item
11/09/2023,,1,IROA1SCARE,IROA1SCARE,TRCH,nan,RVSCIVAA,TRENCH RD X S/S VISUAL INSECTION,VICIVTC05,Do you want to report Trench or crossing?,TRENCH,nan,S-1373635,SRR-19402798,IROA,TSWSEVN,TSW,5,IROA1,Civil Item
11/09/2023,,1,IROA1SCARE,IROA1SCARE,TRCH,nan,RVSCIVAA,TRENCH RD X S/S VISUAL INSECTION,VICIVTC05,Do you want to report Trench or crossing?,TRENCH,nan,S-1373635,SRR-19402801,IROA,TSWSEVN,TSW,5,IROA1,Civil Item
11/09/2023,,1,IROA1SCARE,IROA1SCARE,TRCH,nan,RVSCIVAA,TRENCH RD X S/S VISUAL INSECTION,VICIVTC05,Do you want to report Trench or crossing?,TRENCH,nan,S-1373635,SRR-19402804,IROA,TSWSEVN,TSW,5,IROA1,Civil Item
11/09/2023,,1,IROA1SCARE,IROA1SCARE,TRCH,nan,RVSCIVAA,TRENCH RD X S/S VISUAL INSECTION,VICIVTC05,Do you want to report Trench or crossing?,TRENCH,nan,S-1373635,SRR-19402807,IROA,TSWSEVN,TSW,5,IROA1,Civil Item
11/09/2023,,1,IROA1SCARE,IROA1SCARE,TRCH,nan,RVSCIVAA,TRENCH RD X S/S VISUAL INSECTION,VICIVTC05,Do you want to report Trench or crossing?,TRENCH,nan,S-1373635,SRR-19402810,IROA,TSWSEVN,TSW,5,IROA1,Civil Item
11/09/2023,,1,IROA1SCARE,IROA1SCARE,TRCH,nan,RVSCIVAA,TRENCH RD X S/S VISUAL INSECTION,VICIVTC05,Do you want to report Trench or crossing?,TRENCH,nan,S-1373635,SRR-19402813,IROA,TSWSEVN,TSW,5,IROA1,Civil Item
11/09/2023,,1,IROA1SCARE,IROA1SCARE,TRCH,nan,RVSCIVAA,TRENCH RD X S/S VISUAL INSECTION,VICIVTC05,Do you want to report Trench or crossing?,TRENCH,nan,S-1373635,SRR-19402816,IROA,TSWSEVN,TSW,5,IROA1,Civil Item
11/09/2023,1.0,4,IROA2STECH,IROA2STECH,GAN,nan,RVSGANAA,GANTRY S/S VISUAL INSPECTION,VICIVGA01,Do you want to report any condition deterioration of the asset?,YES,nan,S-1375334,SRR-19414567,IROA,TSWSEVN,TSW,11,IROA2,Civil Item
11/09/2023,1.0,4,IROA1STECH,IROA1STECH,GAN,nan,RVSGANAA,GANTRY S/S VISUAL INSPECTION,VICIVGA01,Do you want to report any condition deterioration of the asset?,YES,nan,S-1375721,SRR-19417255,IROA,TSWSEVN,TSW,11,IROA1,Civil Item
11/09/2023,1.0,4,IROA1STECH,IROA1STECH,GAN,nan,RVSGANAA,GANTRY S/S VISUAL INSPECTION,VICIVGA01,Do you want to report any condition deterioration of the asset?,YES,nan,S-1375756,SRR-19417567,IROA,TSWSEVN,TSW,11,IROA1,Civil Item
12/09/2023,,1,SEAB4SCARE,SEAB4SCARE,TRCH,nan,RVSCIVAA,TRENCH RD X S/S VISUAL INSECTION,VICIVTC05,Do you want to report Trench or crossing?,TRENCH,nan,S-1377451,SRR-19432862,SEAB,TSWSEVN,TSW,5,SEAB4,Civil Item
12/09/2023,0.0,4,SEAB4STECH,SEAB4STECH,GAN,nan,RVSGANAA,GANTRY S/S VISUAL INSPECTION,VICIVGA01,Do you want to report any condition deterioration of the asset?,NO,nan,S-1377705,SRR-19435901,SEAB,TSWSEVN,TSW,11,SEAB4,Civil Item
12/09/2023,0.0,4,SEAB1STECH,SEAB1STECH,GAN,nan,RVSGANAA,GANTRY S/S VISUAL INSPECTION,VICIVGA01,Do you want to report any condition deterioration of the asset?,NO,nan,S-1377738,SRR-19436227,SEAB,TSWSEVN,TSW,11,SEAB1,Civil Item
12/09/2023,,1,SEAB1SCARE,SEAB1SCARE,TRCH,nan,RVSCIVAA,TRENCH RD X S/S VISUAL INSECTION,VICIVTC05,Do you want to report Trench or crossing?,TRENCH,nan,S-1377989,SRR-19439113,SEAB,TSWSEVN,TSW,5,SEAB1,Civil Item
15/09/2023,,1,HINP2SCARE,HINP2SCARE,TRCH,nan,RVSCIVAA,TRENCH RD X S/S VISUAL INSECTION,VICIVTC05,Do you want to report Trench or crossing?,TRENCH,nan,S-1387874,SRR-19549008,HINP,TSWMEWE,TSW,5,HINP2,Civil Item
15/09/2023,1.0,4,HINP2STECH,HINP2STECH,GAN,nan,RVSGANAA,GANTRY S/S VISUAL INSPECTION,VICIVGA01,Do you want to report any condition deterioration of the asset?,YES,nan,S-1387889,SRR-19549084,HINP,TSWMEWE,TSW,11,HINP2,Civil Item
15/09/2023,,1,IROA2SCARE,IROA2SCARE,TRCH,nan,RVSCIVAA,TRENCH RD X S/S VISUAL INSECTION,VICIVTC05,Do you want to report Trench or crossing?,TRENCH,nan,S-1388203,SRR-19550699,IROA,TSWSEVN,TSW,5,IROA2,Civil Item
15/09/2023,,1,IROA2SCARE,IROA2SCARE,TRCH,nan,RVSCIVAA,TRENCH RD X S/S VISUAL INSECTION,VICIVTC05,Do you want to report Trench or crossing?,TRENCH,nan,S-1388214,SRR-19550753,IROA,TSWSEVN,TSW,5,IROA2,Civil Item
15/09/2023,,1,IROA2SCARE,IROA2SCARE,TRCH,nan,RVSCIVAA,TRENCH RD X S/S VISUAL INSECTION,VICIVTC05,Do you want to report Trench or crossing?,TRENCH,nan,S-1388222,SRR-19550789,IROA,TSWSEVN,TSW,5,IROA2,Civil Item
15/09/2023,0.0,4,IROA2STECH,IROA2STECH,GAN,nan,RVSGANAA,GANTRY S/S VISUAL INSPECTION,VICIVGA01,Do you want to report any condition deterioration of the asset?,NO,nan,S-1388241,SRR-19550904,IROA,TSWSEVN,TSW,11,IROA2,Civil Item
15/09/2023,,1,SEAB4SCARE,SEAB4SCARE,TRCH,nan,RVSCIVAA,TRENCH RD X S/S VISUAL INSECTION,VICIVTC05,Do you want to report Trench or crossing?,TRENCH,nan,S-1388369,SRR-19551550,SEAB,TSWSEVN,TSW,5,SEAB4,Civil Item
15/09/2023,,1,SEAB4SCARE,SEAB4SCARE,TRCH,nan,RVSCIVAA,TRENCH RD X S/S VISUAL INSECTION,VICIVTC05,Do you want to report Trench or crossing?,TRENCH,nan,S-1388377,SRR-19551609,SEAB,TSWSEVN,TSW,5,SEAB4,Civil Item
15/09/2023,,1,SEAB4SCARE,SEAB4SCARE,TRCH,nan,RVSCIVAA,TRENCH RD X S/S VISUAL INSECTION,VICIVTC05,Do you want to report Trench or crossing?,TRENCH,nan,S-1388384,SRR-19551638,SEAB,TSWSEVN,TSW,5,SEAB4,Civil Item
15/09/2023,,1,IROA1SCARE,IROA1SCARE,TRCH,nan,RVSCIVAA,TRENCH RD X S/S VISUAL INSECTION,VICIVTC05,Do you want to report Trench or crossing?,TRENCH,nan,S-1388474,SRR-19552051,IROA,TSWSEVN,TSW,5,IROA1,Civil Item
15/09/2023,,1,IROA1SCARE,IROA1SCARE,TRCH,nan,RVSCIVAA,TRENCH RD X S/S VISUAL INSECTION,VICIVTC05,Do you want to report Trench or crossing?,TRENCH,nan,S-1388484,SRR-19552120,IROA,TSWSEVN,TSW,5,IROA1,Civil Item
15/09/2023,,1,IROA1SCARE,IROA1SCARE,TRCH,nan,RVSCIVAA,TRENCH RD X S/S VISUAL INSECTION,VICIVTC05,Do you want to report Trench or crossing?,TRENCH,nan,S-1388492,SRR-19552151,IROA,TSWSEVN,TSW,5,IROA1,Civil Item
15/09/2023,,1,SEAB1SCARE,SEAB1SCARE,TRCH,nan,RVSCIVAA,TRENCH RD X S/S VISUAL INSECTION,VICIVTC05,Do you want to report Trench or crossing?,TRENCH,nan,S-1388535,SRR-19552359,SEAB,TSWSEVN,TSW,5,SEAB1,Civil Item
15/09/2023,,1,SEAB1SCARE,SEAB1SCARE,TRCH,nan,RVSCIVAA,TRENCH RD X S/S VISUAL INSECTION,VICIVTC05,Do you want to report Trench or crossing?,TRENCH,nan,S-1388543,SRR-19552390,SEAB,TSWSEVN,TSW,5,SEAB1,Civil Item
15/09/2023,,1,SEAB1SCARE,SEAB1SCARE,TRCH,nan,RVSCIVAA,TRENCH RD X S/S VISUAL INSECTION,VICIVTC05,Do you want to report Trench or crossing?,TRENCH,nan,S-1388557,SRR-19552444,SEAB,TSWSEVN,TSW,5,SEAB1,Civil Item
18/09/2023,,1,CILF4SCARE,CILF4SCARE,TRCH,nan,RVSCIVAA,TRENCH RD X S/S VISUAL INSECTION,VICIVTC05,Do you want to report Trench or crossing?,TRENCH,nan,S-1390761,SRR-19574081,CILF,TSWSWAE,TSW,5,CILF4,Civil Item
18/09/2023,,1,CILF4SCARE,CILF4SCARE,TRCH,nan,RVSCIVAA,TRENCH RD X S/S VISUAL INSECTION,VICIVTC05,Do you want to report Trench or crossing?,TRENCH,nan,S-1390761,SRR-19574084,CILF,TSWSWAE,TSW,5,CILF4,Civil Item
18/09/2023,,1,CILF4SCARE,CILF4SCARE,TRCH,nan,RVSCIVAA,TRENCH RD X S/S VISUAL INSECTION,VICIVTC05,Do you want to report Trench or crossing?,TRENCH,nan,S-1390761,SRR-19574087,CILF,TSWSWAE,TSW,5,CILF4,Civil Item
18/09/2023,,1,CILF4SCARE,CILF4SCARE,TRCH,nan,RVSCIVAA,TRENCH RD X S/S VISUAL INSECTION,VICIVTC05,Do you want to report Trench or crossing?,TRENCH,nan,S-1390761,SRR-19574090,CILF,TSWSWAE,TSW,5,CILF4,Civil Item
18/09/2023,,1,CILF4SCARE,CILF4SCARE,TRCH,nan,RVSCIVAA,TRENCH RD X S/S VISUAL INSECTION,VICIVTC05,Do you want to report Trench or crossing?,TRENCH,nan,S-1390761,SRR-19574093,CILF,TSWSWAE,TSW,5,CILF4,Civil Item
18/09/2023,,1,CILF4SCARE,CILF4SCARE,TRCH,nan,RVSCIVAA,TRENCH RD X S/S VISUAL INSECTION,VICIVTC05,Do you want to report Trench or crossing?,TRENCH,nan,S-1390761,SRR-19574096,CILF,TSWSWAE,TSW,5,CILF4,Civil Item
18/09/2023,,1,CILF4SCARE,CILF4SCARE,TRCH,nan,RVSCIVAA,TRENCH RD X S/S VISUAL INSECTION,VICIVTC05,Do you want to report Trench or crossing?,TRENCH,nan,S-1390761,SRR-19574099,CILF,TSWSWAE,TSW,5,CILF4,Civil Item
18/09/2023,,1,CILF4SCARE,CILF4SCARE,TRCH,nan,RVSCIVAA,TRENCH RD X S/S VISUAL INSECTION,VICIVTC05,Do you want to report Trench or crossing?,TRENCH,nan,S-1390761,SRR-19574102,CILF,TSWSWAE,TSW,5,CILF4,Civil Item
18/09/2023,,1,CILF4SCARE,CILF4SCARE,TRCH,nan,RVSCIVAA,TRENCH RD X S/S VISUAL INSECTION,VICIVTC05,Do you want to report Trench or crossing?,TRENCH,nan,S-1390761,SRR-19574105,CILF,TSWSWAE,TSW,5,CILF4,Civil Item
18/09/2023,,1,CILF4SCARE,CILF4SCARE,TRCH,nan,RVSCIVAA,TRENCH RD X S/S VISUAL INSECTION,VICIVTC05,Do you want to report Trench or crossing?,TRENCH,nan,S-1390761,SRR-19574108,CILF,TSWSWAE,TSW,5,CILF4,Civil Item
18/09/2023,,1,CILF4SCARE,CILF4SCARE,TRCH,nan,RVSCIVAA,TRENCH RD X S/S VISUAL INSECTION,VICIVTC05,Do you want to report Trench or crossing?,TRENCH,nan,S-1390761,SRR-19574111,CILF,TSWSWAE,TSW,5,CILF4,Civil Item
18/09/2023,,1,CILF4SCARE,CILF4SCARE,TRCH,nan,RVSCIVAA,TRENCH RD X S/S VISUAL INSECTION,VICIVTC05,Do you want to report Trench or crossing?,TRENCH,nan,S-1390761,SRR-19574114,CILF,TSWSWAE,TSW,5,CILF4,Civil Item
18/09/2023,,1,CILF4SCARE,CILF4SCARE,TRCH,nan,RVSCIVAA,TRENCH RD X S/S VISUAL INSECTION,VICIVTC05,Do you want to report Trench or crossing?,TRENCH,nan,S-1390761,SRR-19574117,CILF,TSWSWAE,TSW,5,CILF4,Civil Item
18/09/2023,,1,CILF4SCARE,CILF4SCARE,TRCH,nan,RVSCIVAA,TRENCH RD X S/S VISUAL INSECTION,VICIVTC05,Do you want to report Trench or crossing?,TRENCH,nan,S-1390761,SRR-19574120,CILF,TSWSWAE,TSW,5,CILF4,Civil Item
18/09/2023,,1,CILF4SCARE,CILF4SCARE,TRCH,nan,RVSCIVAA,TRENCH RD X S/S VISUAL INSECTION,VICIVTC05,Do you want to report Trench or crossing?,TRENCH,nan,S-1390761,SRR-19574123,CILF,TSWSWAE,TSW,5,CILF4,Civil Item
18/09/2023,,1,CILF4SCARE,CILF4SCARE,TRCH,nan,RVSCIVAA,TRENCH RD X S/S VISUAL INSECTION,VICIVTC05,Do you want to report Trench or crossing?,TRENCH,nan,S-1390761,SRR-19574126,CILF,TSWSWAE,TSW,5,CILF4,Civil Item
18/09/2023,,1,CILF4SCARE,CILF4SCARE,TRCH,nan,RVSCIVAA,TRENCH RD X S/S VISUAL INSECTION,VICIVTC05,Do you want to report Trench or crossing?,TRENCH,nan,S-1390761,SRR-19574129,CILF,TSWSWAE,TSW,5,CILF4,Civil Item
18/09/2023,,1,CILF4SCARE,CILF4SCARE,TRCH,nan,RVSCIVAA,TRENCH RD X S/S VISUAL INSECTION,VICIVTC05,Do you want to report Trench or crossing?,TRENCH,nan,S-1390761,SRR-19574132,CILF,TSWSWAE,TSW,5,CILF4,Civil Item
18/09/2023,,1,CILF4SCARE,CILF4SCARE,TRCH,nan,RVSCIVAA,TRENCH RD X S/S VISUAL INSECTION,VICIVTC05,Do you want to report Trench or crossing?,TRENCH,nan,S-1390761,SRR-19574135,CILF,TSWSWAE,TSW,5,CILF4,Civil Item
18/09/2023,,1,CILF4SCARE,CILF4SCARE,TRCH,nan,RVSCIVAA,TRENCH RD X S/S VISUAL INSECTION,VICIVTC05,Do you want to report Trench or crossing?,TRENCH,nan,S-1390761,SRR-19574138,CILF,TSWSWAE,TSW,5,CILF4,Civil Item
18/09/2023,,1,CILF4SCARE,CILF4SCARE,TRCH,nan,RVSCIVAA,TRENCH RD X S/S VISUAL INSECTION,VICIVTC05,Do you want to report Trench or crossing?,TRENCH,nan,S-1390761,SRR-19574141,CILF,TSWSWAE,TSW,5,CILF4,Civil Item
18/09/2023,,1,CILF4SCARE,CILF4SCARE,TRCH,nan,RVSCIVAA,TRENCH RD X S/S VISUAL INSECTION,VICIVTC05,Do you want to report Trench or crossing?,TRENCH,nan,S-1390761,SRR-19574144,CILF,TSWSWAE,TSW,5,CILF4,Civil Item
18/09/2023,,1,CILF4SCARE,CILF4SCARE,TRCH,nan,RVSCIVAA,TRENCH RD X S/S VISUAL INSECTION,VICIVTC05,Do you want to report Trench or crossing?,TRENCH,nan,S-1390761,SRR-19574147,CILF,TSWSWAE,TSW,5,CILF4,Civil Item
18/09/2023,,1,CILF4SCARE,CILF4SCARE,TRCH,nan,RVSCIVAA,TRENCH RD X S/S VISUAL INSECTION,VICIVTC05,Do you want to report Trench or crossing?,TRENCH,nan,S-1390761,SRR-19574150,CILF,TSWSWAE,TSW,5,CILF4,Civil Item
18/09/2023,1.0,4,CILF4STECH,CILF4STECH,GAN,nan,RVSGANAA,GANTRY S/S VISUAL INSPECTION,VICIVGA01,Do you want to report any condition deterioration of the asset?,YES,nan,S-1392829,SRR-19595160,CILF,TSWSWAE,TSW,11,CILF4,Civil Item
18/09/2023,,1,CILF4SCARE,CILF4SCARE,TRCH,nan,RVSCIVAA,TRENCH RD X S/S VISUAL INSECTION,VICIVTC05,Do you want to report Trench or crossing?,TRENCH,nan,S-1393413,SRR-19600495,CILF,TSWSWAE,TSW,5,CILF4,Civil Item
18/09/2023,,1,CILF4SCARE,CILF4SCARE,TRCH,nan,RVSCIVAA,TRENCH RD X S/S VISUAL INSECTION,VICIVTC05,Do you want to report Trench or crossing?,TRENCH,nan,S-1393421,SRR-19600528,CILF,TSWSWAE,TSW,5,CILF4,Civil Item
18/09/2023,,1,CILF4SCARE,CILF4SCARE,TRCH,nan,RVSCIVAA,TRENCH RD X S/S VISUAL INSECTION,VICIVTC05,Do you want to report Trench or crossing?,TRENCH,nan,S-1393428,SRR-19600557,CILF,TSWSWAE,TSW,5,CILF4,Civil Item
19/09/2023,1.0,4,WHSO2STECH,WHSO2STECH,GAN,nan,RVSGANAA,GANTRY S/S VISUAL INSPECTION,VICIVGA01,Do you want to report any condition deterioration of the asset?,YES,nan,S-1394398,SRR-19611491,WHSO,TSWSWAE,TSW,11,WHSO2,Civil Item
19/09/2023,0.0,4,WHSO2STECH,WHSO2STECH,GAN,nan,RVSGANAA,GANTRY S/S VISUAL INSPECTION,VICIVGA01,Do you want to report any condition deterioration of the asset?,NO,nan,S-1395452,SRR-19622467,WHSO,TSWSWAE,TSW,11,WHSO2,Civil Item
19/09/2023,,1,WHSO2SCARE,WHSO2SCARE,TRCH,nan,RVSCIVAA,TRENCH RD X S/S VISUAL INSECTION,VICIVTC05,Do you want to report Trench or crossing?,TRENCH,nan,S-1395463,SRR-19622508,WHSO,TSWSWAE,TSW,5,WHSO2,Civil Item
19/09/2023,,1,WHSO2SCARE,WHSO2SCARE,TRCH,nan,RVSCIVAA,TRENCH RD X S/S VISUAL INSECTION,VICIVTC05,Do you want to report Trench or crossing?,TRENCH,nan,S-1396452,SRR-19635609,WHSO,TSWSWAE,TSW,5,WHSO2,Civil Item
19/09/2023,,1,WHSO2SCARE,WHSO2SCARE,TRCH,nan,RVSCIVAA,TRENCH RD X S/S VISUAL INSECTION,VICIVTC05,Do you want to report Trench or crossing?,TRENCH,nan,S-1396460,SRR-19635658,WHSO,TSWSWAE,TSW,5,WHSO2,Civil Item
19/09/2023,,1,WHSO2SCARE,WHSO2SCARE,TRCH,nan,RVSCIVAA,TRENCH RD X S/S VISUAL INSECTION,VICIVTC05,Do you want to report Trench or crossing?,TRENCH,nan,S-1396468,SRR-19635707,WHSO,TSWSWAE,TSW,5,WHSO2,Civil Item
25/09/2023,,1,ABTH2SCARE,ABTH2SCARE,TRCH,nan,RVSCIVAA,TRENCH RD X S/S VISUAL INSECTION,VICIVTC05,Do you want to report Trench or crossing?,TRENCH,nan,S-1408283,SRR-19738232,ABTH,TSWSWAW,TSW,5,ABTH2,Civil Item
25/09/2023,0.0,4,ABTH1STECH,ABTH1STECH,GAN,nan,RVSGANAA,GANTRY S/S VISUAL INSPECTION,VICIVGA01,Do you want to report any condition deterioration of the asset?,NO,nan,S-1408713,SRR-19741670,ABTH,TSWSWAW,TSW,11,ABTH1,Civil Item
26/09/2023,0.0,4,ABTH2STECH,ABTH2STECH,GAN,nan,RVSGANAA,GANTRY S/S VISUAL INSPECTION,VICIVGA01,Do you want to report any condition deterioration of the asset?,NO,nan,S-1411385,SRR-19779861,ABTH,TSWSWAW,TSW,11,ABTH2,Civil Item
26/09/2023,0.0,4,ABTH1STECH,ABTH1STECH,GAN,nan,RVSGANAA,GANTRY S/S VISUAL INSPECTION,VICIVGA01,Do you want to report any condition deterioration of the asset?,NO,nan,S-1411436,SRR-19780262,ABTH,TSWSWAW,TSW,11,ABTH1,Civil Item
26/09/2023,,1,ABTH1SCARE,ABTH1SCARE,TRCH,nan,RVSCIVAA,TRENCH RD X S/S VISUAL INSECTION,VICIVTC05,Do you want to report Trench or crossing?,TRENCH,nan,S-1411442,SRR-19780289,ABTH,TSWSWAW,TSW,5,ABTH1,Civil Item
27/09/2023,0.0,4,IROA1STECH,IROA1STECH,GAN,nan,RVSGANAA,GANTRY S/S VISUAL INSPECTION,VICIVGA01,Do you want to report any condition deterioration of the asset?,NO,nan,S-1412816,SRR-19796347,IROA,TSWSEVN,TSW,11,IROA1,Civil Item
27/09/2023,,1,PEMB1SCARE,PEMB1SCARE,TRCH,nan,RVSCIVAA,TRENCH RD X S/S VISUAL INSECTION,VICIVTC05,Do you want to report Trench or crossing?,TRENCH,nan,S-1414110,SRR-19805106,PEMB,TSWSWAW,TSW,5,PEMB1,Civil Item
27/09/2023,,1,PEMB1SCARE,PEMB1SCARE,TRCH,nan,RVSCIVAA,TRENCH RD X S/S VISUAL INSECTION,VICIVTC05,Do you want to report Trench or crossing?,TRENCH,nan,S-1414110,SRR-19805109,PEMB,TSWSWAW,TSW,5,PEMB1,Civil Item
27/09/2023,,1,PEMB1SCARE,PEMB1SCARE,TRCH,nan,RVSCIVAA,TRENCH RD X S/S VISUAL INSECTION,VICIVTC05,Do you want to report Trench or crossing?,TRENCH,nan,S-1414110,SRR-19805112,PEMB,TSWSWAW,TSW,5,PEMB1,Civil Item
27/09/2023,,1,PEMB1SCARE,PEMB1SCARE,TRCH,nan,RVSCIVAA,TRENCH RD X S/S VISUAL INSECTION,VICIVTC05,Do you want to report Trench or crossing?,TRENCH,nan,S-1414110,SRR-19805115,PEMB,TSWSWAW,TSW,5,PEMB1,Civil Item
27/09/2023,,1,PEMB1SCARE,PEMB1SCARE,TRCH,nan,RVSCIVAA,TRENCH RD X S/S VISUAL INSECTION,VICIVTC05,Do you want to report Trench or crossing?,TRENCH,nan,S-1414110,SRR-19805118,PEMB,TSWSWAW,TSW,5,PEMB1,Civil Item
27/09/2023,,1,PEMB1SCARE,PEMB1SCARE,TRCH,nan,RVSCIVAA,TRENCH RD X S/S VISUAL INSECTION,VICIVTC05,Do you want to report Trench or crossing?,TRENCH,nan,S-1414110,SRR-19805121,PEMB,TSWSWAW,TSW,5,PEMB1,Civil Item
27/09/2023,,1,PEMB1SCARE,PEMB1SCARE,TRCH,nan,RVSCIVAA,TRENCH RD X S/S VISUAL INSECTION,VICIVTC05,Do you want to report Trench or crossing?,TRENCH,nan,S-1414110,SRR-19805124,PEMB,TSWSWAW,TSW,5,PEMB1,Civil Item
27/09/2023,,1,PEMB1SCARE,PEMB1SCARE,TRCH,nan,RVSCIVAA,TRENCH RD X S/S VISUAL INSECTION,VICIVTC05,Do you want to report Trench or crossing?,TRENCH,nan,S-1414110,SRR-19805127,PEMB,TSWSWAW,TSW,5,PEMB1,Civil Item
27/09/2023,,1,PEMB1SCARE,PEMB1SCARE,TRCH,nan,RVSCIVAA,TRENCH RD X S/S VISUAL INSECTION,VICIVTC05,Do you want to report Trench or crossing?,TRENCH,nan,S-1414110,SRR-19805130,PEMB,TSWSWAW,TSW,5,PEMB1,Civil Item
27/09/2023,0.0,4,PEMB1STECH,PEMB1STECH,GAN,nan,RVSGANAA,GANTRY S/S VISUAL INSPECTION,VICIVGA01,Do you want to report any condition deterioration of the asset?,NO,nan,S-1416950,SRR-19826063,PEMB,TSWSWAW,TSW,11,PEMB1,Civil Item
28/09/2023,1.0,4,PEMB4STECH,PEMB4STECH,GAN,nan,RVSGANAA,GANTRY S/S VISUAL INSPECTION,VICIVGA01,Do you want to report any condition deterioration of the asset?,YES,nan,S-1418032,SRR-19837315,PEMB,TSWSWAW,TSW,11,PEMB4,Civil Item
28/09/2023,,1,PEMB4SCARE,PEMB4SCARE,TRCH,nan,RVSCIVAA,TRENCH RD X S/S VISUAL INSECTION,VICIVTC05,Do you want to report Trench or crossing?,TRENCH,nan,S-1418267,SRR-19839623,PEMB,TSWSWAW,TSW,5,PEMB4,Civil Item
28/09/2023,,1,PEMB4SCARE,PEMB4SCARE,TRCH,nan,RVSCIVAA,TRENCH RD X S/S VISUAL INSECTION,VICIVTC05,Do you want to report Trench or crossing?,TRENCH,nan,S-1418267,SRR-19839626,PEMB,TSWSWAW,TSW,5,PEMB4,Civil Item
28/09/2023,,1,PEMB4SCARE,PEMB4SCARE,TRCH,nan,RVSCIVAA,TRENCH RD X S/S VISUAL INSECTION,VICIVTC05,Do you want to report Trench or crossing?,TRENCH,nan,S-1418267,SRR-19839629,PEMB,TSWSWAW,TSW,5,PEMB4,Civil Item
28/09/2023,,1,PEMB4SCARE,PEMB4SCARE,TRCH,nan,RVSCIVAA,TRENCH RD X S/S VISUAL INSECTION,VICIVTC05,Do you want to report Trench or crossing?,TRENCH,nan,S-1418267,SRR-19839632,PEMB,TSWSWAW,TSW,5,PEMB4,Civil Item
28/09/2023,,1,PEMB4SCARE,PEMB4SCARE,TRCH,nan,RVSCIVAA,TRENCH RD X S/S VISUAL INSECTION,VICIVTC05,Do you want to report Trench or crossing?,TRENCH,nan,S-1418267,SRR-19839635,PEMB,TSWSWAW,TSW,5,PEMB4,Civil Item
28/09/2023,,1,PEMB4SCARE,PEMB4SCARE,TRCH,nan,RVSCIVAA,TRENCH RD X S/S VISUAL INSECTION,VICIVTC05,Do you want to report Trench or crossing?,TRENCH,nan,S-1418267,SRR-19839638,PEMB,TSWSWAW,TSW,5,PEMB4,Civil Item
28/09/2023,,1,PEMB4SCARE,PEMB4SCARE,TRCH,nan,RVSCIVAA,TRENCH RD X S/S VISUAL INSECTION,VICIVTC05,Do you want to report Trench or crossing?,TRENCH,nan,S-1418267,SRR-19839641,PEMB,TSWSWAW,TSW,5,PEMB4,Civil Item
28/09/2023,,1,PEMB4SCARE,PEMB4SCARE,TRCH,nan,RVSCIVAA,TRENCH RD X S/S VISUAL INSECTION,VICIVTC05,Do you want to report Trench or crossing?,TRENCH,nan,S-1418267,SRR-19839644,PEMB,TSWSWAW,TSW,5,PEMB4,Civil Item
28/09/2023,,1,PEMB4SCARE,PEMB4SCARE,TRCH,nan,RVSCIVAA,TRENCH RD X S/S VISUAL INSECTION,VICIVTC05,Do you want to report Trench or crossing?,TRENCH,nan,S-1418267,SRR-19839647,PEMB,TSWSWAW,TSW,5,PEMB4,Civil Item
28/09/2023,,1,PEMB4SCARE,PEMB4SCARE,TRCH,nan,RVSCIVAA,TRENCH RD X S/S VISUAL INSECTION,VICIVTC05,Do you want to report Trench or crossing?,TRENCH,nan,S-1418267,SRR-19839650,PEMB,TSWSWAW,TSW,5,PEMB4,Civil Item
28/09/2023,,1,PEMB4SCARE,PEMB4SCARE,TRCH,nan,RVSCIVAA,TRENCH RD X S/S VISUAL INSECTION,VICIVTC05,Do you want to report Trench or crossing?,TRENCH,nan,S-1418267,SRR-19839653,PEMB,TSWSWAW,TSW,5,PEMB4,Civil Item
28/09/2023,,1,PEMB4SCARE,PEMB4SCARE,TRCH,nan,RVSCIVAA,TRENCH RD X S/S VISUAL INSECTION,VICIVTC05,Do you want to report Trench or crossing?,TRENCH,nan,S-1418462,SRR-19840988,PEMB,TSWSWAW,TSW,5,PEMB4,Civil Item
28/09/2023,,1,PEMB4SCARE,PEMB4SCARE,TRCH,nan,RVSCIVAA,TRENCH RD X S/S VISUAL INSECTION,VICIVTC05,Do you want to report Trench or crossing?,TRENCH,nan,S-1418462,SRR-19840991,PEMB,TSWSWAW,TSW,5,PEMB4,Civil Item
28/09/2023,,1,PEMB4SCARE,PEMB4SCARE,TRCH,nan,RVSCIVAA,TRENCH RD X S/S VISUAL INSECTION,VICIVTC05,Do you want to report Trench or crossing?,TRENCH,nan,S-1418462,SRR-19840994,PEMB,TSWSWAW,TSW,5,PEMB4,Civil Item
28/09/2023,,1,PEMB4SCARE,PEMB4SCARE,TRCH,nan,RVSCIVAA,TRENCH RD X S/S VISUAL INSECTION,VICIVTC05,Do you want to report Trench or crossing?,TRENCH,nan,S-1418533,SRR-19841310,PEMB,TSWSWAW,TSW,5,PEMB4,Civil Item
28/09/2023,,1,PEMB4SCARE,PEMB4SCARE,TRCH,nan,RVSCIVAA,TRENCH RD X S/S VISUAL INSECTION,VICIVTC05,Do you want to report Trench or crossing?,TRENCH,nan,S-1418533,SRR-19841313,PEMB,TSWSWAW,TSW,5,PEMB4,Civil Item
01/10/2023,,1,ABTH2SCARE,ABTH2SCARE,TRCH,nan,RVSCIVAA,TRENCH RD X S/S VISUAL INSECTION,VICIVTC05,Do you want to report Trench or crossing?,TRENCH,nan,S-1422428,SRR-19887614,ABTH,TSWSWAW,TSW,5,ABTH2,Civil Item
01/10/2023,,1,ABTH2SCARE,ABTH2SCARE,TRCH,nan,RVSCIVAA,TRENCH RD X S/S VISUAL INSECTION,VICIVTC05,Do you want to report Trench or crossing?,TRENCH,nan,S-1422436,SRR-19887663,ABTH,TSWSWAW,TSW,5,ABTH2,Civil Item
01/10/2023,,1,ABTH2SCARE,ABTH2SCARE,TRCH,nan,RVSCIVAA,TRENCH RD X S/S VISUAL INSECTION,VICIVTC05,Do you want to report Trench or crossing?,TRENCH,nan,S-1422444,SRR-19887712,ABTH,TSWSWAW,TSW,5,ABTH2,Civil Item
01/10/2023,,1,PEMB1SCARE,PEMB1SCARE,TRCH,nan,RVSCIVAA,TRENCH RD X S/S VISUAL INSECTION,VICIVTC05,Do you want to report Trench or crossing?,TRENCH,nan,S-1422521,SRR-19888248,PEMB,TSWSWAW,TSW,5,PEMB1,Civil Item
01/10/2023,,1,PEMB1SCARE,PEMB1SCARE,TRCH,nan,RVSCIVAA,TRENCH RD X S/S VISUAL INSECTION,VICIVTC05,Do you want to report Trench or crossing?,TRENCH,nan,S-1422529,SRR-19888297,PEMB,TSWSWAW,TSW,5,PEMB1,Civil Item
01/10/2023,,1,PEMB1SCARE,PEMB1SCARE,TRCH,nan,RVSCIVAA,TRENCH RD X S/S VISUAL INSECTION,VICIVTC05,Do you want to report Trench or crossing?,TRENCH,nan,S-1422537,SRR-19888346,PEMB,TSWSWAW,TSW,5,PEMB1,Civil Item
01/10/2023,,1,ABTH1SCARE,ABTH1SCARE,TRCH,nan,RVSCIVAA,TRENCH RD X S/S VISUAL INSECTION,VICIVTC05,Do you want to report Trench or crossing?,TRENCH,nan,S-1422688,SRR-19889412,ABTH,TSWSWAW,TSW,5,ABTH1,Civil Item
01/10/2023,,1,ABTH1SCARE,ABTH1SCARE,TRCH,nan,RVSCIVAA,TRENCH RD X S/S VISUAL INSECTION,VICIVTC05,Do you want to report Trench or crossing?,TRENCH,nan,S-1422696,SRR-19889461,ABTH,TSWSWAW,TSW,5,ABTH1,Civil Item
01/10/2023,,1,ABTH1SCARE,ABTH1SCARE,TRCH,nan,RVSCIVAA,TRENCH RD X S/S VISUAL INSECTION,VICIVTC05,Do you want to report Trench or crossing?,TRENCH,nan,S-1422704,SRR-19889510,ABTH,TSWSWAW,TSW,5,ABTH1,Civil Item
11/10/2023,,1,DUNG2SCARE,DUNG2SCARE,TRCH,nan,RVSCIVAA,TRENCH RD X S/S VISUAL INSECTION,VICIVTC05,Do you want to report Trench or crossing?,TRENCH,nan,S-1448728,SRR-20172781,DUNG,TSEESUX,TSE,5,DUNG2,Civil Item
11/10/2023,1.0,4,DUNG2STECH,DUNG2STECH,GAN,nan,RVSGANAA,GANTRY S/S VISUAL INSPECTION,VICIVGA01,Do you want to report any condition deterioration of the asset?,YES,nan,S-1448730,SRR-20172824,DUNG,TSEESUX,TSE,11,DUNG2,Civil Item
11/10/2023,1.0,4,DUNG4STECH,DUNG4STECH,GAN,nan,RVSGANAA,GANTRY S/S VISUAL INSPECTION,VICIVGA01,Do you want to report any condition deterioration of the asset?,YES,nan,S-1449633,SRR-20181964,DUNG,TSEESUX,TSE,11,DUNG4,Civil Item
11/10/2023,,1,DUNG4SCARE,DUNG4SCARE,TRCH,nan,RVSCIVAA,TRENCH RD X S/S VISUAL INSECTION,VICIVTC05,Do you want to report Trench or crossing?,TRENCH,nan,S-1449873,SRR-20184261,DUNG,TSEESUX,TSE,5,DUNG4,Civil Item
17/10/2023,1.0,4,BURW4STECH,BURW4STECH,GAN,nan,RVSGANAA,GANTRY S/S VISUAL INSPECTION,VICIVGA01,Do you want to report any condition deterioration of the asset?,YES,nan,S-1464353,SRR-20358098,BURW,TCNSUFK,TCN,11,BURW4,Civil Item
17/10/2023,,1,BURW4SCARE,BURW4SCARE,TRCH,nan,RVSCIVAA,TRENCH RD X S/S VISUAL INSECTION,VICIVTC05,Do you want to report Trench or crossing?,TRENCH,nan,S-1465502,SRR-20367063,BURW,TCNSUFK,TCN,5,BURW4,Civil Item
17/10/2023,,1,BURW4SCARE,BURW4SCARE,TRCH,nan,RVSCIVAA,TRENCH RD X S/S VISUAL INSECTION,VICIVTC05,Do you want to report Trench or crossing?,TRENCH,nan,S-1465502,SRR-20367066,BURW,TCNSUFK,TCN,5,BURW4,Civil Item
17/10/2023,,1,BURW4SCARE,BURW4SCARE,TRCH,nan,RVSCIVAA,TRENCH RD X S/S VISUAL INSECTION,VICIVTC05,Do you want to report Trench or crossing?,TRENCH,nan,S-1465502,SRR-20367069,BURW,TCNSUFK,TCN,5,BURW4,Civil Item
17/10/2023,,1,BURW4SCARE,BURW4SCARE,TRCH,nan,RVSCIVAA,TRENCH RD X S/S VISUAL INSECTION,VICIVTC05,Do you want to report Trench or crossing?,TRENCH,nan,S-1465502,SRR-20367072,BURW,TCNSUFK,TCN,5,BURW4,Civil Item
17/10/2023,,1,BURW4SCARE,BURW4SCARE,TRCH,nan,RVSCIVAA,TRENCH RD X S/S VISUAL INSECTION,VICIVTC05,Do you want to report Trench or crossing?,TRENCH,nan,S-1465502,SRR-20367075,BURW,TCNSUFK,TCN,5,BURW4,Civil Item
17/10/2023,,1,BURW4SCARE,BURW4SCARE,TRCH,nan,RVSCIVAA,TRENCH RD X S/S VISUAL INSECTION,VICIVTC05,Do you want to report Trench or crossing?,TRENCH,nan,S-1465502,SRR-20367078,BURW,TCNSUFK,TCN,5,BURW4,Civil Item
17/10/2023,,1,BURW4SCARE,BURW4SCARE,TRCH,nan,RVSCIVAA,TRENCH RD X S/S VISUAL INSECTION,VICIVTC05,Do you want to report Trench or crossing?,TRENCH,nan,S-1465502,SRR-20367081,BURW,TCNSUFK,TCN,5,BURW4,Civil Item
17/10/2023,,1,BURW4SCARE,BURW4SCARE,TRCH,nan,RVSCIVAA,TRENCH RD X S/S VISUAL INSECTION,VICIVTC05,Do you want to report Trench or crossing?,TRENCH,nan,S-1465502,SRR-20367084,BURW,TCNSUFK,TCN,5,BURW4,Civil Item
17/10/2023,,1,BURW4SCARE,BURW4SCARE,TRCH,nan,RVSCIVAA,TRENCH RD X S/S VISUAL INSECTION,VICIVTC05,Do you want to report Trench or crossing?,TRENCH,nan,S-1465502,SRR-20367087,BURW,TCNSUFK,TCN,5,BURW4,Civil Item
17/10/2023,,1,BURW4SCARE,BURW4SCARE,TRCH,nan,RVSCIVAA,TRENCH RD X S/S VISUAL INSECTION,VICIVTC05,Do you want to report Trench or crossing?,TRENCH,nan,S-1465502,SRR-20367090,BURW,TCNSUFK,TCN,5,BURW4,Civil Item
17/10/2023,,1,BURW4SCARE,BURW4SCARE,TRCH,nan,RVSCIVAA,TRENCH RD X S/S VISUAL INSECTION,VICIVTC05,Do you want to report Trench or crossing?,TRENCH,nan,S-1465502,SRR-20367093,BURW,TCNSUFK,TCN,5,BURW4,Civil Item
17/10/2023,,1,BURW4SCARE,BURW4SCARE,TRCH,nan,RVSCIVAA,TRENCH RD X S/S VISUAL INSECTION,VICIVTC05,Do you want to report Trench or crossing?,TRENCH,nan,S-1465502,SRR-20367096,BURW,TCNSUFK,TCN,5,BURW4,Civil Item
17/10/2023,,1,BURW4SCARE,BURW4SCARE,TRCH,nan,RVSCIVAA,TRENCH RD X S/S VISUAL INSECTION,VICIVTC05,Do you want to report Trench or crossing?,TRENCH,nan,S-1465502,SRR-20367099,BURW,TCNSUFK,TCN,5,BURW4,Civil Item
17/10/2023,,1,BURW4SCARE,BURW4SCARE,TRCH,nan,RVSCIVAA,TRENCH RD X S/S VISUAL INSECTION,VICIVTC05,Do you want to report Trench or crossing?,TRENCH,nan,S-1465502,SRR-20367102,BURW,TCNSUFK,TCN,5,BURW4,Civil Item
17/10/2023,,1,BURW4SCARE,BURW4SCARE,TRCH,nan,RVSCIVAA,TRENCH RD X S/S VISUAL INSECTION,VICIVTC05,Do you want to report Trench or crossing?,TRENCH,nan,S-1465502,SRR-20367105,BURW,TCNSUFK,TCN,5,BURW4,Civil Item
17/10/2023,,1,BURW4SCARE,BURW4SCARE,TRCH,nan,RVSCIVAA,TRENCH RD X S/S VISUAL INSECTION,VICIVTC05,Do you want to report Trench or crossing?,TRENCH,nan,S-1465502,SRR-20367108,BURW,TCNSUFK,TCN,5,BURW4,Civil Item
17/10/2023,,1,BURW4SCARE,BURW4SCARE,TRCH,nan,RVSCIVAA,TRENCH RD X S/S VISUAL INSECTION,VICIVTC05,Do you want to report Trench or crossing?,TRENCH,nan,S-1465502,SRR-20367111,BURW,TCNSUFK,TCN,5,BURW4,Civil Item
17/10/2023,,1,BURW4SCARE,BURW4SCARE,TRCH,nan,RVSCIVAA,TRENCH RD X S/S VISUAL INSECTION,VICIVTC05,Do you want to report Trench or crossing?,TRENCH,nan,S-1465502,SRR-20367114,BURW,TCNSUFK,TCN,5,BURW4,Civil Item
17/10/2023,,1,BURW4SCARE,BURW4SCARE,TRCH,nan,RVSCIVAA,TRENCH RD X S/S VISUAL INSECTION,VICIVTC05,Do you want to report Trench or crossing?,TRENCH,nan,S-1465502,SRR-20367117,BURW,TCNSUFK,TCN,5,BURW4,Civil Item
17/10/2023,,1,BURW4SCARE,BURW4SCARE,TRCH,nan,RVSCIVAA,TRENCH RD X S/S VISUAL INSECTION,VICIVTC05,Do you want to report Trench or crossing?,TRENCH,nan,S-1465502,SRR-20367120,BURW,TCNSUFK,TCN,5,BURW4,Civil Item
17/10/2023,,1,BURW4SCARE,BURW4SCARE,TRCH,nan,RVSCIVAA,TRENCH RD X S/S VISUAL INSECTION,VICIVTC05,Do you want to report Trench or crossing?,TRENCH,nan,S-1465502,SRR-20367123,BURW,TCNSUFK,TCN,5,BURW4,Civil Item
17/10/2023,,1,BURW4SCARE,BURW4SCARE,TRCH,nan,RVSCIVAA,TRENCH RD X S/S VISUAL INSECTION,VICIVTC05,Do you want to report Trench or crossing?,TRENCH,nan,S-1465502,SRR-20367126,BURW,TCNSUFK,TCN,5,BURW4,Civil Item
17/10/2023,,1,BURW4SCARE,BURW4SCARE,TRCH,nan,RVSCIVAA,TRENCH RD X S/S VISUAL INSECTION,VICIVTC05,Do you want to report Trench or crossing?,VEHICLE CROSSING,nan,S-1465502,SRR-20367129,BURW,TCNSUFK,TCN,5,BURW4,Civil Item
17/10/2023,0.0,4,BURW1STECH,BURW1STECH,GAN,nan,RVSGANAA,GANTRY S/S VISUAL INSPECTION,VICIVGA01,Do you want to report any condition deterioration of the asset?,NO,nan,S-1465598,SRR-20367837,BURW,TCNSUFK,TCN,11,BURW1,Civil Item
17/10/2023,,1,BURW1SCARE,BURW1SCARE,TRCH,nan,RVSCIVAA,TRENCH RD X S/S VISUAL INSECTION,VICIVTC05,Do you want to report Trench or crossing?,TRENCH,nan,S-1465637,SRR-20368078,BURW,TCNSUFK,TCN,5,BURW1,Civil Item
17/10/2023,,1,DUNG2SCARE,DUNG2SCARE,TRCH,nan,RVSCIVAA,TRENCH RD X S/S VISUAL INSECTION,VICIVTC05,Do you want to report Trench or crossing?,TRENCH,nan,S-1466091,SRR-20372968,DUNG,TSEESUX,TSE,5,DUNG2,Civil Item
17/10/2023,,1,DUNG2SCARE,DUNG2SCARE,TRCH,nan,RVSCIVAA,TRENCH RD X S/S VISUAL INSECTION,VICIVTC05,Do you want to report Trench or crossing?,TRENCH,nan,S-1466100,SRR-20373065,DUNG,TSEESUX,TSE,5,DUNG2,Civil Item
17/10/2023,,1,DUNG2SCARE,DUNG2SCARE,TRCH,nan,RVSCIVAA,TRENCH RD X S/S VISUAL INSECTION,VICIVTC05,Do you want to report Trench or crossing?,TRENCH,nan,S-1466108,SRR-20373114,DUNG,TSEESUX,TSE,5,DUNG2,Civil Item
17/10/2023,,1,DUNG4SCARE,DUNG4SCARE,TRCH,nan,RVSCIVAA,TRENCH RD X S/S VISUAL INSECTION,VICIVTC05,Do you want to report Trench or crossing?,TRENCH,nan,S-1466221,SRR-20374079,DUNG,TSEESUX,TSE,5,DUNG4,Civil Item
17/10/2023,,1,DUNG4SCARE,DUNG4SCARE,TRCH,nan,RVSCIVAA,TRENCH RD X S/S VISUAL INSECTION,VICIVTC05,Do you want to report Trench or crossing?,TRENCH,nan,S-1466230,SRR-20374171,DUNG,TSEESUX,TSE,5,DUNG4,Civil Item
17/10/2023,,1,DUNG4SCARE,DUNG4SCARE,TRCH,nan,RVSCIVAA,TRENCH RD X S/S VISUAL INSECTION,VICIVTC05,Do you want to report Trench or crossing?,TRENCH,nan,S-1466238,SRR-20374220,DUNG,TSEESUX,TSE,5,DUNG4,Civil Item
18/10/2023,1.0,4,BESW1STECH,BESW1STECH,GAN,nan,RVSGANAA,GANTRY S/S VISUAL INSPECTION,VICIVGA01,Do you want to report any condition deterioration of the asset?,YES,nan,S-1469326,SRR-20403257,BESW,TCNWARW,TCN,11,BESW1,Civil Item
18/10/2023,,1,BURW1SCARE,BURW1SCARE,TRCH,nan,RVSCIVAA,TRENCH RD X S/S VISUAL INSECTION,VICIVTC05,Do you want to report Trench or crossing?,TRENCH,nan,S-1471309,SRR-20424676,BURW,TCNSUFK,TCN,5,BURW1,Civil Item
18/10/2023,,1,BURW1SCARE,BURW1SCARE,TRCH,nan,RVSCIVAA,TRENCH RD X S/S VISUAL INSECTION,VICIVTC05,Do you want to report Trench or crossing?,TRENCH,nan,S-1471311,SRR-20424681,BURW,TCNSUFK,TCN,5,BURW1,Civil Item
18/10/2023,,1,BURW1SCARE,BURW1SCARE,TRCH,nan,RVSCIVAA,TRENCH RD X S/S VISUAL INSECTION,VICIVTC05,Do you want to report Trench or crossing?,TRENCH,nan,S-1471313,SRR-20424686,BURW,TCNSUFK,TCN,5,BURW1,Civil Item
18/10/2023,,1,BURW4SCARE,BURW4SCARE,TRCH,nan,RVSCIVAA,TRENCH RD X S/S VISUAL INSECTION,VICIVTC05,Do you want to report Trench or crossing?,TRENCH,nan,S-1471318,SRR-20424694,BURW,TCNSUFK,TCN,5,BURW4,Civil Item
18/10/2023,,1,BURW4SCARE,BURW4SCARE,TRCH,nan,RVSCIVAA,TRENCH RD X S/S VISUAL INSECTION,VICIVTC05,Do you want to report Trench or crossing?,TRENCH,nan,S-1471320,SRR-20424699,BURW,TCNSUFK,TCN,5,BURW4,Civil Item
18/10/2023,,1,BURW4SCARE,BURW4SCARE,TRCH,nan,RVSCIVAA,TRENCH RD X S/S VISUAL INSECTION,VICIVTC05,Do you want to report Trench or crossing?,TRENCH,nan,S-1471322,SRR-20424704,BURW,TCNSUFK,TCN,5,BURW4,Civil Item
19/10/2023,,1,BESW2SCARE,BESW2SCARE,TRCH,nan,RVSCIVAA,TRENCH RD X S/S VISUAL INSECTION,VICIVTC05,Do you want to report Trench or crossing?,TRENCH,nan,S-1473472,SRR-20450477,BESW,TCNWARW,TCN,5,BESW2,Civil Item
19/10/2023,,1,BESW2SCARE,BESW2SCARE,TRCH,nan,RVSCIVAA,TRENCH RD X S/S VISUAL INSECTION,VICIVTC05,Do you want to report Trench or crossing?,TRENCH,nan,S-1473472,SRR-20450480,BESW,TCNWARW,TCN,5,BESW2,Civil Item
19/10/2023,,1,BESW2SCARE,BESW2SCARE,TRCH,nan,RVSCIVAA,TRENCH RD X S/S VISUAL INSECTION,VICIVTC05,Do you want to report Trench or crossing?,TRENCH,nan,S-1473472,SRR-20450483,BESW,TCNWARW,TCN,5,BESW2,Civil Item
19/10/2023,,1,BESW2SCARE,BESW2SCARE,TRCH,nan,RVSCIVAA,TRENCH RD X S/S VISUAL INSECTION,VICIVTC05,Do you want to report Trench or crossing?,TRENCH,nan,S-1473472,SRR-20450486,BESW,TCNWARW,TCN,5,BESW2,Civil Item
19/10/2023,1.0,4,BESW2STECH,BESW2STECH,GAN,nan,RVSGANAA,GANTRY S/S VISUAL INSPECTION,VICIVGA01,Do you want to report any condition deterioration of the asset?,YES,nan,S-1473599,SRR-20452714,BESW,TCNWARW,TCN,11,BESW2,Civil Item
23/10/2023,,1,BESW1SCARE,BESW1SCARE,TRCH,nan,RVSCIVAA,TRENCH RD X S/S VISUAL INSECTION,VICIVTC05,Do you want to report Trench or crossing?,TRENCH,nan,S-1481127,SRR-20525849,BESW,TCNWARW,TCN,5,BESW1,Civil Item
23/10/2023,,1,BESW2SCARE,BESW2SCARE,TRCH,nan,RVSCIVAA,TRENCH RD X S/S VISUAL INSECTION,VICIVTC05,Do you want to report Trench or crossing?,TRENCH,nan,S-1481158,SRR-20526052,BESW,TCNWARW,TCN,5,BESW2,Civil Item
23/10/2023,,1,FECK4SCARE,FECK4SCARE,TRCH,nan,RVSCIVAA,TRENCH RD X S/S VISUAL INSECTION,VICIVTC05,Do you want to report Trench or crossing?,TRENCH,nan,S-1481599,SRR-20528597,FECK,TCNWARW,TCN,5,FECK4,Civil Item
23/10/2023,,1,FECK4SCARE,FECK4SCARE,TRCH,nan,RVSCIVAA,TRENCH RD X S/S VISUAL INSECTION,VICIVTC05,Do you want to report Trench or crossing?,TRENCH,nan,S-1481599,SRR-20528600,FECK,TCNWARW,TCN,5,FECK4,Civil Item
23/10/2023,,1,FECK4SCARE,FECK4SCARE,TRCH,nan,RVSCIVAA,TRENCH RD X S/S VISUAL INSECTION,VICIVTC05,Do you want to report Trench or crossing?,TRENCH,nan,S-1481599,SRR-20528603,FECK,TCNWARW,TCN,5,FECK4,Civil Item
23/10/2023,,1,FECK4SCARE,FECK4SCARE,TRCH,nan,RVSCIVAA,TRENCH RD X S/S VISUAL INSECTION,VICIVTC05,Do you want to report Trench or crossing?,TRENCH,nan,S-1481599,SRR-20528606,FECK,TCNWARW,TCN,5,FECK4,Civil Item
23/10/2023,,1,FECK4SCARE,FECK4SCARE,TRCH,nan,RVSCIVAA,TRENCH RD X S/S VISUAL INSECTION,VICIVTC05,Do you want to report Trench or crossing?,TRENCH,nan,S-1481599,SRR-20528609,FECK,TCNWARW,TCN,5,FECK4,Civil Item
23/10/2023,,1,FECK4SCARE,FECK4SCARE,TRCH,nan,RVSCIVAA,TRENCH RD X S/S VISUAL INSECTION,VICIVTC05,Do you want to report Trench or crossing?,TRENCH,nan,S-1481599,SRR-20528612,FECK,TCNWARW,TCN,5,FECK4,Civil Item
23/10/2023,,1,FECK4SCARE,FECK4SCARE,TRCH,nan,RVSCIVAA,TRENCH RD X S/S VISUAL INSECTION,VICIVTC05,Do you want to report Trench or crossing?,TRENCH,nan,S-1481599,SRR-20528615,FECK,TCNWARW,TCN,5,FECK4,Civil Item
23/10/2023,,1,FECK4SCARE,FECK4SCARE,TRCH,nan,RVSCIVAA,TRENCH RD X S/S VISUAL INSECTION,VICIVTC05,Do you want to report Trench or crossing?,TRENCH,nan,S-1481599,SRR-20528618,FECK,TCNWARW,TCN,5,FECK4,Civil Item
23/10/2023,,1,FECK4SCARE,FECK4SCARE,TRCH,nan,RVSCIVAA,TRENCH RD X S/S VISUAL INSECTION,VICIVTC05,Do you want to report Trench or crossing?,TRENCH,nan,S-1481599,SRR-20528621,FECK,TCNWARW,TCN,5,FECK4,Civil Item
23/10/2023,1.0,4,FECK4STECH,FECK4STECH,GAN,nan,RVSGANAA,GANTRY S/S VISUAL INSPECTION,VICIVGA01,Do you want to report any condition deterioration of the asset?,YES,nan,S-1482975,SRR-20542829,FECK,TCNWARW,TCN,11,FECK4,Civil Item
24/10/2023,1.0,4,FECK2STECH,FECK2STECH,GAN,nan,RVSGANAA,GANTRY S/S VISUAL INSPECTION,VICIVGA01,Do you want to report any condition deterioration of the asset?,YES,nan,S-1484529,SRR-20558682,FECK,TCNWARW,TCN,11,FECK2,Civil Item
24/10/2023,,1,FECK2SCARE,FECK2SCARE,TRCH,nan,RVSCIVAA,TRENCH RD X S/S VISUAL INSECTION,VICIVTC05,Do you want to report Trench or crossing?,TRENCH,nan,S-1484582,SRR-20559005,FECK,TCNWARW,TCN,5,FECK2,Civil Item
24/10/2023,,1,FECK2SCARE,FECK2SCARE,TRCH,nan,RVSCIVAA,TRENCH RD X S/S VISUAL INSECTION,VICIVTC05,Do you want to report Trench or crossing?,TRENCH,nan,S-1484582,SRR-20559008,FECK,TCNWARW,TCN,5,FECK2,Civil Item
24/10/2023,,1,FECK2SCARE,FECK2SCARE,TRCH,nan,RVSCIVAA,TRENCH RD X S/S VISUAL INSECTION,VICIVTC05,Do you want to report Trench or crossing?,TRENCH,nan,S-1484582,SRR-20559011,FECK,TCNWARW,TCN,5,FECK2,Civil Item
24/10/2023,,1,FECK2SCARE,FECK2SCARE,TRCH,nan,RVSCIVAA,TRENCH RD X S/S VISUAL INSECTION,VICIVTC05,Do you want to report Trench or crossing?,TRENCH,nan,S-1484582,SRR-20559014,FECK,TCNWARW,TCN,5,FECK2,Civil Item
24/10/2023,,1,FECK2SCARE,FECK2SCARE,TRCH,nan,RVSCIVAA,TRENCH RD X S/S VISUAL INSECTION,VICIVTC05,Do you want to report Trench or crossing?,TRENCH,nan,S-1484582,SRR-20559017,FECK,TCNWARW,TCN,5,FECK2,Civil Item
24/10/2023,,1,FECK2SCARE,FECK2SCARE,TRCH,nan,RVSCIVAA,TRENCH RD X S/S VISUAL INSECTION,VICIVTC05,Do you want to report Trench or crossing?,TRENCH,nan,S-1484582,SRR-20559020,FECK,TCNWARW,TCN,5,FECK2,Civil Item
24/10/2023,,1,FECK2SCARE,FECK2SCARE,TRCH,nan,RVSCIVAA,TRENCH RD X S/S VISUAL INSECTION,VICIVTC05,Do you want to report Trench or crossing?,TRENCH,nan,S-1484582,SRR-20559023,FECK,TCNWARW,TCN,5,FECK2,Civil Item
24/10/2023,1.0,4,DRAK4STECH,DRAK4STECH,GAN,nan,RVSGANAA,GANTRY S/S VISUAL INSPECTION,VICIVGA01,Do you want to report any condition deterioration of the asset?,YES,nan,S-1485068,SRR-20562782,DRAK,TCNDERB,TCN,11,DRAK4,Civil Item
24/10/2023,,1,DRAK1SCARE,DRAK1SCARE,TRCH,nan,RVSCIVAA,TRENCH RD X S/S VISUAL INSECTION,VICIVTC05,Do you want to report Trench or crossing?,TRENCH,nan,S-1486164,SRR-20569061,DRAK,TCNDERB,TCN,5,DRAK1,Civil Item
24/10/2023,,1,DRAK4SCARE,DRAK4SCARE,TRCH,nan,RVSCIVAA,TRENCH RD X S/S VISUAL INSECTION,VICIVTC05,Do you want to report Trench or crossing?,TRENCH,nan,S-1486224,SRR-20569545,DRAK,TCNDERB,TCN,5,DRAK4,Civil Item
24/10/2023,,1,DRAK4SCARE,DRAK4SCARE,TRCH,nan,RVSCIVAA,TRENCH RD X S/S VISUAL INSECTION,VICIVTC05,Do you want to report Trench or crossing?,TRENCH,nan,S-1486224,SRR-20569548,DRAK,TCNDERB,TCN,5,DRAK4,Civil Item
24/10/2023,,1,DRAK4SCARE,DRAK4SCARE,TRCH,nan,RVSCIVAA,TRENCH RD X S/S VISUAL INSECTION,VICIVTC05,Do you want to report Trench or crossing?,TRENCH,nan,S-1486632,SRR-20573602,DRAK,TCNDERB,TCN,5,DRAK4,Civil Item
24/10/2023,,1,DRAK1SCARE,DRAK1SCARE,TRCH,nan,RVSCIVAA,TRENCH RD X S/S VISUAL INSECTION,VICIVTC05,Do you want to report Trench or crossing?,TRENCH,nan,S-1486738,SRR-20574156,DRAK,TCNDERB,TCN,5,DRAK1,Civil Item
24/10/2023,1.0,4,FECK6STECH,FECK6STECH,GAN,nan,RVSGANAA,GANTRY S/S VISUAL INSPECTION,VICIVGA01,Do you want to report any condition deterioration of the asset?,YES,nan,S-1487052,SRR-20575834,FECK,TCNWARW,TCN,11,FECK6,Civil Item
25/10/2023,,1,FECK4SCARE,FECK4SCARE,TRCH,nan,RVSCIVAA,TRENCH RD X S/S VISUAL INSECTION,VICIVTC05,Do you want to report Trench or crossing?,TRENCH,nan,S-1488094,SRR-20588527,FECK,TCNWARW,TCN,5,FECK4,Civil Item
25/10/2023,,1,PEMB4SCARE,PEMB4SCARE,TRCH,nan,RVSCIVAA,TRENCH RD X S/S VISUAL INSECTION,VICIVTC05,Do you want to report Trench or crossing?,TRENCH,nan,S-1488146,SRR-20588815,PEMB,TSWSWAW,TSW,5,PEMB4,Civil Item
25/10/2023,0.0,4,PEMB4STECH,PEMB4STECH,GAN,nan,RVSGANAA,GANTRY S/S VISUAL INSPECTION,VICIVGA01,Do you want to report any condition deterioration of the asset?,NO,nan,S-1488156,SRR-20588975,PEMB,TSWSWAW,TSW,11,PEMB4,Civil Item
26/10/2023,0.0,4,ELST0STECH,ELST0STECH,GAN,nan,RVSGANAA,GANTRY S/S VISUAL INSPECTION,VICIVGA01,Do you want to report any condition deterioration of the asset?,NO,nan,S-1491185,SRR-20629089,ELST,TLNCABL,TLN,11,ELST0,Civil Item
26/10/2023,0.0,4,ELST0STECH,ELST0STECH,GAN,nan,RVSGANAA,GANTRY S/S VISUAL INSPECTION,VICIVGA01,Do you want to report any condition deterioration of the asset?,NO,nan,S-1491196,SRR-20629334,ELST,TLNCABL,TLN,11,ELST0,Civil Item
27/10/2023,0.0,4,FECK6STECH,FECK6STECH,GAN,nan,RVSGANAA,GANTRY S/S VISUAL INSPECTION,VICIVGA01,Do you want to report any condition deterioration of the asset?,NO,nan,S-1494424,SRR-20665842,FECK,TCNWARW,TCN,11,FECK6,Civil Item
29/10/2023,,1,FECK6SCARE,FECK6SCARE,TRCH,nan,RVSCIVAA,TRENCH RD X S/S VISUAL INSECTION,VICIVTC05,Do you want to report Trench or crossing?,TRENCH,nan,S-1495752,SRR-20676564,FECK,TCNWARW,TCN,5,FECK6,Civil Item
29/10/2023,,1,DRAK1SCARE,DRAK1SCARE,TRCH,nan,RVSCIVAA,TRENCH RD X S/S VISUAL INSECTION,VICIVTC05,Do you want to report Trench or crossing?,TRENCH,nan,S-1495785,SRR-20676790,DRAK,TCNDERB,TCN,5,DRAK1,Civil Item
29/10/2023,,1,DRAK4SCARE,DRAK4SCARE,TRCH,nan,RVSCIVAA,TRENCH RD X S/S VISUAL INSECTION,VICIVTC05,Do you want to report Trench or crossing?,TRENCH,nan,S-1495812,SRR-20676972,DRAK,TCNDERB,TCN,5,DRAK4,Civil Item
29/10/2023,,1,BESW1SCARE,BESW1SCARE,TRCH,nan,RVSCIVAA,TRENCH RD X S/S VISUAL INSECTION,VICIVTC05,Do you want to report Trench or crossing?,TRENCH,nan,S-1495878,SRR-20677551,BESW,TCNWARW,TCN,5,BESW1,Civil Item
29/10/2023,,1,BESW1SCARE,BESW1SCARE,TRCH,nan,RVSCIVAA,TRENCH RD X S/S VISUAL INSECTION,VICIVTC05,Do you want to report Trench or crossing?,TRENCH,nan,S-1495886,SRR-20677600,BESW,TCNWARW,TCN,5,BESW1,Civil Item
29/10/2023,,1,BESW1SCARE,BESW1SCARE,TRCH,nan,RVSCIVAA,TRENCH RD X S/S VISUAL INSECTION,VICIVTC05,Do you want to report Trench or crossing?,TRENCH,nan,S-1495894,SRR-20677649,BESW,TCNWARW,TCN,5,BESW1,Civil Item
29/10/2023,,1,BESW2SCARE,BESW2SCARE,TRCH,nan,RVSCIVAA,TRENCH RD X S/S VISUAL INSECTION,VICIVTC05,Do you want to report Trench or crossing?,TRENCH,nan,S-1495964,SRR-20678140,BESW,TCNWARW,TCN,5,BESW2,Civil Item
29/10/2023,,1,BESW2SCARE,BESW2SCARE,TRCH,nan,RVSCIVAA,TRENCH RD X S/S VISUAL INSECTION,VICIVTC05,Do you want to report Trench or crossing?,TRENCH,nan,S-1495972,SRR-20678189,BESW,TCNWARW,TCN,5,BESW2,Civil Item
29/10/2023,,1,FECK2SCARE,FECK2SCARE,TRCH,nan,RVSCIVAA,TRENCH RD X S/S VISUAL INSECTION,VICIVTC05,Do you want to report Trench or crossing?,TRENCH,nan,S-1496117,SRR-20679211,FECK,TCNWARW,TCN,5,FECK2,Civil Item
29/10/2023,,1,FECK2SCARE,FECK2SCARE,TRCH,nan,RVSCIVAA,TRENCH RD X S/S VISUAL INSECTION,VICIVTC05,Do you want to report Trench or crossing?,TRENCH,nan,S-1496125,SRR-20679260,FECK,TCNWARW,TCN,5,FECK2,Civil Item
29/10/2023,,1,FECK2SCARE,FECK2SCARE,TRCH,nan,RVSCIVAA,TRENCH RD X S/S VISUAL INSECTION,VICIVTC05,Do you want to report Trench or crossing?,TRENCH,nan,S-1496133,SRR-20679309,FECK,TCNWARW,TCN,5,FECK2,Civil Item
29/10/2023,,1,FECK4SCARE,FECK4SCARE,TRCH,nan,RVSCIVAA,TRENCH RD X S/S VISUAL INSECTION,VICIVTC05,Do you want to report Trench or crossing?,TRENCH,nan,S-1496165,SRR-20679534,FECK,TCNWARW,TCN,5,FECK4,Civil Item
29/10/2023,,1,FECK4SCARE,FECK4SCARE,TRCH,nan,RVSCIVAA,TRENCH RD X S/S VISUAL INSECTION,VICIVTC05,Do you want to report Trench or crossing?,TRENCH,nan,S-1496174,SRR-20679598,FECK,TCNWARW,TCN,5,FECK4,Civil Item
29/10/2023,0.0,4,FECK4STECH,FECK4STECH,GAN,nan,RVSGANAA,GANTRY S/S VISUAL INSPECTION,VICIVGA01,Do you want to report any condition deterioration of the asset?,NO,nan,S-1496181,SRR-20679648,FECK,TCNWARW,TCN,11,FECK4,Civil Item
29/10/2023,,1,FECK6SCARE,FECK6SCARE,TRCH,nan,RVSCIVAA,TRENCH RD X S/S VISUAL INSECTION,VICIVTC05,Do you want to report Trench or crossing?,TRENCH,nan,S-1496245,SRR-20680120,FECK,TCNWARW,TCN,5,FECK6,Civil Item
29/10/2023,,1,FECK6SCARE,FECK6SCARE,TRCH,nan,RVSCIVAA,TRENCH RD X S/S VISUAL INSECTION,VICIVTC05,Do you want to report Trench or crossing?,TRENCH,nan,S-1496253,SRR-20680169,FECK,TCNWARW,TCN,5,FECK6,Civil Item
29/10/2023,,1,FECK6SCARE,FECK6SCARE,TRCH,nan,RVSCIVAA,TRENCH RD X S/S VISUAL INSECTION,VICIVTC05,Do you want to report Trench or crossing?,TRENCH,nan,S-1496261,SRR-20680218,FECK,TCNWARW,TCN,5,FECK6,Civil Item
29/10/2023,,1,DRAK1SCARE,DRAK1SCARE,TRCH,nan,RVSCIVAA,TRENCH RD X S/S VISUAL INSECTION,VICIVTC05,Do you want to report Trench or crossing?,TRENCH,nan,S-1496344,SRR-20680826,DRAK,TCNDERB,TCN,5,DRAK1,Civil Item
29/10/2023,0.0,4,DRAK1STECH,DRAK1STECH,GAN,nan,RVSGANAA,GANTRY S/S VISUAL INSPECTION,VICIVGA01,Do you want to report any condition deterioration of the asset?,NO,nan,S-1496352,SRR-20680891,DRAK,TCNDERB,TCN,11,DRAK1,Civil Item
29/10/2023,,1,DRAK4SCARE,DRAK4SCARE,TRCH,nan,RVSCIVAA,TRENCH RD X S/S VISUAL INSECTION,VICIVTC05,Do you want to report Trench or crossing?,TRENCH,nan,S-1496397,SRR-20681203,DRAK,TCNDERB,TCN,5,DRAK4,Civil Item
30/10/2023,,1,SHRE4SCARE,SHRE4SCARE,TRCH,nan,RVSCIVAA,TRENCH RD X S/S VISUAL INSECTION,VICIVTC05,Do you want to report Trench or crossing?,TRENCH,nan,S-1497723,SRR-20694571,SHRE,TCNSTAF,TCN,5,SHRE4,Civil Item
30/10/2023,0.0,4,SHRE4STECH,SHRE4STECH,GAN,nan,RVSGANAA,GANTRY S/S VISUAL INSPECTION,VICIVGA01,Do you want to report any condition deterioration of the asset?,NO,nan,S-1497874,SRR-20695518,SHRE,TCNSTAF,TCN,11,SHRE4,Civil Item
30/10/2023,,1,SHRE1SCARE,SHRE1SCARE,TRCH,nan,RVSCIVAA,TRENCH RD X S/S VISUAL INSECTION,VICIVTC05,Do you want to report Trench or crossing?,TRENCH,nan,S-1498594,SRR-20703143,SHRE,TCNSTAF,TCN,5,SHRE1,Civil Item
30/10/2023,1.0,4,GREN4STECH,GREN4STECH,GAN,nan,RVSGANAA,GANTRY S/S VISUAL INSPECTION,VICIVGA01,Do you want to report any condition deterioration of the asset?,YES,nan,S-1500788,SRR-20730611,GREN,TCNWANG,TCN,11,GREN4,Civil Item
30/10/2023,,1,GREN4SCARE,GREN4SCARE,TRCH,nan,RVSCIVAA,TRENCH RD X S/S VISUAL INSECTION,VICIVTC05,Do you want to report Trench or crossing?,TRENCH,nan,S-1500790,SRR-20730689,GREN,TCNWANG,TCN,5,GREN4,Civil Item
30/10/2023,,1,GREN4SCARE,GREN4SCARE,TRCH,nan,RVSCIVAA,TRENCH RD X S/S VISUAL INSECTION,VICIVTC05,Do you want to report Trench or crossing?,TRENCH,nan,S-1500790,SRR-20730692,GREN,TCNWANG,TCN,5,GREN4,Civil Item
30/10/2023,,1,GREN4SCARE,GREN4SCARE,TRCH,nan,RVSCIVAA,TRENCH RD X S/S VISUAL INSECTION,VICIVTC05,Do you want to report Trench or crossing?,TRENCH,nan,S-1500790,SRR-20730695,GREN,TCNWANG,TCN,5,GREN4,Civil Item
30/10/2023,,1,GREN4SCARE,GREN4SCARE,TRCH,nan,RVSCIVAA,TRENCH RD X S/S VISUAL INSECTION,VICIVTC05,Do you want to report Trench or crossing?,TRENCH,nan,S-1500790,SRR-20730698,GREN,TCNWANG,TCN,5,GREN4,Civil Item
30/10/2023,,1,GREN4SCARE,GREN4SCARE,TRCH,nan,RVSCIVAA,TRENCH RD X S/S VISUAL INSECTION,VICIVTC05,Do you want to report Trench or crossing?,TRENCH,nan,S-1500790,SRR-20730701,GREN,TCNWANG,TCN,5,GREN4,Civil Item
30/10/2023,,1,GREN4SCARE,GREN4SCARE,TRCH,nan,RVSCIVAA,TRENCH RD X S/S VISUAL INSECTION,VICIVTC05,Do you want to report Trench or crossing?,TRENCH,nan,S-1500790,SRR-20730704,GREN,TCNWANG,TCN,5,GREN4,Civil Item
30/10/2023,,1,GREN4SCARE,GREN4SCARE,TRCH,nan,RVSCIVAA,TRENCH RD X S/S VISUAL INSECTION,VICIVTC05,Do you want to report Trench or crossing?,TRENCH,nan,S-1500790,SRR-20730707,GREN,TCNWANG,TCN,5,GREN4,Civil Item
30/10/2023,,1,GREN4SCARE,GREN4SCARE,TRCH,nan,RVSCIVAA,TRENCH RD X S/S VISUAL INSECTION,VICIVTC05,Do you want to report Trench or crossing?,TRENCH,nan,S-1500790,SRR-20730710,GREN,TCNWANG,TCN,5,GREN4,Civil Item
30/10/2023,,1,GREN4SCARE,GREN4SCARE,TRCH,nan,RVSCIVAA,TRENCH RD X S/S VISUAL INSECTION,VICIVTC05,Do you want to report Trench or crossing?,TRENCH,nan,S-1500790,SRR-20730713,GREN,TCNWANG,TCN,5,GREN4,Civil Item
30/10/2023,,1,GREN4SCARE,GREN4SCARE,TRCH,nan,RVSCIVAA,TRENCH RD X S/S VISUAL INSECTION,VICIVTC05,Do you want to report Trench or crossing?,TRENCH,nan,S-1500790,SRR-20730716,GREN,TCNWANG,TCN,5,GREN4,Civil Item
30/10/2023,,1,GREN4SCARE,GREN4SCARE,TRCH,nan,RVSCIVAA,TRENCH RD X S/S VISUAL INSECTION,VICIVTC05,Do you want to report Trench or crossing?,TRENCH,nan,S-1500790,SRR-20730719,GREN,TCNWANG,TCN,5,GREN4,Civil Item
30/10/2023,,1,GREN4SCARE,GREN4SCARE,TRCH,nan,RVSCIVAA,TRENCH RD X S/S VISUAL INSECTION,VICIVTC05,Do you want to report Trench or crossing?,TRENCH,nan,S-1500790,SRR-20730722,GREN,TCNWANG,TCN,5,GREN4,Civil Item
30/10/2023,,1,GREN4SCARE,GREN4SCARE,TRCH,nan,RVSCIVAA,TRENCH RD X S/S VISUAL INSECTION,VICIVTC05,Do you want to report Trench or crossing?,TRENCH,nan,S-1500790,SRR-20730725,GREN,TCNWANG,TCN,5,GREN4,Civil Item
30/10/2023,,1,GREN4SCARE,GREN4SCARE,TRCH,nan,RVSCIVAA,TRENCH RD X S/S VISUAL INSECTION,VICIVTC05,Do you want to report Trench or crossing?,TRENCH,nan,S-1500790,SRR-20730728,GREN,TCNWANG,TCN,5,GREN4,Civil Item
30/10/2023,,1,GREN4SCARE,GREN4SCARE,TRCH,nan,RVSCIVAA,TRENCH RD X S/S VISUAL INSECTION,VICIVTC05,Do you want to report Trench or crossing?,TRENCH,nan,S-1500790,SRR-20730731,GREN,TCNWANG,TCN,5,GREN4,Civil Item
30/10/2023,,1,GREN4SCARE,GREN4SCARE,TRCH,nan,RVSCIVAA,TRENCH RD X S/S VISUAL INSECTION,VICIVTC05,Do you want to report Trench or crossing?,TRENCH,nan,S-1500790,SRR-20730734,GREN,TCNWANG,TCN,5,GREN4,Civil Item
30/10/2023,,1,GREN4SCARE,GREN4SCARE,TRCH,nan,RVSCIVAA,TRENCH RD X S/S VISUAL INSECTION,VICIVTC05,Do you want to report Trench or crossing?,TRENCH,nan,S-1500790,SRR-20730737,GREN,TCNWANG,TCN,5,GREN4,Civil Item
30/10/2023,,1,GREN4SCARE,GREN4SCARE,TRCH,nan,RVSCIVAA,TRENCH RD X S/S VISUAL INSECTION,VICIVTC05,Do you want to report Trench or crossing?,TRENCH,nan,S-1500790,SRR-20730740,GREN,TCNWANG,TCN,5,GREN4,Civil Item
30/10/2023,,1,GREN4SCARE,GREN4SCARE,TRCH,nan,RVSCIVAA,TRENCH RD X S/S VISUAL INSECTION,VICIVTC05,Do you want to report Trench or crossing?,TRENCH,nan,S-1500790,SRR-20730743,GREN,TCNWANG,TCN,5,GREN4,Civil Item
30/10/2023,,1,GREN4SCARE,GREN4SCARE,TRCH,nan,RVSCIVAA,TRENCH RD X S/S VISUAL INSECTION,VICIVTC05,Do you want to report Trench or crossing?,TRENCH,nan,S-1500790,SRR-20730746,GREN,TCNWANG,TCN,5,GREN4,Civil Item
30/10/2023,,1,GREN4SCARE,GREN4SCARE,TRCH,nan,RVSCIVAA,TRENCH RD X S/S VISUAL INSECTION,VICIVTC05,Do you want to report Trench or crossing?,TRENCH,nan,S-1500790,SRR-20730749,GREN,TCNWANG,TCN,5,GREN4,Civil Item
30/10/2023,,1,GREN4SCARE,GREN4SCARE,TRCH,nan,RVSCIVAA,TRENCH RD X S/S VISUAL INSECTION,VICIVTC05,Do you want to report Trench or crossing?,TRENCH,nan,S-1500790,SRR-20730752,GREN,TCNWANG,TCN,5,GREN4,Civil Item
30/10/2023,,1,GREN4SCARE,GREN4SCARE,TRCH,nan,RVSCIVAA,TRENCH RD X S/S VISUAL INSECTION,VICIVTC05,Do you want to report Trench or crossing?,TRENCH,nan,S-1500790,SRR-20730755,GREN,TCNWANG,TCN,5,GREN4,Civil Item
30/10/2023,,1,GREN4SCARE,GREN4SCARE,TRCH,nan,RVSCIVAA,TRENCH RD X S/S VISUAL INSECTION,VICIVTC05,Do you want to report Trench or crossing?,TRENCH,nan,S-1500790,SRR-20730758,GREN,TCNWANG,TCN,5,GREN4,Civil Item
30/10/2023,,1,GREN4SCARE,GREN4SCARE,TRCH,nan,RVSCIVAA,TRENCH RD X S/S VISUAL INSECTION,VICIVTC05,Do you want to report Trench or crossing?,TRENCH,nan,S-1500790,SRR-20730761,GREN,TCNWANG,TCN,5,GREN4,Civil Item
30/10/2023,,1,GREN4SCARE,GREN4SCARE,TRCH,nan,RVSCIVAA,TRENCH RD X S/S VISUAL INSECTION,VICIVTC05,Do you want to report Trench or crossing?,TRENCH,nan,S-1500790,SRR-20730764,GREN,TCNWANG,TCN,5,GREN4,Civil Item
30/10/2023,,1,GREN4SCARE,GREN4SCARE,TRCH,nan,RVSCIVAA,TRENCH RD X S/S VISUAL INSECTION,VICIVTC05,Do you want to report Trench or crossing?,TRENCH,nan,S-1500790,SRR-20730767,GREN,TCNWANG,TCN,5,GREN4,Civil Item
30/10/2023,,1,GREN4SCARE,GREN4SCARE,TRCH,nan,RVSCIVAA,TRENCH RD X S/S VISUAL INSECTION,VICIVTC05,Do you want to report Trench or crossing?,TRENCH,nan,S-1500790,SRR-20730770,GREN,TCNWANG,TCN,5,GREN4,Civil Item
30/10/2023,,1,GREN4SCARE,GREN4SCARE,TRCH,nan,RVSCIVAA,TRENCH RD X S/S VISUAL INSECTION,VICIVTC05,Do you want to report Trench or crossing?,TRENCH,nan,S-1500790,SRR-20730773,GREN,TCNWANG,TCN,5,GREN4,Civil Item
30/10/2023,,1,GREN4SCARE,GREN4SCARE,TRCH,nan,RVSCIVAA,TRENCH RD X S/S VISUAL INSECTION,VICIVTC05,Do you want to report Trench or crossing?,TRENCH,nan,S-1500790,SRR-20730776,GREN,TCNWANG,TCN,5,GREN4,Civil Item
30/10/2023,,1,GREN4SCARE,GREN4SCARE,TRCH,nan,RVSCIVAA,TRENCH RD X S/S VISUAL INSECTION,VICIVTC05,Do you want to report Trench or crossing?,TRENCH,nan,S-1500790,SRR-20730779,GREN,TCNWANG,TCN,5,GREN4,Civil Item
30/10/2023,,1,GREN4SCARE,GREN4SCARE,TRCH,nan,RVSCIVAA,TRENCH RD X S/S VISUAL INSECTION,VICIVTC05,Do you want to report Trench or crossing?,TRENCH,nan,S-1500790,SRR-20730782,GREN,TCNWANG,TCN,5,GREN4,Civil Item
30/10/2023,,1,GREN4SCARE,GREN4SCARE,TRCH,nan,RVSCIVAA,TRENCH RD X S/S VISUAL INSECTION,VICIVTC05,Do you want to report Trench or crossing?,TRENCH,nan,S-1500790,SRR-20730785,GREN,TCNWANG,TCN,5,GREN4,Civil Item
30/10/2023,,1,GREN4SCARE,GREN4SCARE,TRCH,nan,RVSCIVAA,TRENCH RD X S/S VISUAL INSECTION,VICIVTC05,Do you want to report Trench or crossing?,TRENCH,nan,S-1500790,SRR-20730788,GREN,TCNWANG,TCN,5,GREN4,Civil Item
30/10/2023,,1,GREN4SCARE,GREN4SCARE,TRCH,nan,RVSCIVAA,TRENCH RD X S/S VISUAL INSECTION,VICIVTC05,Do you want to report Trench or crossing?,TRENCH,nan,S-1500790,SRR-20730791,GREN,TCNWANG,TCN,5,GREN4,Civil Item
30/10/2023,,1,GREN4SCARE,GREN4SCARE,TRCH,nan,RVSCIVAA,TRENCH RD X S/S VISUAL INSECTION,VICIVTC05,Do you want to report Trench or crossing?,TRENCH,nan,S-1500790,SRR-20730794,GREN,TCNWANG,TCN,5,GREN4,Civil Item
30/10/2023,,1,GREN4SCARE,GREN4SCARE,TRCH,nan,RVSCIVAA,TRENCH RD X S/S VISUAL INSECTION,VICIVTC05,Do you want to report Trench or crossing?,TRENCH,nan,S-1500790,SRR-20730797,GREN,TCNWANG,TCN,5,GREN4,Civil Item
30/10/2023,,1,GREN4SCARE,GREN4SCARE,TRCH,nan,RVSCIVAA,TRENCH RD X S/S VISUAL INSECTION,VICIVTC05,Do you want to report Trench or crossing?,TRENCH,nan,S-1500790,SRR-20730800,GREN,TCNWANG,TCN,5,GREN4,Civil Item
30/10/2023,,1,GREN4SCARE,GREN4SCARE,TRCH,nan,RVSCIVAA,TRENCH RD X S/S VISUAL INSECTION,VICIVTC05,Do you want to report Trench or crossing?,TRENCH,nan,S-1500790,SRR-20730803,GREN,TCNWANG,TCN,5,GREN4,Civil Item
30/10/2023,,1,GREN4SCARE,GREN4SCARE,TRCH,nan,RVSCIVAA,TRENCH RD X S/S VISUAL INSECTION,VICIVTC05,Do you want to report Trench or crossing?,TRENCH,nan,S-1500790,SRR-20730806,GREN,TCNWANG,TCN,5,GREN4,Civil Item
30/10/2023,,1,GREN4SCARE,GREN4SCARE,TRCH,nan,RVSCIVAA,TRENCH RD X S/S VISUAL INSECTION,VICIVTC05,Do you want to report Trench or crossing?,TRENCH,nan,S-1500790,SRR-20730809,GREN,TCNWANG,TCN,5,GREN4,Civil Item
30/10/2023,,1,GREN4SCARE,GREN4SCARE,TRCH,nan,RVSCIVAA,TRENCH RD X S/S VISUAL INSECTION,VICIVTC05,Do you want to report Trench or crossing?,TRENCH,nan,S-1500790,SRR-20730812,GREN,TCNWANG,TCN,5,GREN4,Civil Item
31/10/2023,0.0,4,GREN4STECH,GREN4STECH,GAN,nan,RVSGANAA,GANTRY S/S VISUAL INSPECTION,VICIVGA01,Do you want to report any condition deterioration of the asset?,NO,nan,S-1501973,SRR-20749121,GREN,TCNWANG,TCN,11,GREN4,Civil Item
01/11/2023,,1,GREN4SCARE,GREN4SCARE,TRCH,nan,RVSCIVAA,TRENCH RD X S/S VISUAL INSECTION,VICIVTC05,Do you want to report Trench or crossing?,TRENCH,nan,S-1503979,SRR-20769604,GREN,TCNWANG,TCN,5,GREN4,Civil Item
01/11/2023,0.0,4,GREN4STECH,GREN4STECH,GAN,nan,RVSGANAA,GANTRY S/S VISUAL INSPECTION,VICIVGA01,Do you want to report any condition deterioration of the asset?,NO,nan,S-1505413,SRR-20789060,GREN,TCNWANG,TCN,11,GREN4,Civil Item
01/11/2023,1.0,4,GREN1STECH,GREN1STECH,GAN,nan,RVSGANAA,GANTRY S/S VISUAL INSPECTION,VICIVGA01,Do you want to report any condition deterioration of the asset?,YES,nan,S-1505446,SRR-20789340,GREN,TCNWANG,TCN,11,GREN1,Civil Item
01/11/2023,,1,GREN1SCARE,GREN1SCARE,TRCH,nan,RVSCIVAA,TRENCH RD X S/S VISUAL INSECTION,VICIVTC05,Do you want to report Trench or crossing?,TRENCH,nan,S-1505457,SRR-20789425,GREN,TCNWANG,TCN,5,GREN1,Civil Item
01/11/2023,1.0,4,GREN1STECH,GREN1STECH,GAN,nan,RVSGANAA,GANTRY S/S VISUAL INSPECTION,VICIVGA01,Do you want to report any condition deterioration of the asset?,YES,nan,S-1506383,SRR-20799827,GREN,TCNWANG,TCN,11,GREN1,Civil Item
01/11/2023,,1,SHRE1SCARE,SHRE1SCARE,TRCH,nan,RVSCIVAA,TRENCH RD X S/S VISUAL INSECTION,VICIVTC05,Do you want to report Trench or crossing?,TRENCH,nan,S-1506500,SRR-20801481,SHRE,TCNSTAF,TCN,5,SHRE1,Civil Item
01/11/2023,,1,SHRE4SCARE,SHRE4SCARE,TRCH,nan,RVSCIVAA,TRENCH RD X S/S VISUAL INSECTION,VICIVTC05,Do you want to report Trench or crossing?,TRENCH,nan,S-1506524,SRR-20801888,SHRE,TCNSTAF,TCN,5,SHRE4,Civil Item
01/11/2023,,1,SHRE4SCARE,SHRE4SCARE,TRCH,nan,RVSCIVAA,TRENCH RD X S/S VISUAL INSECTION,VICIVTC05,Do you want to report Trench or crossing?,TRENCH,nan,S-1506528,SRR-20801915,SHRE,TCNSTAF,TCN,5,SHRE4,Civil Item
01/11/2023,,1,SHRE1SCARE,SHRE1SCARE,TRCH,nan,RVSCIVAA,TRENCH RD X S/S VISUAL INSECTION,VICIVTC05,Do you want to report Trench or crossing?,TRENCH,nan,S-1506549,SRR-20802161,SHRE,TCNSTAF,TCN,5,SHRE1,Civil Item
08/11/2023,0.0,4,KENG4STECH,KENG4STECH,GAN,nan,RVSGANAA,GANTRY S/S VISUAL INSPECTION,VICIVGA01,Do you want to report any condition deterioration of the asset?,NO,nan,S-1521232,SRR-20958543,KENG,TLNCETL,TLN,11,KENG4,Civil Item
08/11/2023,0.0,4,KENG4STECH,KENG4STECH,GAN,nan,RVSGANAA,GANTRY S/S VISUAL INSPECTION,VICIVGA01,Do you want to report any condition deterioration of the asset?,NO,nan,S-1521252,SRR-20958710,KENG,TLNCETL,TLN,11,KENG4,Civil Item
08/11/2023,0.0,4,KENG4STECH,KENG4STECH,GAN,nan,RVSGANAA,GANTRY S/S VISUAL INSPECTION,VICIVGA01,Do you want to report any condition deterioration of the asset?,NO,nan,S-1521276,SRR-20958941,KENG,TLNCETL,TLN,11,KENG4,Civil Item
08/11/2023,,1,KENG4SCARE,KENG4SCARE,TRCH,nan,RVSCIVAA,TRENCH RD X S/S VISUAL INSECTION,VICIVTC05,Do you want to report Trench or crossing?,TRENCH,nan,S-1521353,SRR-20959731,KENG,TLNCETL,TLN,5,KENG4,Civil Item
08/11/2023,,1,KENG4SCARE,KENG4SCARE,TRCH,nan,RVSCIVAA,TRENCH RD X S/S VISUAL INSECTION,VICIVTC05,Do you want to report Trench or crossing?,TRENCH,nan,S-1521368,SRR-20959952,KENG,TLNCETL,TLN,5,KENG4,Civil Item
08/11/2023,,1,KENG4SCARE,KENG4SCARE,TRCH,nan,RVSCIVAA,TRENCH RD X S/S VISUAL INSECTION,VICIVTC05,Do you want to report Trench or crossing?,TRENCH,nan,S-1521382,SRR-20960126,KENG,TLNCETL,TLN,5,KENG4,Civil Item
09/11/2023,,1,GREN1SCARE,GREN1SCARE,TRCH,nan,RVSCIVAA,TRENCH RD X S/S VISUAL INSECTION,VICIVTC05,Do you want to report Trench or crossing?,TRENCH,nan,S-1526433,SRR-21017935,GREN,TCNWANG,TCN,5,GREN1,Civil Item
09/11/2023,,1,GREN4SCARE,GREN4SCARE,TRCH,nan,RVSCIVAA,TRENCH RD X S/S VISUAL INSECTION,VICIVTC05,Do you want to report Trench or crossing?,TRENCH,nan,S-1527094,SRR-21022327,GREN,TCNWANG,TCN,5,GREN4,Civil Item
09/11/2023,,1,GREN4SCARE,GREN4SCARE,TRCH,nan,RVSCIVAA,TRENCH RD X S/S VISUAL INSECTION,VICIVTC05,Do you want to report Trench or crossing?,TRENCH,nan,S-1527109,SRR-21022450,GREN,TCNWANG,TCN,5,GREN4,Civil Item
09/11/2023,,1,GREN1SCARE,GREN1SCARE,TRCH,nan,RVSCIVAA,TRENCH RD X S/S VISUAL INSECTION,VICIVTC05,Do you want to report Trench or crossing?,TRENCH,nan,S-1527192,SRR-21023214,GREN,TCNWANG,TCN,5,GREN1,Civil Item
09/11/2023,,1,GREN1SCARE,GREN1SCARE,TRCH,nan,RVSCIVAA,TRENCH RD X S/S VISUAL INSECTION,VICIVTC05,Do you want to report Trench or crossing?,TRENCH,nan,S-1527202,SRR-21023302,GREN,TCNWANG,TCN,5,GREN1,Civil Item
13/11/2023,,1,WISD2SCARE,WISD2SCARE,TRCH,nan,RVSCIVAA,TRENCH RD X S/S VISUAL INSECTION,VICIVTC05,Do you want to report Trench or crossing?,TRENCH,nan,S-1535290,SRR-21126980,WISD,TLNCETL,TLN,5,WISD2,Civil Item
17/11/2023,,1,KENG4SCARE,KENG4SCARE,TRCH,nan,RVSCIVAA,TRENCH RD X S/S VISUAL INSECTION,VICIVTC05,Do you want to report Trench or crossing?,TRENCH,nan,S-1549310,SRR-21330913,KENG,TLNCETL,TLN,5,KENG4,Civil Item
20/11/2023,1.0,4,WALX4STECH,WALX4STECH,GAN,nan,RVSGANAA,GANTRY S/S VISUAL INSPECTION,VICIVGA01,Do you want to report any condition deterioration of the asset?,YES,nan,S-1550741,SRR-21348041,WALX,TLNNEST,TLN,11,WALX4,Civil Item
21/11/2023,0.0,4,WALX2STECH,WALX2STECH,GAN,nan,RVSGANAA,GANTRY S/S VISUAL INSPECTION,VICIVGA01,Do you want to report any condition deterioration of the asset?,NO,nan,S-1552272,SRR-21369615,WALX,TLNNEST,TLN,11,WALX2,Civil Item
21/11/2023,0.0,4,WALX4STECH,WALX4STECH,GAN,nan,RVSGANAA,GANTRY S/S VISUAL INSPECTION,VICIVGA01,Do you want to report any condition deterioration of the asset?,NO,nan,S-1552305,SRR-21370174,WALX,TLNNEST,TLN,11,WALX4,Civil Item
21/11/2023,,1,WALX4SCARE,WALX4SCARE,TRCH,nan,RVSCIVAA,TRENCH RD X S/S VISUAL INSECTION,VICIVTC05,Do you want to report Trench or crossing?,TRENCH,nan,S-1552772,SRR-21375896,WALX,TLNNEST,TLN,5,WALX4,Civil Item
21/11/2023,,1,WALX2SCARE,WALX2SCARE,TRCH,nan,RVSCIVAA,TRENCH RD X S/S VISUAL INSECTION,VICIVTC05,Do you want to report Trench or crossing?,TRENCH,nan,S-1552832,SRR-21376444,WALX,TLNNEST,TLN,5,WALX2,Civil Item
21/11/2023,1.0,4,WALX2STECH,WALX2STECH,GAN,nan,RVSGANAA,GANTRY S/S VISUAL INSPECTION,VICIVGA01,Do you want to report any condition deterioration of the asset?,YES,nan,S-1553495,SRR-21384666,WALX,TLNNEST,TLN,11,WALX2,Civil Item
21/11/2023,,1,WALX2SCARE,WALX2SCARE,TRCH,nan,RVSCIVAA,TRENCH RD X S/S VISUAL INSECTION,VICIVTC05,Do you want to report Trench or crossing?,TRENCH,nan,S-1553536,SRR-21385434,WALX,TLNNEST,TLN,5,WALX2,Civil Item
28/11/2023,,1,WISD1SCARE,WISD1SCARE,TRCH,nan,RVSCIVAA,TRENCH RD X S/S VISUAL INSECTION,VICIVTC05,Do you want to report Trench or crossing?,TRENCH,nan,S-1573192,SRR-21726860,WISD,TLNCETL,TLN,5,WISD1,Civil Item
28/11/2023,,1,WISD6SCARE,WISD6SCARE,TRCH,nan,RVSCIVAA,TRENCH RD X S/S VISUAL INSECTION,VICIVTC05,Do you want to report Trench or crossing?,TRENCH,nan,S-1575493,SRR-21760161,WISD,TLNCETL,TLN,5,WISD6,Civil Item
28/11/2023,,1,WHAM4SCARE,WHAM4SCARE,TRCH,nan,RVSCIVAA,TRENCH RD X S/S VISUAL INSECTION,VICIVTC05,Do you want to report Trench or crossing?,VEHICLE CROSSING,nan,S-1577006,SRR-21785773,WHAM,TLNEAST,TLN,5,WHAM4,Civil Item
29/11/2023,,1,WISD6SCARE,WISD6SCARE,TRCH,nan,RVSCIVAA,TRENCH RD X S/S VISUAL INSECTION,VICIVTC05,Do you want to report Trench or crossing?,TRENCH,nan,S-1579759,SRR-21827378,WISD,TLNCETL,TLN,5,WISD6,Civil Item
29/11/2023,,1,WISD2SCARE,WISD2SCARE,TRCH,nan,RVSCIVAA,TRENCH RD X S/S VISUAL INSECTION,VICIVTC05,Do you want to report Trench or crossing?,TRENCH,nan,S-1579794,SRR-21827567,WISD,TLNCETL,TLN,5,WISD2,Civil Item
30/11/2023,,1,WISD2SCARE,WISD2SCARE,TRCH,nan,RVSCIVAA,TRENCH RD X S/S VISUAL INSECTION,VICIVTC05,Do you want to report Trench or crossing?,TRENCH,nan,S-1585159,SRR-21929288,WISD,TLNCETL,TLN,5,WISD2,Civil Item
30/11/2023,0.0,4,WISD2STECH,WISD2STECH,GAN,nan,RVSGANAA,GANTRY S/S VISUAL INSPECTION,VICIVGA01,Do you want to report any condition deterioration of the asset?,NO,nan,S-1585161,SRR-21929312,WISD,TLNCETL,TLN,11,WISD2,Civil Item
01/12/2023,,1,WHAM4SCARE,WHAM4SCARE,TRCH,nan,RVSCIVAA,TRENCH RD X S/S VISUAL INSECTION,VICIVTC05,Do you want to report Trench or crossing?,TRENCH,nan,S-1587342,SRR-21956029,WHAM,TLNEAST,TLN,5,WHAM4,Civil Item
01/12/2023,,1,WHAM4SCARE,WHAM4SCARE,TRCH,nan,RVSCIVAA,TRENCH RD X S/S VISUAL INSECTION,VICIVTC05,Do you want to report Trench or crossing?,TRENCH,nan,S-1587350,SRR-21956078,WHAM,TLNEAST,TLN,5,WHAM4,Civil Item
01/12/2023,,1,WHAM4SCARE,WHAM4SCARE,TRCH,nan,RVSCIVAA,TRENCH RD X S/S VISUAL INSECTION,VICIVTC05,Do you want to report Trench or crossing?,TRENCH,nan,S-1587358,SRR-21956127,WHAM,TLNEAST,TLN,5,WHAM4,Civil Item
01/12/2023,,1,WALX4SCARE,WALX4SCARE,TRCH,nan,RVSCIVAA,TRENCH RD X S/S VISUAL INSECTION,VICIVTC05,Do you want to report Trench or crossing?,TRENCH,nan,S-1587506,SRR-21957076,WALX,TLNNEST,TLN,5,WALX4,Civil Item
01/12/2023,,1,WALX4SCARE,WALX4SCARE,TRCH,nan,RVSCIVAA,TRENCH RD X S/S VISUAL INSECTION,VICIVTC05,Do you want to report Trench or crossing?,TRENCH,nan,S-1587514,SRR-21957125,WALX,TLNNEST,TLN,5,WALX4,Civil Item
01/12/2023,,1,WALX4SCARE,WALX4SCARE,TRCH,nan,RVSCIVAA,TRENCH RD X S/S VISUAL INSECTION,VICIVTC05,Do you want to report Trench or crossing?,TRENCH,nan,S-1587522,SRR-21957174,WALX,TLNNEST,TLN,5,WALX4,Civil Item
01/12/2023,,1,WALX2SCARE,WALX2SCARE,TRCH,nan,RVSCIVAA,TRENCH RD X S/S VISUAL INSECTION,VICIVTC05,Do you want to report Trench or crossing?,TRENCH,nan,S-1587663,SRR-21958055,WALX,TLNNEST,TLN,5,WALX2,Civil Item
01/12/2023,,1,WALX2SCARE,WALX2SCARE,TRCH,nan,RVSCIVAA,TRENCH RD X S/S VISUAL INSECTION,VICIVTC05,Do you want to report Trench or crossing?,TRENCH,nan,S-1587675,SRR-21958108,WALX,TLNNEST,TLN,5,WALX2,Civil Item
01/12/2023,,1,WISD2SCARE,WISD2SCARE,TRCH,nan,RVSCIVAA,TRENCH RD X S/S VISUAL INSECTION,VICIVTC05,Do you want to report Trench or crossing?,TRENCH,nan,S-1587776,SRR-21959172,WISD,TLNCETL,TLN,5,WISD2,Civil Item
01/12/2023,,1,WISD1SCARE,WISD1SCARE,TRCH,nan,RVSCIVAA,TRENCH RD X S/S VISUAL INSECTION,VICIVTC05,Do you want to report Trench or crossing?,TRENCH,nan,S-1587982,SRR-21960529,WISD,TLNCETL,TLN,5,WISD1,Civil Item
01/12/2023,,1,WISD1SCARE,WISD1SCARE,TRCH,nan,RVSCIVAA,TRENCH RD X S/S VISUAL INSECTION,VICIVTC05,Do you want to report Trench or crossing?,TRENCH,nan,S-1587992,SRR-21960580,WISD,TLNCETL,TLN,5,WISD1,Civil Item
01/12/2023,,1,WISD1SCARE,WISD1SCARE,TRCH,nan,RVSCIVAA,TRENCH RD X S/S VISUAL INSECTION,VICIVTC05,Do you want to report Trench or crossing?,TRENCH,nan,S-1588001,SRR-21960630,WISD,TLNCETL,TLN,5,WISD1,Civil Item
01/12/2023,,1,WISD6SCARE,WISD6SCARE,TRCH,nan,RVSCIVAA,TRENCH RD X S/S VISUAL INSECTION,VICIVTC05,Do you want to report Trench or crossing?,TRENCH,nan,S-1588039,SRR-21960899,WISD,TLNCETL,TLN,5,WISD6,Civil Item
01/12/2023,,1,WISD6SCARE,WISD6SCARE,TRCH,nan,RVSCIVAA,TRENCH RD X S/S VISUAL INSECTION,VICIVTC05,Do you want to report Trench or crossing?,TRENCH,nan,S-1588047,SRR-21960948,WISD,TLNCETL,TLN,5,WISD6,Civil Item
08/12/2023,,1,HAWP2SCARE,HAWP2SCARE,TRCH,nan,RVSCIVAA,TRENCH RD X S/S VISUAL INSECTION,VICIVTC05,Do you want to report Trench or crossing?,TRENCH,nan,S-1608125,SRR-22263143,HAWP,TNEWEAR,TNE,5,HAWP2,Civil Item
08/12/2023,,1,HAWP2SCARE,HAWP2SCARE,TRCH,nan,RVSCIVAA,TRENCH RD X S/S VISUAL INSECTION,VICIVTC05,Do you want to report Trench or crossing?,TRENCH,nan,S-1608133,SRR-22263192,HAWP,TNEWEAR,TNE,5,HAWP2,Civil Item
08/12/2023,,1,HAWP2SCARE,HAWP2SCARE,TRCH,nan,RVSCIVAA,TRENCH RD X S/S VISUAL INSECTION,VICIVTC05,Do you want to report Trench or crossing?,TRENCH,nan,S-1608141,SRR-22263241,HAWP,TNEWEAR,TNE,5,HAWP2,Civil Item
08/12/2023,,1,HAWP4SCARE,HAWP4SCARE,TRCH,nan,RVSCIVAA,TRENCH RD X S/S VISUAL INSECTION,VICIVTC05,Do you want to report Trench or crossing?,TRENCH,nan,S-1608222,SRR-22263918,HAWP,TNEWEAR,TNE,5,HAWP4,Civil Item
08/12/2023,,1,HAWP4SCARE,HAWP4SCARE,TRCH,nan,RVSCIVAA,TRENCH RD X S/S VISUAL INSECTION,VICIVTC05,Do you want to report Trench or crossing?,TRENCH,nan,S-1608232,SRR-22264010,HAWP,TNEWEAR,TNE,5,HAWP4,Civil Item
08/12/2023,,1,HAWP4SCARE,HAWP4SCARE,TRCH,nan,RVSCIVAA,TRENCH RD X S/S VISUAL INSECTION,VICIVTC05,Do you want to report Trench or crossing?,TRENCH,nan,S-1608241,SRR-22264135,HAWP,TNEWEAR,TNE,5,HAWP4,Civil Item
08/12/2023,,1,HAWP6SCARE,HAWP6SCARE,TRCH,nan,RVSCIVAA,TRENCH RD X S/S VISUAL INSECTION,VICIVTC05,Do you want to report Trench or crossing?,TRENCH,nan,S-1608336,SRR-22264963,HAWP,TNEWEAR,TNE,5,HAWP6,Civil Item
08/12/2023,,1,HAWP6SCARE,HAWP6SCARE,TRCH,nan,RVSCIVAA,TRENCH RD X S/S VISUAL INSECTION,VICIVTC05,Do you want to report Trench or crossing?,TRENCH,nan,S-1608344,SRR-22265012,HAWP,TNEWEAR,TNE,5,HAWP6,Civil Item
08/12/2023,,1,HAWP6SCARE,HAWP6SCARE,TRCH,nan,RVSCIVAA,TRENCH RD X S/S VISUAL INSECTION,VICIVTC05,Do you want to report Trench or crossing?,TRENCH,nan,S-1608352,SRR-22265061,HAWP,TNEWEAR,TNE,5,HAWP6,Civil Item
08/12/2023,0.0,4,HAWP6STECH,HAWP6STECH,GAN,nan,RVSGANAA,GANTRY S/S VISUAL INSPECTION,VICIVGA01,Do you want to report any condition deterioration of the asset?,NO,nan,S-1608380,SRR-22265246,HAWP,TNEWEAR,TNE,11,HAWP6,Civil Item
10/12/2023,,1,HAWP6SCARE,HAWP6SCARE,TRCH,nan,RVSCIVAA,TRENCH RD X S/S VISUAL INSECTION,VICIVTC05,Do you want to report Trench or crossing?,TRENCH,nan,S-1609188,SRR-22281355,HAWP,TNEWEAR,TNE,5,HAWP6,Civil Item
10/12/2023,1.0,4,HAWP4STECH,HAWP4STECH,GAN,nan,RVSGANAA,GANTRY S/S VISUAL INSPECTION,VICIVGA01,Do you want to report any condition deterioration of the asset?,YES,nan,S-1609284,SRR-22281927,HAWP,TNEWEAR,TNE,11,HAWP4,Civil Item
10/12/2023,,1,HAWP4SCARE,HAWP4SCARE,TRCH,nan,RVSCIVAA,TRENCH RD X S/S VISUAL INSECTION,VICIVTC05,Do you want to report Trench or crossing?,TRENCH,nan,S-1609331,SRR-22282155,HAWP,TNEWEAR,TNE,5,HAWP4,Civil Item
10/12/2023,1.0,4,HAWP2STECH,HAWP2STECH,GAN,nan,RVSGANAA,GANTRY S/S VISUAL INSPECTION,VICIVGA01,Do you want to report any condition deterioration of the asset?,YES,nan,S-1609475,SRR-22282932,HAWP,TNEWEAR,TNE,11,HAWP2,Civil Item
10/12/2023,,1,HAWP2SCARE,HAWP2SCARE,TRCH,nan,RVSCIVAA,TRENCH RD X S/S VISUAL INSECTION,VICIVTC05,Do you want to report Trench or crossing?,TRENCH,nan,S-1609524,SRR-22283255,HAWP,TNEWEAR,TNE,5,HAWP2,Civil Item
10/12/2023,,1,HAWP2SCARE,HAWP2SCARE,TRCH,nan,RVSCIVAA,TRENCH RD X S/S VISUAL INSECTION,VICIVTC05,Do you want to report Trench or crossing?,TRENCH,nan,S-1609524,SRR-22283258,HAWP,TNEWEAR,TNE,5,HAWP2,Civil Item
11/12/2023,1.0,4,KILL4STECH,KILL4STECH,GAN,nan,RVSGANAA,GANTRY S/S VISUAL INSPECTION,VICIVGA01,Do you want to report any condition deterioration of the asset?,YES,nan,S-1614519,SRR-22365637,KILL,TNESHUM,TNE,11,KILL4,Civil Item
11/12/2023,,1,KILL4SCARE,KILL4SCARE,TRCH,nan,RVSCIVAA,TRENCH RD X S/S VISUAL INSECTION,VICIVTC05,Do you want to report Trench or crossing?,TRENCH,nan,S-1614665,SRR-22367267,KILL,TNESHUM,TNE,5,KILL4,Civil Item
11/12/2023,1.0,4,HUMR4STECH,HUMR4STECH,GAN,nan,RVSGANAA,GANTRY S/S VISUAL INSPECTION,VICIVGA01,Do you want to report any condition deterioration of the asset?,YES,nan,S-1614850,SRR-22369838,HUMR,TNESHUM,TNE,11,HUMR4,Civil Item
13/12/2023,,1,KILL4SCARE,KILL4SCARE,TRCH,nan,RVSCIVAA,TRENCH RD X S/S VISUAL INSECTION,VICIVTC05,Do you want to report Trench or crossing?,TRENCH,nan,S-1624547,SRR-22509050,KILL,TNESHUM,TNE,5,KILL4,Civil Item
13/12/2023,,1,KILL4SCARE,KILL4SCARE,TRCH,nan,RVSCIVAA,TRENCH RD X S/S VISUAL INSECTION,VICIVTC05,Do you want to report Trench or crossing?,TRENCH,nan,S-1624557,SRR-22509106,KILL,TNESHUM,TNE,5,KILL4,Civil Item
13/12/2023,,1,KILL4SCARE,KILL4SCARE,TRCH,nan,RVSCIVAA,TRENCH RD X S/S VISUAL INSECTION,VICIVTC05,Do you want to report Trench or crossing?,TRENCH,nan,S-1624567,SRR-22509162,KILL,TNESHUM,TNE,5,KILL4,Civil Item
13/12/2023,,1,HUMR4SCARE,HUMR4SCARE,TRCH,nan,RVSCIVAA,TRENCH RD X S/S VISUAL INSECTION,VICIVTC05,Do you want to report Trench or crossing?,TRENCH,nan,S-1624765,SRR-22510807,HUMR,TNESHUM,TNE,5,HUMR4,Civil Item
13/12/2023,,1,HUMR4SCARE,HUMR4SCARE,TRCH,nan,RVSCIVAA,TRENCH RD X S/S VISUAL INSECTION,VICIVTC05,Do you want to report Trench or crossing?,TRENCH,nan,S-1624775,SRR-22510863,HUMR,TNESHUM,TNE,5,HUMR4,Civil Item
13/12/2023,,1,HUMR4SCARE,HUMR4SCARE,TRCH,nan,RVSCIVAA,TRENCH RD X S/S VISUAL INSECTION,VICIVTC05,Do you want to report Trench or crossing?,TRENCH,nan,S-1624786,SRR-22510937,HUMR,TNESHUM,TNE,5,HUMR4,Civil Item
17/12/2023,,1,HUMR4SCARE,HUMR4SCARE,TRCH,nan,RVSCIVAA,TRENCH RD X S/S VISUAL INSECTION,VICIVTC05,Do you want to report Trench or crossing?,TRENCH,nan,S-1632611,SRR-22596465,HUMR,TNESHUM,TNE,5,HUMR4,Civil Item
18/12/2023,1.0,4,WYMO1STECH,WYMO1STECH,GAN,nan,RVSGANAA,GANTRY S/S VISUAL INSPECTION,VICIVGA01,Do you want to report any condition deterioration of the asset?,YES,nan,S-1635010,SRR-22625240,WYMO,TCNWANG,TCN,11,WYMO1,Civil Item
18/12/2023,,1,WYMO4SCARE,WYMO4SCARE,TRCH,nan,RVSCIVAA,TRENCH RD X S/S VISUAL INSECTION,VICIVTC05,Do you want to report Trench or crossing?,TRENCH,nan,S-1636569,SRR-22662658,WYMO,TCNWANG,TCN,5,WYMO4,Civil Item
18/12/2023,,1,WYMO4SCARE,WYMO4SCARE,TRCH,nan,RVSCIVAA,TRENCH RD X S/S VISUAL INSECTION,VICIVTC05,Do you want to report Trench or crossing?,TRENCH,nan,S-1636569,SRR-22662661,WYMO,TCNWANG,TCN,5,WYMO4,Civil Item
18/12/2023,,1,WYMO4SCARE,WYMO4SCARE,TRCH,nan,RVSCIVAA,TRENCH RD X S/S VISUAL INSECTION,VICIVTC05,Do you want to report Trench or crossing?,TRENCH,nan,S-1636569,SRR-22662664,WYMO,TCNWANG,TCN,5,WYMO4,Civil Item
18/12/2023,,1,WYMO4SCARE,WYMO4SCARE,TRCH,nan,RVSCIVAA,TRENCH RD X S/S VISUAL INSECTION,VICIVTC05,Do you want to report Trench or crossing?,TRENCH,nan,S-1636569,SRR-22662667,WYMO,TCNWANG,TCN,5,WYMO4,Civil Item
18/12/2023,,1,WYMO4SCARE,WYMO4SCARE,TRCH,nan,RVSCIVAA,TRENCH RD X S/S VISUAL INSECTION,VICIVTC05,Do you want to report Trench or crossing?,TRENCH,nan,S-1636569,SRR-22662670,WYMO,TCNWANG,TCN,5,WYMO4,Civil Item
18/12/2023,,1,WYMO4SCARE,WYMO4SCARE,TRCH,nan,RVSCIVAA,TRENCH RD X S/S VISUAL INSECTION,VICIVTC05,Do you want to report Trench or crossing?,VEHICLE CROSSING,nan,S-1636569,SRR-22662673,WYMO,TCNWANG,TCN,5,WYMO4,Civil Item
18/12/2023,,1,WYMO4SCARE,WYMO4SCARE,TRCH,nan,RVSCIVAA,TRENCH RD X S/S VISUAL INSECTION,VICIVTC05,Do you want to report Trench or crossing?,VEHICLE CROSSING,nan,S-1636569,SRR-22662676,WYMO,TCNWANG,TCN,5,WYMO4,Civil Item
18/12/2023,,1,WYMO4SCARE,WYMO4SCARE,TRCH,nan,RVSCIVAA,TRENCH RD X S/S VISUAL INSECTION,VICIVTC05,Do you want to report Trench or crossing?,VEHICLE CROSSING,nan,S-1636569,SRR-22662679,WYMO,TCNWANG,TCN,5,WYMO4,Civil Item
18/12/2023,1.0,4,WYMO4STECH,WYMO4STECH,GAN,nan,RVSGANAA,GANTRY S/S VISUAL INSPECTION,VICIVGA01,Do you want to report any condition deterioration of the asset?,YES,nan,S-1637568,SRR-22676436,WYMO,TCNWANG,TCN,11,WYMO4,Civil Item
19/12/2023,,1,NHYD6SCARE,NHYD6SCARE,TRCH,nan,RVSCIVAA,TRENCH RD X S/S VISUAL INSECTION,VICIVTC05,Do you want to report Trench or crossing?,TRENCH,nan,S-1638547,SRR-22691108,NHYD,TLNWEST,TLN,5,NHYD6,Civil Item
19/12/2023,,1,NHYD2SCARE,NHYD2SCARE,TRCH,nan,RVSCIVAA,TRENCH RD X S/S VISUAL INSECTION,VICIVTC05,Do you want to report Trench or crossing?,TRENCH,nan,S-1638617,SRR-22692297,NHYD,TLNWEST,TLN,5,NHYD2,Civil Item
19/12/2023,1.0,4,NHYD6STECH,NHYD6STECH,GAN,nan,RVSGANAA,GANTRY S/S VISUAL INSPECTION,VICIVGA01,Do you want to report any condition deterioration of the asset?,YES,nan,S-1638683,SRR-22692871,NHYD,TLNWEST,TLN,11,NHYD6,Civil Item
20/12/2023,1.0,4,WYMO4STECH,WYMO4STECH,GAN,nan,RVSGANAA,GANTRY S/S VISUAL INSPECTION,VICIVGA01,Do you want to report any condition deterioration of the asset?,YES,nan,S-1643685,SRR-22754524,WYMO,TCNWANG,TCN,11,WYMO4,Civil Item
21/12/2023,,1,HINP2SCARE,HINP2SCARE,TRCH,nan,RVSCIVAA,TRENCH RD X S/S VISUAL INSECTION,VICIVTC05,Do you want to report Trench or crossing?,TRENCH,nan,S-1650284,SRR-22837432,HINP,TSWMEWE,TSW,5,HINP2,Civil Item
21/12/2023,,1,HINP2SCARE,HINP2SCARE,TRCH,nan,RVSCIVAA,TRENCH RD X S/S VISUAL INSECTION,VICIVTC05,Do you want to report Trench or crossing?,TRENCH,nan,S-1650295,SRR-22837492,HINP,TSWMEWE,TSW,5,HINP2,Civil Item
21/12/2023,,1,HINP2SCARE,HINP2SCARE,TRCH,nan,RVSCIVAA,TRENCH RD X S/S VISUAL INSECTION,VICIVTC05,Do you want to report Trench or crossing?,TRENCH,nan,S-1650308,SRR-22837586,HINP,TSWMEWE,TSW,5,HINP2,Civil Item
21/12/2023,,1,HINP4SCARE,HINP4SCARE,TRCH,nan,RVSCIVAA,TRENCH RD X S/S VISUAL INSECTION,VICIVTC05,Do you want to report Trench or crossing?,TRENCH,nan,S-1650369,SRR-22837968,HINP,TSWMEWE,TSW,5,HINP4,Civil Item
21/12/2023,,1,HINP4SCARE,HINP4SCARE,TRCH,nan,RVSCIVAA,TRENCH RD X S/S VISUAL INSECTION,VICIVTC05,Do you want to report Trench or crossing?,TRENCH,nan,S-1650379,SRR-22838024,HINP,TSWMEWE,TSW,5,HINP4,Civil Item
21/12/2023,,1,NHYD2SCARE,NHYD2SCARE,TRCH,nan,RVSCIVAA,TRENCH RD X S/S VISUAL INSECTION,VICIVTC05,Do you want to report Trench or crossing?,TRENCH,nan,S-1650471,SRR-22838672,NHYD,TLNWEST,TLN,5,NHYD2,Civil Item
21/12/2023,,1,NHYD2SCARE,NHYD2SCARE,TRCH,nan,RVSCIVAA,TRENCH RD X S/S VISUAL INSECTION,VICIVTC05,Do you want to report Trench or crossing?,TRENCH,nan,S-1650481,SRR-22838728,NHYD,TLNWEST,TLN,5,NHYD2,Civil Item
21/12/2023,,1,NHYD2SCARE,NHYD2SCARE,TRCH,nan,RVSCIVAA,TRENCH RD X S/S VISUAL INSECTION,VICIVTC05,Do you want to report Trench or crossing?,TRENCH,nan,S-1650491,SRR-22838784,NHYD,TLNWEST,TLN,5,NHYD2,Civil Item
21/12/2023,,1,NHYD6SCARE,NHYD6SCARE,TRCH,nan,RVSCIVAA,TRENCH RD X S/S VISUAL INSECTION,VICIVTC05,Do you want to report Trench or crossing?,TRENCH,nan,S-1650676,SRR-22840061,NHYD,TLNWEST,TLN,5,NHYD6,Civil Item
21/12/2023,,1,NHYD6SCARE,NHYD6SCARE,TRCH,nan,RVSCIVAA,TRENCH RD X S/S VISUAL INSECTION,VICIVTC05,Do you want to report Trench or crossing?,TRENCH,nan,S-1650686,SRR-22840117,NHYD,TLNWEST,TLN,5,NHYD6,Civil Item
21/12/2023,,1,NHYD6SCARE,NHYD6SCARE,TRCH,nan,RVSCIVAA,TRENCH RD X S/S VISUAL INSECTION,VICIVTC05,Do you want to report Trench or crossing?,TRENCH,nan,S-1650697,SRR-22840189,NHYD,TLNWEST,TLN,5,NHYD6,Civil Item
21/12/2023,,1,WYMO4SCARE,WYMO4SCARE,TRCH,nan,RVSCIVAA,TRENCH RD X S/S VISUAL INSECTION,VICIVTC05,Do you want to report Trench or crossing?,TRENCH,nan,S-1650751,SRR-22840594,WYMO,TCNWANG,TCN,5,WYMO4,Civil Item
21/12/2023,,1,WYMO4SCARE,WYMO4SCARE,TRCH,nan,RVSCIVAA,TRENCH RD X S/S VISUAL INSECTION,VICIVTC05,Do you want to report Trench or crossing?,TRENCH,nan,S-1650761,SRR-22840650,WYMO,TCNWANG,TCN,5,WYMO4,Civil Item
21/12/2023,,1,WYMO4SCARE,WYMO4SCARE,TRCH,nan,RVSCIVAA,TRENCH RD X S/S VISUAL INSECTION,VICIVTC05,Do you want to report Trench or crossing?,TRENCH,nan,S-1650771,SRR-22840706,WYMO,TCNWANG,TCN,5,WYMO4,Civil Item
21/12/2023,,1,WYMO1SCARE,WYMO1SCARE,TRCH,nan,RVSCIVAA,TRENCH RD X S/S VISUAL INSECTION,VICIVTC05,Do you want to report Trench or crossing?,TRENCH,nan,S-1650987,SRR-22842043,WYMO,TCNWANG,TCN,5,WYMO1,Civil Item
21/12/2023,,1,WYMO1SCARE,WYMO1SCARE,TRCH,nan,RVSCIVAA,TRENCH RD X S/S VISUAL INSECTION,VICIVTC05,Do you want to report Trench or crossing?,TRENCH,nan,S-1650997,SRR-22842099,WYMO,TCNWANG,TCN,5,WYMO1,Civil Item
21/12/2023,,1,WYMO1SCARE,WYMO1SCARE,TRCH,nan,RVSCIVAA,TRENCH RD X S/S VISUAL INSECTION,VICIVTC05,Do you want to report Trench or crossing?,TRENCH,nan,S-1651007,SRR-22842155,WYMO,TCNWANG,TCN,5,WYMO1,Civil Item
21/12/2023,,1,WYMO1SCARE,WYMO1SCARE,TRCH,nan,RVSCIVAA,TRENCH RD X S/S VISUAL INSECTION,VICIVTC05,Do you want to report Trench or crossing?,TRENCH,nan,S-1651017,SRR-22842211,WYMO,TCNWANG,TCN,5,WYMO1,Civil Item
15/01/2024,1.0,4,OSBA4STECH,OSBA4STECH,GAN,nan,RVSGANAA,GANTRY S/S VISUAL INSPECTION,VICIVGA01,Do you want to report any condition deterioration of the asset?,YES,nan,S-1701222,SRR-23472813,OSBA,TNENHUM,TNE,11,OSBA4,Civil Item
15/01/2024,,1,OSBA4SCARE,OSBA4SCARE,TRCH,nan,RVSCIVAA,TRENCH RD X S/S VISUAL INSECTION,VICIVTC05,Do you want to report Trench or crossing?,TRENCH,nan,S-1701271,SRR-23473049,OSBA,TNENHUM,TNE,5,OSBA4,Civil Item
15/01/2024,,1,OSBA4SCARE,OSBA4SCARE,TRCH,nan,RVSCIVAA,TRENCH RD X S/S VISUAL INSECTION,VICIVTC05,Do you want to report Trench or crossing?,TRENCH,nan,S-1701271,SRR-23473052,OSBA,TNENHUM,TNE,5,OSBA4,Civil Item
16/01/2024,1.0,4,HARK2STECH,HARK2STECH,GAN,nan,RVSGANAA,GANTRY S/S VISUAL INSPECTION,VICIVGA01,Do you want to report any condition deterioration of the asset?,YES,nan,S-1703977,SRR-23508491,HARK,TNEBORD,TNE,11,HARK2,Civil Item
16/01/2024,1.0,4,OSBA1STECH,OSBA1STECH,GAN,nan,RVSGANAA,GANTRY S/S VISUAL INSPECTION,VICIVGA01,Do you want to report any condition deterioration of the asset?,YES,nan,S-1704535,SRR-23513656,OSBA,TNENHUM,TNE,11,OSBA1,Civil Item
17/01/2024,1.0,4,HARK1STECH,HARK1STECH,GAN,nan,RVSGANAA,GANTRY S/S VISUAL INSPECTION,VICIVGA01,Do you want to report any condition deterioration of the asset?,YES,nan,S-1711004,SRR-23578948,HARK,TNEBORD,TNE,11,HARK1,Civil Item
22/01/2024,,1,HARK2SCARE,HARK2SCARE,TRCH,nan,RVSCIVAA,TRENCH RD X S/S VISUAL INSECTION,VICIVTC05,Do you want to report Trench or crossing?,TRENCH,nan,S-1719396,SRR-23674408,HARK,TNEBORD,TNE,5,HARK2,Civil Item
22/01/2024,,1,HARK4SCARE,HARK4SCARE,TRCH,nan,RVSCIVAA,TRENCH RD X S/S VISUAL INSECTION,VICIVTC05,Do you want to report Trench or crossing?,TRENCH,nan,S-1719480,SRR-23675163,HARK,TNEBORD,TNE,5,HARK4,Civil Item
22/01/2024,,1,HARK1SCARE,HARK1SCARE,TRCH,nan,RVSCIVAA,TRENCH RD X S/S VISUAL INSECTION,VICIVTC05,Do you want to report Trench or crossing?,TRENCH,nan,S-1719565,SRR-23676000,HARK,TNEBORD,TNE,5,HARK1,Civil Item
22/01/2024,,1,HRKR3SCARE,HRKR3SCARE,TRCH,nan,RVSCIVAA,TRENCH RD X S/S VISUAL INSECTION,VICIVTC05,Do you want to report Trench or crossing?,TRENCH,nan,S-1719598,SRR-23676286,HRKR,TNEBORD,TNE,5,HRKR3,Civil Item
18/01/2024,1.0,4,HARK4STECH,HARK4STECH,GAN,nan,RVSGANAA,GANTRY S/S VISUAL INSPECTION,VICIVGA01,Do you want to report any condition deterioration of the asset?,YES,nan,S-1720831,SRR-23690406,HARK,TNEBORD,TNE,11,HARK4,Civil Item
18/01/2024,,1,HRKR3SCARE,HRKR3SCARE,TRCH,nan,RVSCIVAA,TRENCH RD X S/S VISUAL INSECTION,VICIVTC05,Do you want to report Trench or crossing?,TRENCH,nan,S-1721017,SRR-23691631,HRKR,TNEBORD,TNE,5,HRKR3,Civil Item
22/01/2024,0.0,4,HARK1STECH,HARK1STECH,GAN,nan,RVSGANAA,GANTRY S/S VISUAL INSPECTION,VICIVGA01,Do you want to report any condition deterioration of the asset?,NO,nan,S-1721233,SRR-23694364,HARK,TNEBORD,TNE,11,HARK1,Civil Item
22/01/2024,,1,HARK1SCARE,HARK1SCARE,TRCH,nan,RVSCIVAA,TRENCH RD X S/S VISUAL INSECTION,VICIVTC05,Do you want to report Trench or crossing?,TRENCH,nan,S-1721351,SRR-23696067,HARK,TNEBORD,TNE,5,HARK1,Civil Item
23/01/2024,,1,OSBA1SCARE,OSBA1SCARE,TRCH,nan,RVSCIVAA,TRENCH RD X S/S VISUAL INSECTION,VICIVTC05,Do you want to report Trench or crossing?,TRENCH,nan,S-1727164,SRR-23743788,OSBA,TNENHUM,TNE,5,OSBA1,Civil Item
23/01/2024,,1,OSBA1SCARE,OSBA1SCARE,TRCH,nan,RVSCIVAA,TRENCH RD X S/S VISUAL INSECTION,VICIVTC05,Do you want to report Trench or crossing?,TRENCH,nan,S-1727174,SRR-23743844,OSBA,TNENHUM,TNE,5,OSBA1,Civil Item
23/01/2024,,1,OSBA1SCARE,OSBA1SCARE,TRCH,nan,RVSCIVAA,TRENCH RD X S/S VISUAL INSECTION,VICIVTC05,Do you want to report Trench or crossing?,TRENCH,nan,S-1727184,SRR-23743900,OSBA,TNENHUM,TNE,5,OSBA1,Civil Item
23/01/2024,,1,OSBA1SCARE,OSBA1SCARE,TRCH,nan,RVSCIVAA,TRENCH RD X S/S VISUAL INSECTION,VICIVTC05,Do you want to report Trench or crossing?,TRENCH,nan,S-1727197,SRR-23744012,OSBA,TNENHUM,TNE,5,OSBA1,Civil Item
23/01/2024,,1,OSBA4SCARE,OSBA4SCARE,TRCH,nan,RVSCIVAA,TRENCH RD X S/S VISUAL INSECTION,VICIVTC05,Do you want to report Trench or crossing?,TRENCH,nan,S-1727338,SRR-23745660,OSBA,TNENHUM,TNE,5,OSBA4,Civil Item
23/01/2024,,1,OSBA4SCARE,OSBA4SCARE,TRCH,nan,RVSCIVAA,TRENCH RD X S/S VISUAL INSECTION,VICIVTC05,Do you want to report Trench or crossing?,TRENCH,nan,S-1727353,SRR-23745828,OSBA,TNENHUM,TNE,5,OSBA4,Civil Item
23/01/2024,,1,OSBA4SCARE,OSBA4SCARE,TRCH,nan,RVSCIVAA,TRENCH RD X S/S VISUAL INSECTION,VICIVTC05,Do you want to report Trench or crossing?,TRENCH,nan,S-1727366,SRR-23745952,OSBA,TNENHUM,TNE,5,OSBA4,Civil Item
23/01/2024,,1,HARK2SCARE,HARK2SCARE,TRCH,nan,RVSCIVAA,TRENCH RD X S/S VISUAL INSECTION,VICIVTC05,Do you want to report Trench or crossing?,TRENCH,nan,S-1727735,SRR-23751002,HARK,TNEBORD,TNE,5,HARK2,Civil Item
23/01/2024,,1,HARK2SCARE,HARK2SCARE,TRCH,nan,RVSCIVAA,TRENCH RD X S/S VISUAL INSECTION,VICIVTC05,Do you want to report Trench or crossing?,TRENCH,nan,S-1727749,SRR-23751129,HARK,TNEBORD,TNE,5,HARK2,Civil Item
23/01/2024,,1,HARK4SCARE,HARK4SCARE,TRCH,nan,RVSCIVAA,TRENCH RD X S/S VISUAL INSECTION,VICIVTC05,Do you want to report Trench or crossing?,TRENCH,nan,S-1728285,SRR-23756655,HARK,TNEBORD,TNE,5,HARK4,Civil Item
23/01/2024,,1,HARK4SCARE,HARK4SCARE,TRCH,nan,RVSCIVAA,TRENCH RD X S/S VISUAL INSECTION,VICIVTC05,Do you want to report Trench or crossing?,TRENCH,nan,S-1728356,SRR-23757189,HARK,TNEBORD,TNE,5,HARK4,Civil Item
23/01/2024,,1,HARK1SCARE,HARK1SCARE,TRCH,nan,RVSCIVAA,TRENCH RD X S/S VISUAL INSECTION,VICIVTC05,Do you want to report Trench or crossing?,TRENCH,nan,S-1728875,SRR-23761690,HARK,TNEBORD,TNE,5,HARK1,Civil Item
23/01/2024,,1,HARK1SCARE,HARK1SCARE,TRCH,nan,RVSCIVAA,TRENCH RD X S/S VISUAL INSECTION,VICIVTC05,Do you want to report Trench or crossing?,TRENCH,nan,S-1728899,SRR-23761939,HARK,TNEBORD,TNE,5,HARK1,Civil Item
23/01/2024,,1,HRKR3SCARE,HRKR3SCARE,TRCH,nan,RVSCIVAA,TRENCH RD X S/S VISUAL INSECTION,VICIVTC05,Do you want to report Trench or crossing?,TRENCH,nan,S-1729162,SRR-23764208,HRKR,TNEBORD,TNE,5,HRKR3,Civil Item
23/01/2024,,1,HRKR3SCARE,HRKR3SCARE,TRCH,nan,RVSCIVAA,TRENCH RD X S/S VISUAL INSECTION,VICIVTC05,Do you want to report Trench or crossing?,TRENCH,nan,S-1729222,SRR-23764627,HRKR,TNEBORD,TNE,5,HRKR3,Civil Item
30/01/2024,,1,HARK2SCARE,HARK2SCARE,TRCH,nan,RVSCIVAA,TRENCH RD X S/S VISUAL INSECTION,VICIVTC05,Do you want to report Trench or crossing?,TRENCH,nan,S-1746992,SRR-23969047,HARK,TNEBORD,TNE,5,HARK2,Civil Item
30/01/2024,,1,HARK4SCARE,HARK4SCARE,TRCH,nan,RVSCIVAA,TRENCH RD X S/S VISUAL INSECTION,VICIVTC05,Do you want to report Trench or crossing?,TRENCH,nan,S-1747029,SRR-23969635,HARK,TNEBORD,TNE,5,HARK4,Civil Item
30/01/2024,,1,DINO4SCARE,DINO4SCARE,TRCH,nan,RVSCIVAA,TRENCH RD X S/S VISUAL INSECTION,VICIVTC05,Do you want to report Trench or crossing?,TRENCH,nan,S-1747210,SRR-23971681,DINO,TNWNWAL,TNW,5,DINO4,Civil Item
02/02/2024,,1,DINO4SCARE,DINO4SCARE,TRCH,nan,RVSCIVAA,TRENCH RD X S/S VISUAL INSECTION,VICIVTC05,Do you want to report Trench or crossing?,TRENCH,nan,S-1758385,SRR-24074573,DINO,TNWNWAL,TNW,5,DINO4,Civil Item
02/02/2024,,1,DINO4SCARE,DINO4SCARE,TRCH,nan,RVSCIVAA,TRENCH RD X S/S VISUAL INSECTION,VICIVTC05,Do you want to report Trench or crossing?,TRENCH,nan,S-1758393,SRR-24074627,DINO,TNWNWAL,TNW,5,DINO4,Civil Item
02/02/2024,,1,DINO4SCARE,DINO4SCARE,TRCH,nan,RVSCIVAA,TRENCH RD X S/S VISUAL INSECTION,VICIVTC05,Do you want to report Trench or crossing?,TRENCH,nan,S-1758402,SRR-24074687,DINO,TNWNWAL,TNW,5,DINO4,Civil Item
05/02/2024,0.0,4,MIDL4STECH,MIDL4STECH,GAN,nan,RVSGANAA,GANTRY S/S VISUAL INSPECTION,VICIVGA01,Do you want to report any condition deterioration of the asset?,NO,nan,S-1759464,SRR-24085714,MIDL,TNWLANS,TNW,11,MIDL4,Civil Item
05/02/2024,1.0,4,MIDL4STECH,MIDL4STECH,GAN,nan,RVSGANAA,GANTRY S/S VISUAL INSPECTION,VICIVGA01,Do you want to report any condition deterioration of the asset?,YES,nan,S-1759523,SRR-24086629,MIDL,TNWLANS,TNW,11,MIDL4,Civil Item
05/02/2024,,1,KIBY2SCARE,KIBY2SCARE,TRCH,nan,RVSCIVAA,TRENCH RD X S/S VISUAL INSECTION,VICIVTC05,Do you want to report Trench or crossing?,TRENCH,nan,S-1760038,SRR-24092339,KIBY,TNWMERS,TNW,5,KIBY2,Civil Item
05/02/2024,,1,KIBY2SCARE,KIBY2SCARE,TRCH,nan,RVSCIVAA,TRENCH RD X S/S VISUAL INSECTION,VICIVTC05,Do you want to report Trench or crossing?,TRENCH,nan,S-1760038,SRR-24092342,KIBY,TNWMERS,TNW,5,KIBY2,Civil Item
05/02/2024,,1,MIDL4SCARE,MIDL4SCARE,TRCH,nan,RVSCIVAA,TRENCH RD X S/S VISUAL INSECTION,VICIVTC05,Do you want to report Trench or crossing?,TRENCH,nan,S-1761352,SRR-24108261,MIDL,TNWLANS,TNW,5,MIDL4,Civil Item
05/02/2024,,1,MIDL4SCARE,MIDL4SCARE,TRCH,nan,RVSCIVAA,TRENCH RD X S/S VISUAL INSECTION,VICIVTC05,Do you want to report Trench or crossing?,TRENCH,nan,S-1761360,SRR-24108315,MIDL,TNWLANS,TNW,5,MIDL4,Civil Item
05/02/2024,,1,MIDL4SCARE,MIDL4SCARE,TRCH,nan,RVSCIVAA,TRENCH RD X S/S VISUAL INSECTION,VICIVTC05,Do you want to report Trench or crossing?,TRENCH,nan,S-1761368,SRR-24108369,MIDL,TNWLANS,TNW,5,MIDL4,Civil Item
05/02/2024,,1,MIDL4SCARE,MIDL4SCARE,TRCH,nan,RVSCIVAA,TRENCH RD X S/S VISUAL INSECTION,VICIVTC05,Do you want to report Trench or crossing?,TRENCH,nan,S-1761376,SRR-24108423,MIDL,TNWLANS,TNW,5,MIDL4,Civil Item
06/02/2024,,1,KIBY1BSCARE,KIBY1BSCARE,TRCH,nan,RVSCIVAA,TRENCH RD X S/S VISUAL INSECTION,VICIVTC05,Do you want to report Trench or crossing?,TRENCH,nan,S-1764573,SRR-24136344,KIBY,TNWMERS,TNW,5,KIBY1,Civil Item
06/02/2024,,1,KIBY1SCARE,KIBY1SCARE,TRCH,nan,RVSCIVAA,TRENCH RD X S/S VISUAL INSECTION,VICIVTC05,Do you want to report Trench or crossing?,TRENCH,nan,S-1764586,SRR-24136444,KIBY,TNWMERS,TNW,5,KIBY1,Civil Item
06/02/2024,0.0,4,KIBY2STECH,KIBY2STECH,GAN,nan,RVSGANAA,GANTRY S/S VISUAL INSPECTION,VICIVGA01,Do you want to report any condition deterioration of the asset?,NO,nan,S-1764729,SRR-24137875,KIBY,TNWMERS,TNW,11,KIBY2,Civil Item
06/02/2024,,1,KIBY2SCARE,KIBY2SCARE,TRCH,nan,RVSCIVAA,TRENCH RD X S/S VISUAL INSECTION,VICIVTC05,Do you want to report Trench or crossing?,TRENCH,nan,S-1764732,SRR-24137896,KIBY,TNWMERS,TNW,5,KIBY2,Civil Item
12/02/2024,,1,KIBY2SCARE,KIBY2SCARE,TRCH,nan,RVSCIVAA,TRENCH RD X S/S VISUAL INSECTION,VICIVTC05,Do you want to report Trench or crossing?,TRENCH,nan,S-1776910,SRR-24263948,KIBY,TNWMERS,TNW,5,KIBY2,Civil Item
12/02/2024,,1,KIBY1SCARE,KIBY1SCARE,TRCH,nan,RVSCIVAA,TRENCH RD X S/S VISUAL INSECTION,VICIVTC05,Do you want to report Trench or crossing?,TRENCH,nan,S-1778379,SRR-24275296,KIBY,TNWMERS,TNW,5,KIBY1,Civil Item
12/02/2024,,1,KIBY1SCARE,KIBY1SCARE,TRCH,nan,RVSCIVAA,TRENCH RD X S/S VISUAL INSECTION,VICIVTC05,Do you want to report Trench or crossing?,TRENCH,nan,S-1778387,SRR-24275350,KIBY,TNWMERS,TNW,5,KIBY1,Civil Item
12/02/2024,,1,KIBY1SCARE,KIBY1SCARE,TRCH,nan,RVSCIVAA,TRENCH RD X S/S VISUAL INSECTION,VICIVTC05,Do you want to report Trench or crossing?,TRENCH,nan,S-1778395,SRR-24275404,KIBY,TNWMERS,TNW,5,KIBY1,Civil Item
12/02/2024,,1,KIBY1BSCARE,KIBY1BSCARE,TRCH,nan,RVSCIVAA,TRENCH RD X S/S VISUAL INSECTION,VICIVTC05,Do you want to report Trench or crossing?,TRENCH,nan,S-1778433,SRR-24275703,KIBY,TNWMERS,TNW,5,KIBY1,Civil Item
12/02/2024,,1,KIBY1BSCARE,KIBY1BSCARE,TRCH,nan,RVSCIVAA,TRENCH RD X S/S VISUAL INSECTION,VICIVTC05,Do you want to report Trench or crossing?,TRENCH,nan,S-1778441,SRR-24275757,KIBY,TNWMERS,TNW,5,KIBY1,Civil Item
12/02/2024,,1,KIBY1BSCARE,KIBY1BSCARE,TRCH,nan,RVSCIVAA,TRENCH RD X S/S VISUAL INSECTION,VICIVTC05,Do you want to report Trench or crossing?,TRENCH,nan,S-1778449,SRR-24275811,KIBY,TNWMERS,TNW,5,KIBY1,Civil Item
20/02/2024,0.0,4,NURS4STECH,NURS4STECH,GAN,nan,RVSGANAA,GANTRY S/S VISUAL INSPECTION,VICIVGA01,Do you want to report any condition deterioration of the asset?,NO,nan,S-1792744,SRR-24495476,NURS,TSESOLT,TSE,11,NURS4,Civil Item
26/02/2024,,1,NURS1SCARE,NURS1SCARE,TRCH,nan,RVSCIVAA,TRENCH RD X S/S VISUAL INSECTION,VICIVTC05,Do you want to report Trench or crossing?,TRENCH,nan,S-1803749,SRR-24636175,NURS,TSESOLT,TSE,5,NURS1,Civil Item
26/02/2024,0.0,4,NURS1STECH,NURS1STECH,GAN,nan,RVSGANAA,GANTRY S/S VISUAL INSPECTION,VICIVGA01,Do you want to report any condition deterioration of the asset?,NO,nan,S-1803751,SRR-24636199,NURS,TSESOLT,TSE,11,NURS1,Civil Item
26/02/2024,,1,NURS4SCARE,NURS4SCARE,TRCH,nan,RVSCIVAA,TRENCH RD X S/S VISUAL INSECTION,VICIVTC05,Do you want to report Trench or crossing?,TRENCH,nan,S-1803760,SRR-24636424,NURS,TSESOLT,TSE,5,NURS4,Civil Item
27/02/2024,1.0,4,KEMS4STECH,KEMS4STECH,GAN,nan,RVSGANAA,GANTRY S/S VISUAL INSPECTION,VICIVGA01,Do you want to report any condition deterioration of the asset?,YES,nan,S-1811543,SRR-24705011,KEMS,TSENOKT,TSE,11,KEMS4,Civil Item
27/02/2024,,1,KEMS4SCARE,KEMS4SCARE,TRCH,nan,RVSCIVAA,TRENCH RD X S/S VISUAL INSECTION,VICIVTC05,Do you want to report Trench or crossing?,TRENCH,nan,S-1812117,SRR-24709048,KEMS,TSENOKT,TSE,5,KEMS4,Civil Item
27/02/2024,,1,KEMS4SCARE,KEMS4SCARE,TRCH,nan,RVSCIVAA,TRENCH RD X S/S VISUAL INSECTION,VICIVTC05,Do you want to report Trench or crossing?,VEHICLE CROSSING,nan,S-1812117,SRR-24709051,KEMS,TSENOKT,TSE,5,KEMS4,Civil Item
27/02/2024,,1,KEMS4SCARE,KEMS4SCARE,TRCH,nan,RVSCIVAA,TRENCH RD X S/S VISUAL INSECTION,VICIVTC05,Do you want to report Trench or crossing?,TRENCH,nan,S-1812117,SRR-24709054,KEMS,TSENOKT,TSE,5,KEMS4,Civil Item
27/02/2024,,1,KEMS4SCARE,KEMS4SCARE,TRCH,nan,RVSCIVAA,TRENCH RD X S/S VISUAL INSECTION,VICIVTC05,Do you want to report Trench or crossing?,TRENCH,nan,S-1812117,SRR-24709057,KEMS,TSENOKT,TSE,5,KEMS4,Civil Item
27/02/2024,,1,NURS1SCARE,NURS1SCARE,TRCH,nan,RVSCIVAA,TRENCH RD X S/S VISUAL INSECTION,VICIVTC05,Do you want to report Trench or crossing?,TRENCH,nan,S-1812765,SRR-24717693,NURS,TSESOLT,TSE,5,NURS1,Civil Item
27/02/2024,,1,NURS1SCARE,NURS1SCARE,TRCH,nan,RVSCIVAA,TRENCH RD X S/S VISUAL INSECTION,VICIVTC05,Do you want to report Trench or crossing?,TRENCH,nan,S-1812773,SRR-24717747,NURS,TSESOLT,TSE,5,NURS1,Civil Item
27/02/2024,,1,NURS1SCARE,NURS1SCARE,TRCH,nan,RVSCIVAA,TRENCH RD X S/S VISUAL INSECTION,VICIVTC05,Do you want to report Trench or crossing?,TRENCH,nan,S-1812781,SRR-24717801,NURS,TSESOLT,TSE,5,NURS1,Civil Item
27/02/2024,,1,NURS4SCARE,NURS4SCARE,TRCH,nan,RVSCIVAA,TRENCH RD X S/S VISUAL INSECTION,VICIVTC05,Do you want to report Trench or crossing?,TRENCH,nan,S-1812899,SRR-24718803,NURS,TSESOLT,TSE,5,NURS4,Civil Item
27/02/2024,,1,NURS4SCARE,NURS4SCARE,TRCH,nan,RVSCIVAA,TRENCH RD X S/S VISUAL INSECTION,VICIVTC05,Do you want to report Trench or crossing?,TRENCH,nan,S-1812907,SRR-24718857,NURS,TSESOLT,TSE,5,NURS4,Civil Item
27/02/2024,,1,NURS4SCARE,NURS4SCARE,TRCH,nan,RVSCIVAA,TRENCH RD X S/S VISUAL INSECTION,VICIVTC05,Do you want to report Trench or crossing?,TRENCH,nan,S-1812915,SRR-24718911,NURS,TSESOLT,TSE,5,NURS4,Civil Item
27/02/2024,,1,RICH1SCARE,RICH1SCARE,TRCH,nan,RVSCIVAA,TRENCH RD X S/S VISUAL INSECTION,VICIVTC05,Do you want to report Trench or crossing?,TRENCH,nan,S-1813004,SRR-24719605,RICH,TSEEAKT,TSE,5,RICH1,Civil Item
27/02/2024,,1,RICH1SCARE,RICH1SCARE,TRCH,nan,RVSCIVAA,TRENCH RD X S/S VISUAL INSECTION,VICIVTC05,Do you want to report Trench or crossing?,TRENCH,nan,S-1813012,SRR-24719659,RICH,TSEEAKT,TSE,5,RICH1,Civil Item
27/02/2024,,1,RICH1SCARE,RICH1SCARE,TRCH,nan,RVSCIVAA,TRENCH RD X S/S VISUAL INSECTION,VICIVTC05,Do you want to report Trench or crossing?,TRENCH,nan,S-1813020,SRR-24719713,RICH,TSEEAKT,TSE,5,RICH1,Civil Item
27/02/2024,,1,RICH1SCARE,RICH1SCARE,TRCH,nan,RVSCIVAA,TRENCH RD X S/S VISUAL INSECTION,VICIVTC05,Do you want to report Trench or crossing?,TRENCH,nan,S-1813028,SRR-24719767,RICH,TSEEAKT,TSE,5,RICH1,Civil Item
27/02/2024,,1,RICH4SCARE,RICH4SCARE,TRCH,nan,RVSCIVAA,TRENCH RD X S/S VISUAL INSECTION,VICIVTC05,Do you want to report Trench or crossing?,TRENCH,nan,S-1813145,SRR-24720725,RICH,TSEEAKT,TSE,5,RICH4,Civil Item
27/02/2024,,1,RICH4SCARE,RICH4SCARE,TRCH,nan,RVSCIVAA,TRENCH RD X S/S VISUAL INSECTION,VICIVTC05,Do you want to report Trench or crossing?,TRENCH,nan,S-1813153,SRR-24720779,RICH,TSEEAKT,TSE,5,RICH4,Civil Item
27/02/2024,,1,RICH4SCARE,RICH4SCARE,TRCH,nan,RVSCIVAA,TRENCH RD X S/S VISUAL INSECTION,VICIVTC05,Do you want to report Trench or crossing?,TRENCH,nan,S-1813161,SRR-24720833,RICH,TSEEAKT,TSE,5,RICH4,Civil Item
27/02/2024,,1,RICH4SCARE,RICH4SCARE,TRCH,nan,RVSCIVAA,TRENCH RD X S/S VISUAL INSECTION,VICIVTC05,Do you want to report Trench or crossing?,TRENCH,nan,S-1813169,SRR-24720887,RICH,TSEEAKT,TSE,5,RICH4,Civil Item
01/03/2024,1.0,4,PEWO2STECH,PEWO2STECH,GAN,nan,RVSGANAA,GANTRY S/S VISUAL INSPECTION,VICIVGA01,Do you want to report any condition deterioration of the asset?,YES,nan,S-1823969,SRR-24831794,PEWO,TNWLANS,TNW,11,PEWO2,Civil Item
01/03/2024,,1,PEWO2SCARE,PEWO2SCARE,TRCH,nan,RVSCIVAA,TRENCH RD X S/S VISUAL INSECTION,VICIVTC05,Do you want to report Trench or crossing?,TRENCH,nan,S-1824469,SRR-24835590,PEWO,TNWLANS,TNW,5,PEWO2,Civil Item
01/03/2024,,1,PEWO2SCARE,PEWO2SCARE,TRCH,nan,RVSCIVAA,TRENCH RD X S/S VISUAL INSECTION,VICIVTC05,Do you want to report Trench or crossing?,TRENCH,nan,S-1824469,SRR-24835593,PEWO,TNWLANS,TNW,5,PEWO2,Civil Item
01/03/2024,,1,PEWO2SCARE,PEWO2SCARE,TRCH,nan,RVSCIVAA,TRENCH RD X S/S VISUAL INSECTION,VICIVTC05,Do you want to report Trench or crossing?,TRENCH,nan,S-1824469,SRR-24835596,PEWO,TNWLANS,TNW,5,PEWO2,Civil Item
01/03/2024,,1,PEWO2SCARE,PEWO2SCARE,TRCH,nan,RVSCIVAA,TRENCH RD X S/S VISUAL INSECTION,VICIVTC05,Do you want to report Trench or crossing?,TRENCH,nan,S-1824469,SRR-24835599,PEWO,TNWLANS,TNW,5,PEWO2,Civil Item
04/03/2024,1.0,4,BRED2STECH,BRED2STECH,GAN,nan,RVSGANAA,GANTRY S/S VISUAL INSPECTION,VICIVGA01,Do you want to report any condition deterioration of the asset?,YES,nan,S-1832079,SRR-24878630,BRED,TNWMANS,TNW,11,BRED2,Civil Item
04/03/2024,,1,BRED2SCARE,BRED2SCARE,TRCH,nan,RVSCIVAA,TRENCH RD X S/S VISUAL INSECTION,VICIVTC05,Do you want to report Trench or crossing?,TRENCH,nan,S-1832230,SRR-24881190,BRED,TNWMANS,TNW,5,BRED2,Civil Item
04/03/2024,,1,BRED2SCARE,BRED2SCARE,TRCH,nan,RVSCIVAA,TRENCH RD X S/S VISUAL INSECTION,VICIVTC05,Do you want to report Trench or crossing?,TRENCH,nan,S-1832230,SRR-24881193,BRED,TNWMANS,TNW,5,BRED2,Civil Item
04/03/2024,,1,BRED2SCARE,BRED2SCARE,TRCH,nan,RVSCIVAA,TRENCH RD X S/S VISUAL INSECTION,VICIVTC05,Do you want to report Trench or crossing?,TRENCH,nan,S-1832230,SRR-24881196,BRED,TNWMANS,TNW,5,BRED2,Civil Item
04/03/2024,,1,BRED2SCARE,BRED2SCARE,TRCH,nan,RVSCIVAA,TRENCH RD X S/S VISUAL INSECTION,VICIVTC05,Do you want to report Trench or crossing?,TRENCH,nan,S-1832230,SRR-24881199,BRED,TNWMANS,TNW,5,BRED2,Civil Item
04/03/2024,,1,PEWO4SCARE,PEWO4SCARE,TRCH,nan,RVSCIVAA,TRENCH RD X S/S VISUAL INSECTION,VICIVTC05,Do you want to report Trench or crossing?,TRENCH,nan,S-1832259,SRR-24881894,PEWO,TNWLANS,TNW,5,PEWO4,Civil Item
04/03/2024,,1,PEWO4SCARE,PEWO4SCARE,TRCH,nan,RVSCIVAA,TRENCH RD X S/S VISUAL INSECTION,VICIVTC05,Do you want to report Trench or crossing?,TRENCH,nan,S-1832259,SRR-24881897,PEWO,TNWLANS,TNW,5,PEWO4,Civil Item
04/03/2024,,1,PEWO4SCARE,PEWO4SCARE,TRCH,nan,RVSCIVAA,TRENCH RD X S/S VISUAL INSECTION,VICIVTC05,Do you want to report Trench or crossing?,TRENCH,nan,S-1832259,SRR-24881900,PEWO,TNWLANS,TNW,5,PEWO4,Civil Item
04/03/2024,,1,PEWO4SCARE,PEWO4SCARE,TRCH,nan,RVSCIVAA,TRENCH RD X S/S VISUAL INSECTION,VICIVTC05,Do you want to report Trench or crossing?,TRENCH,nan,S-1832259,SRR-24881903,PEWO,TNWLANS,TNW,5,PEWO4,Civil Item
04/03/2024,,1,PEWO4SCARE,PEWO4SCARE,TRCH,nan,RVSCIVAA,TRENCH RD X S/S VISUAL INSECTION,VICIVTC05,Do you want to report Trench or crossing?,TRENCH,nan,S-1832259,SRR-24881906,PEWO,TNWLANS,TNW,5,PEWO4,Civil Item
04/03/2024,,1,PEWO4SCARE,PEWO4SCARE,TRCH,nan,RVSCIVAA,TRENCH RD X S/S VISUAL INSECTION,VICIVTC05,Do you want to report Trench or crossing?,TRENCH,nan,S-1832259,SRR-24881909,PEWO,TNWLANS,TNW,5,PEWO4,Civil Item
04/03/2024,,1,PEWO4SCARE,PEWO4SCARE,TRCH,nan,RVSCIVAA,TRENCH RD X S/S VISUAL INSECTION,VICIVTC05,Do you want to report Trench or crossing?,TRENCH,nan,S-1832259,SRR-24881912,PEWO,TNWLANS,TNW,5,PEWO4,Civil Item
04/03/2024,,1,PEWO4SCARE,PEWO4SCARE,TRCH,nan,RVSCIVAA,TRENCH RD X S/S VISUAL INSECTION,VICIVTC05,Do you want to report Trench or crossing?,TRENCH,nan,S-1832259,SRR-24881915,PEWO,TNWLANS,TNW,5,PEWO4,Civil Item
04/03/2024,,1,PEWO4SCARE,PEWO4SCARE,TRCH,nan,RVSCIVAA,TRENCH RD X S/S VISUAL INSECTION,VICIVTC05,Do you want to report Trench or crossing?,TRENCH,nan,S-1832259,SRR-24881918,PEWO,TNWLANS,TNW,5,PEWO4,Civil Item
04/03/2024,,1,PEWO4SCARE,PEWO4SCARE,TRCH,nan,RVSCIVAA,TRENCH RD X S/S VISUAL INSECTION,VICIVTC05,Do you want to report Trench or crossing?,TRENCH,nan,S-1832259,SRR-24881921,PEWO,TNWLANS,TNW,5,PEWO4,Civil Item
04/03/2024,,1,PEWO4SCARE,PEWO4SCARE,TRCH,nan,RVSCIVAA,TRENCH RD X S/S VISUAL INSECTION,VICIVTC05,Do you want to report Trench or crossing?,TRENCH,nan,S-1832259,SRR-24881924,PEWO,TNWLANS,TNW,5,PEWO4,Civil Item
04/03/2024,,1,PEWO4SCARE,PEWO4SCARE,TRCH,nan,RVSCIVAA,TRENCH RD X S/S VISUAL INSECTION,VICIVTC05,Do you want to report Trench or crossing?,TRENCH,nan,S-1832259,SRR-24881927,PEWO,TNWLANS,TNW,5,PEWO4,Civil Item
04/03/2024,,1,PEWO4SCARE,PEWO4SCARE,TRCH,nan,RVSCIVAA,TRENCH RD X S/S VISUAL INSECTION,VICIVTC05,Do you want to report Trench or crossing?,TRENCH,nan,S-1832259,SRR-24881930,PEWO,TNWLANS,TNW,5,PEWO4,Civil Item
04/03/2024,,1,PEWO4SCARE,PEWO4SCARE,TRCH,nan,RVSCIVAA,TRENCH RD X S/S VISUAL INSECTION,VICIVTC05,Do you want to report Trench or crossing?,TRENCH,nan,S-1832259,SRR-24881933,PEWO,TNWLANS,TNW,5,PEWO4,Civil Item
04/03/2024,,1,PEWO4SCARE,PEWO4SCARE,TRCH,nan,RVSCIVAA,TRENCH RD X S/S VISUAL INSECTION,VICIVTC05,Do you want to report Trench or crossing?,TRENCH,nan,S-1832259,SRR-24881936,PEWO,TNWLANS,TNW,5,PEWO4,Civil Item
04/03/2024,1.0,4,PEWO4STECH,PEWO4STECH,GAN,nan,RVSGANAA,GANTRY S/S VISUAL INSPECTION,VICIVGA01,Do you want to report any condition deterioration of the asset?,YES,nan,S-1832735,SRR-24887322,PEWO,TNWLANS,TNW,11,PEWO4,Civil Item
04/03/2024,,1,PEWO4SCARE,PEWO4SCARE,TRCH,nan,RVSCIVAA,TRENCH RD X S/S VISUAL INSECTION,VICIVTC05,Do you want to report Trench or crossing?,TRENCH,nan,S-1832812,SRR-24887724,PEWO,TNWLANS,TNW,5,PEWO4,Civil Item
04/03/2024,,1,KEMS4SCARE,KEMS4SCARE,TRCH,nan,RVSCIVAA,TRENCH RD X S/S VISUAL INSECTION,VICIVTC05,Do you want to report Trench or crossing?,TRENCH,nan,S-1833067,SRR-24889790,KEMS,TSENOKT,TSE,5,KEMS4,Civil Item
04/03/2024,,1,KEMS4SCARE,KEMS4SCARE,TRCH,nan,RVSCIVAA,TRENCH RD X S/S VISUAL INSECTION,VICIVTC05,Do you want to report Trench or crossing?,TRENCH,nan,S-1833077,SRR-24889859,KEMS,TSENOKT,TSE,5,KEMS4,Civil Item
04/03/2024,,1,KEMS4SCARE,KEMS4SCARE,TRCH,nan,RVSCIVAA,TRENCH RD X S/S VISUAL INSECTION,VICIVTC05,Do you want to report Trench or crossing?,TRENCH,nan,S-1833089,SRR-24889931,KEMS,TSENOKT,TSE,5,KEMS4,Civil Item
04/03/2024,0.0,4,KEMS1STECH,KEMS1STECH,GAN,nan,RVSGANAA,GANTRY S/S VISUAL INSPECTION,VICIVGA01,Do you want to report any condition deterioration of the asset?,NO,nan,S-1833201,SRR-24890737,KEMS,TSENOKT,TSE,11,KEMS1,Civil Item
04/03/2024,,1,KEMS1SCARE,KEMS1SCARE,TRCH,nan,RVSCIVAA,TRENCH RD X S/S VISUAL INSECTION,VICIVTC05,Do you want to report Trench or crossing?,TRENCH,nan,S-1833231,SRR-24890920,KEMS,TSENOKT,TSE,5,KEMS1,Civil Item
04/03/2024,,1,KEMS1SCARE,KEMS1SCARE,TRCH,nan,RVSCIVAA,TRENCH RD X S/S VISUAL INSECTION,VICIVTC05,Do you want to report Trench or crossing?,TRENCH,nan,S-1833248,SRR-24891319,KEMS,TSENOKT,TSE,5,KEMS1,Civil Item
04/03/2024,,1,KEMS1SCARE,KEMS1SCARE,TRCH,nan,RVSCIVAA,TRENCH RD X S/S VISUAL INSECTION,VICIVTC05,Do you want to report Trench or crossing?,TRENCH,nan,S-1833260,SRR-24891514,KEMS,TSENOKT,TSE,5,KEMS1,Civil Item
04/03/2024,,1,KEMS1SCARE,KEMS1SCARE,TRCH,nan,RVSCIVAA,TRENCH RD X S/S VISUAL INSECTION,VICIVTC05,Do you want to report Trench or crossing?,TRENCH,nan,S-1833270,SRR-24891642,KEMS,TSENOKT,TSE,5,KEMS1,Civil Item
04/03/2024,0.0,4,PEWO2STECH,PEWO2STECH,GAN,nan,RVSGANAA,GANTRY S/S VISUAL INSPECTION,VICIVGA01,Do you want to report any condition deterioration of the asset?,NO,nan,S-1834283,SRR-24903322,PEWO,TNWLANS,TNW,11,PEWO2,Civil Item
04/03/2024,,1,PEWO2SCARE,PEWO2SCARE,TRCH,nan,RVSCIVAA,TRENCH RD X S/S VISUAL INSECTION,VICIVTC05,Do you want to report Trench or crossing?,TRENCH,nan,S-1834323,SRR-24903746,PEWO,TNWLANS,TNW,5,PEWO2,Civil Item
04/03/2024,,1,PEWO2SCARE,PEWO2SCARE,TRCH,nan,RVSCIVAA,TRENCH RD X S/S VISUAL INSECTION,VICIVTC05,Do you want to report Trench or crossing?,TRENCH,nan,S-1834333,SRR-24903875,PEWO,TNWLANS,TNW,5,PEWO2,Civil Item
04/03/2024,,1,PEWO2SCARE,PEWO2SCARE,TRCH,nan,RVSCIVAA,TRENCH RD X S/S VISUAL INSECTION,VICIVTC05,Do you want to report Trench or crossing?,TRENCH,nan,S-1834342,SRR-24903966,PEWO,TNWLANS,TNW,5,PEWO2,Civil Item
04/03/2024,,1,PENE1GSCARE,PENE1GSCARE,TRCH,nan,RVSCIVAA,TRENCH RD X S/S VISUAL INSECTION,VICIVTC05,Do you want to report Trench or crossing?,TRENCH,nan,S-1834353,SRR-24904139,PENE,TNWLANS,TNW,5,PENE1,Civil Item
04/03/2024,,1,PEWO4SCARE,PEWO4SCARE,TRCH,nan,RVSCIVAA,TRENCH RD X S/S VISUAL INSECTION,VICIVTC05,Do you want to report Trench or crossing?,TRENCH,nan,S-1834369,SRR-24904331,PEWO,TNWLANS,TNW,5,PEWO4,Civil Item
04/03/2024,,1,PEWO4SCARE,PEWO4SCARE,TRCH,nan,RVSCIVAA,TRENCH RD X S/S VISUAL INSECTION,VICIVTC05,Do you want to report Trench or crossing?,TRENCH,nan,S-1834378,SRR-24904423,PEWO,TNWLANS,TNW,5,PEWO4,Civil Item
04/03/2024,,1,PENE1GSCARE,PENE1GSCARE,TRCH,nan,RVSCIVAA,TRENCH RD X S/S VISUAL INSECTION,VICIVTC05,Do you want to report Trench or crossing?,TRENCH,nan,S-1834408,SRR-24904665,PENE,TNWLANS,TNW,5,PENE1,Civil Item
04/03/2024,,1,PENE1GSCARE,PENE1GSCARE,TRCH,nan,RVSCIVAA,TRENCH RD X S/S VISUAL INSECTION,VICIVTC05,Do you want to report Trench or crossing?,TRENCH,nan,S-1834416,SRR-24904719,PENE,TNWLANS,TNW,5,PENE1,Civil Item
04/03/2024,,1,PENE1GSCARE,PENE1GSCARE,TRCH,nan,RVSCIVAA,TRENCH RD X S/S VISUAL INSECTION,VICIVTC05,Do you want to report Trench or crossing?,TRENCH,nan,S-1834425,SRR-24904798,PENE,TNWLANS,TNW,5,PENE1,Civil Item
04/03/2024,,1,BRED2SCARE,BRED2SCARE,TRCH,nan,RVSCIVAA,TRENCH RD X S/S VISUAL INSECTION,VICIVTC05,Do you want to report Trench or crossing?,TRENCH,nan,S-1835075,SRR-24914807,BRED,TNWMANS,TNW,5,BRED2,Civil Item
04/03/2024,,1,BRED1SCARE,BRED1SCARE,TRCH,nan,RVSCIVAA,TRENCH RD X S/S VISUAL INSECTION,VICIVTC05,Do you want to report Trench or crossing?,TRENCH,nan,S-1835081,SRR-24914908,BRED,TNWMANS,TNW,5,BRED1,Civil Item
04/03/2024,1.0,4,BRED2STECH,BRED2STECH,GAN,nan,RVSGANAA,GANTRY S/S VISUAL INSPECTION,VICIVGA01,Do you want to report any condition deterioration of the asset?,YES,nan,S-1835095,SRR-24915175,BRED,TNWMANS,TNW,11,BRED2,Civil Item
06/03/2024,,1,BRED2SCARE,BRED2SCARE,TRCH,nan,RVSCIVAA,TRENCH RD X S/S VISUAL INSECTION,VICIVTC05,Do you want to report Trench or crossing?,TRENCH,nan,S-1840293,SRR-24989728,BRED,TNWMANS,TNW,5,BRED2,Civil Item
06/03/2024,,1,BRED2SCARE,BRED2SCARE,TRCH,nan,RVSCIVAA,TRENCH RD X S/S VISUAL INSECTION,VICIVTC05,Do you want to report Trench or crossing?,TRENCH,nan,S-1840301,SRR-24989782,BRED,TNWMANS,TNW,5,BRED2,Civil Item
06/03/2024,,1,BRED1SCARE,BRED1SCARE,TRCH,nan,RVSCIVAA,TRENCH RD X S/S VISUAL INSECTION,VICIVTC05,Do you want to report Trench or crossing?,TRENCH,nan,S-1840446,SRR-24990919,BRED,TNWMANS,TNW,5,BRED1,Civil Item
06/03/2024,,1,BRED1SCARE,BRED1SCARE,TRCH,nan,RVSCIVAA,TRENCH RD X S/S VISUAL INSECTION,VICIVTC05,Do you want to report Trench or crossing?,TRENCH,nan,S-1840454,SRR-24990973,BRED,TNWMANS,TNW,5,BRED1,Civil Item
06/03/2024,,1,BRED1SCARE,BRED1SCARE,TRCH,nan,RVSCIVAA,TRENCH RD X S/S VISUAL INSECTION,VICIVTC05,Do you want to report Trench or crossing?,TRENCH,nan,S-1840462,SRR-24991027,BRED,TNWMANS,TNW,5,BRED1,Civil Item
11/03/2024,1.0,4,MANN1STECH,MANN1STECH,GAN,nan,RVSGANAA,GANTRY S/S VISUAL INSPECTION,VICIVGA01,Do you want to report any condition deterioration of the asset?,YES,nan,S-1845716,SRR-25056946,MANN,TSESOLT,TSE,11,MANN1,Civil Item
11/03/2024,0.0,4,MANN1STECH,MANN1STECH,GAN,nan,RVSGANAA,GANTRY S/S VISUAL INSPECTION,VICIVGA01,Do you want to report any condition deterioration of the asset?,NO,nan,S-1845829,SRR-25057930,MANN,TSESOLT,TSE,11,MANN1,Civil Item
11/03/2024,,1,MANN4SCARE,MANN4SCARE,TRCH,nan,RVSCIVAA,TRENCH RD X S/S VISUAL INSECTION,VICIVTC05,Do you want to report Trench or crossing?,TRENCH,nan,S-1847095,SRR-25070469,MANN,TSESOLT,TSE,5,MANN4,Civil Item
11/03/2024,,1,MANN4SCARE,MANN4SCARE,TRCH,nan,RVSCIVAA,TRENCH RD X S/S VISUAL INSECTION,VICIVTC05,Do you want to report Trench or crossing?,TRENCH,nan,S-1847095,SRR-25070472,MANN,TSESOLT,TSE,5,MANN4,Civil Item
11/03/2024,,1,MANN4SCARE,MANN4SCARE,TRCH,nan,RVSCIVAA,TRENCH RD X S/S VISUAL INSECTION,VICIVTC05,Do you want to report Trench or crossing?,TRENCH,nan,S-1847095,SRR-25070475,MANN,TSESOLT,TSE,5,MANN4,Civil Item
11/03/2024,,1,MANN4SCARE,MANN4SCARE,TRCH,nan,RVSCIVAA,TRENCH RD X S/S VISUAL INSECTION,VICIVTC05,Do you want to report Trench or crossing?,TRENCH,nan,S-1847095,SRR-25070478,MANN,TSESOLT,TSE,5,MANN4,Civil Item
11/03/2024,,1,MANN4SCARE,MANN4SCARE,TRCH,nan,RVSCIVAA,TRENCH RD X S/S VISUAL INSECTION,VICIVTC05,Do you want to report Trench or crossing?,TRENCH,nan,S-1847095,SRR-25070481,MANN,TSESOLT,TSE,5,MANN4,Civil Item
11/03/2024,,1,MANN4SCARE,MANN4SCARE,TRCH,nan,RVSCIVAA,TRENCH RD X S/S VISUAL INSECTION,VICIVTC05,Do you want to report Trench or crossing?,TRENCH,nan,S-1847095,SRR-25070484,MANN,TSESOLT,TSE,5,MANN4,Civil Item
11/03/2024,,1,MANN4SCARE,MANN4SCARE,TRCH,nan,RVSCIVAA,TRENCH RD X S/S VISUAL INSECTION,VICIVTC05,Do you want to report Trench or crossing?,TRENCH,nan,S-1847095,SRR-25070487,MANN,TSESOLT,TSE,5,MANN4,Civil Item
11/03/2024,,1,MANN4SCARE,MANN4SCARE,TRCH,nan,RVSCIVAA,TRENCH RD X S/S VISUAL INSECTION,VICIVTC05,Do you want to report Trench or crossing?,TRENCH,nan,S-1847095,SRR-25070490,MANN,TSESOLT,TSE,5,MANN4,Civil Item
11/03/2024,,1,MANN4SCARE,MANN4SCARE,TRCH,nan,RVSCIVAA,TRENCH RD X S/S VISUAL INSECTION,VICIVTC05,Do you want to report Trench or crossing?,TRENCH,nan,S-1847095,SRR-25070493,MANN,TSESOLT,TSE,5,MANN4,Civil Item
11/03/2024,,1,MANN4SCARE,MANN4SCARE,TRCH,nan,RVSCIVAA,TRENCH RD X S/S VISUAL INSECTION,VICIVTC05,Do you want to report Trench or crossing?,TRENCH,nan,S-1847095,SRR-25070496,MANN,TSESOLT,TSE,5,MANN4,Civil Item
11/03/2024,,1,MANN4SCARE,MANN4SCARE,TRCH,nan,RVSCIVAA,TRENCH RD X S/S VISUAL INSECTION,VICIVTC05,Do you want to report Trench or crossing?,TRENCH,nan,S-1847095,SRR-25070499,MANN,TSESOLT,TSE,5,MANN4,Civil Item
11/03/2024,,1,MANN4SCARE,MANN4SCARE,TRCH,nan,RVSCIVAA,TRENCH RD X S/S VISUAL INSECTION,VICIVTC05,Do you want to report Trench or crossing?,TRENCH,nan,S-1847095,SRR-25070502,MANN,TSESOLT,TSE,5,MANN4,Civil Item
11/03/2024,,1,MANN4SCARE,MANN4SCARE,TRCH,nan,RVSCIVAA,TRENCH RD X S/S VISUAL INSECTION,VICIVTC05,Do you want to report Trench or crossing?,TRENCH,nan,S-1847095,SRR-25070505,MANN,TSESOLT,TSE,5,MANN4,Civil Item
11/03/2024,,1,MANN4SCARE,MANN4SCARE,TRCH,nan,RVSCIVAA,TRENCH RD X S/S VISUAL INSECTION,VICIVTC05,Do you want to report Trench or crossing?,TRENCH,nan,S-1847095,SRR-25070508,MANN,TSESOLT,TSE,5,MANN4,Civil Item
11/03/2024,,1,MANN4SCARE,MANN4SCARE,TRCH,nan,RVSCIVAA,TRENCH RD X S/S VISUAL INSECTION,VICIVTC05,Do you want to report Trench or crossing?,TRENCH,nan,S-1847095,SRR-25070511,MANN,TSESOLT,TSE,5,MANN4,Civil Item
11/03/2024,1.0,4,MANN4STECH,MANN4STECH,GAN,nan,RVSGANAA,GANTRY S/S VISUAL INSPECTION,VICIVGA01,Do you want to report any condition deterioration of the asset?,YES,nan,S-1847292,SRR-25072701,MANN,TSESOLT,TSE,11,MANN4,Civil Item
12/03/2024,,1,MANN4BSCARE,MANN4BSCARE,TRCH,nan,RVSCIVAA,TRENCH RD X S/S VISUAL INSECTION,VICIVTC05,Do you want to report Trench or crossing?,TRENCH,nan,S-1849662,SRR-25100572,MANN,TSESOLT,TSE,5,MANN4,Civil Item
12/03/2024,0.0,4,MANN4BSTECH,MANN4BSTECH,GAN,nan,RVSGANAA,GANTRY S/S VISUAL INSPECTION,VICIVGA01,Do you want to report any condition deterioration of the asset?,NO,nan,S-1849676,SRR-25100621,MANN,TSESOLT,TSE,11,MANN4,Civil Item
14/03/2024,,1,MANN4BSCARE,MANN4BSCARE,TRCH,nan,RVSCIVAA,TRENCH RD X S/S VISUAL INSECTION,VICIVTC05,Do you want to report Trench or crossing?,TRENCH,nan,S-1858139,SRR-25183590,MANN,TSESOLT,TSE,5,MANN4,Civil Item
14/03/2024,,1,MANN4BSCARE,MANN4BSCARE,TRCH,nan,RVSCIVAA,TRENCH RD X S/S VISUAL INSECTION,VICIVTC05,Do you want to report Trench or crossing?,TRENCH,nan,S-1858148,SRR-25183688,MANN,TSESOLT,TSE,5,MANN4,Civil Item
14/03/2024,,1,MANN4BSCARE,MANN4BSCARE,TRCH,nan,RVSCIVAA,TRENCH RD X S/S VISUAL INSECTION,VICIVTC05,Do you want to report Trench or crossing?,TRENCH,nan,S-1858164,SRR-25183767,MANN,TSESOLT,TSE,5,MANN4,Civil Item
14/03/2024,,1,MANN4SCARE,MANN4SCARE,TRCH,nan,RVSCIVAA,TRENCH RD X S/S VISUAL INSECTION,VICIVTC05,Do you want to report Trench or crossing?,TRENCH,nan,S-1858393,SRR-25185737,MANN,TSESOLT,TSE,5,MANN4,Civil Item
14/03/2024,,1,MANN4SCARE,MANN4SCARE,TRCH,nan,RVSCIVAA,TRENCH RD X S/S VISUAL INSECTION,VICIVTC05,Do you want to report Trench or crossing?,TRENCH,nan,S-1858406,SRR-25185938,MANN,TSESOLT,TSE,5,MANN4,Civil Item
14/03/2024,,1,MANN4SCARE,MANN4SCARE,TRCH,nan,RVSCIVAA,TRENCH RD X S/S VISUAL INSECTION,VICIVTC05,Do you want to report Trench or crossing?,TRENCH,nan,S-1858415,SRR-25185998,MANN,TSESOLT,TSE,5,MANN4,Civil Item
14/03/2024,,1,ECLA4SCARE,ECLA4SCARE,TRCH,nan,RVSCIVAA,TRENCH RD X S/S VISUAL INSECTION,VICIVTC05,Do you want to report Trench or crossing?,TRENCH,nan,S-1858592,SRR-25188117,ECLA,TSWCHIL,TSW,5,ECLA4,Civil Item
14/03/2024,,1,ECLA4SCARE,ECLA4SCARE,TRCH,nan,RVSCIVAA,TRENCH RD X S/S VISUAL INSECTION,VICIVTC05,Do you want to report Trench or crossing?,TRENCH,nan,S-1858634,SRR-25188297,ECLA,TSWCHIL,TSW,5,ECLA4,Civil Item
14/03/2024,,1,ECLA4SCARE,ECLA4SCARE,TRCH,nan,RVSCIVAA,TRENCH RD X S/S VISUAL INSECTION,VICIVTC05,Do you want to report Trench or crossing?,TRENCH,nan,S-1858659,SRR-25188624,ECLA,TSWCHIL,TSW,5,ECLA4,Civil Item
14/03/2024,,1,ECLA1SCARE,ECLA1SCARE,TRCH,nan,RVSCIVAA,TRENCH RD X S/S VISUAL INSECTION,VICIVTC05,Do you want to report Trench or crossing?,TRENCH,nan,S-1858901,SRR-25190574,ECLA,TSWCHIL,TSW,5,ECLA1,Civil Item
14/03/2024,,1,ECLA1SCARE,ECLA1SCARE,TRCH,nan,RVSCIVAA,TRENCH RD X S/S VISUAL INSECTION,VICIVTC05,Do you want to report Trench or crossing?,TRENCH,nan,S-1858915,SRR-25190787,ECLA,TSWCHIL,TSW,5,ECLA1,Civil Item
14/03/2024,,1,ECLA1SCARE,ECLA1SCARE,TRCH,nan,RVSCIVAA,TRENCH RD X S/S VISUAL INSECTION,VICIVTC05,Do you want to report Trench or crossing?,TRENCH,nan,S-1858924,SRR-25190847,ECLA,TSWCHIL,TSW,5,ECLA1,Civil Item
15/03/2024,,1,KIBY2SCARE,KIBY2SCARE,TRCH,nan,RVSCIVAA,TRENCH RD X S/S VISUAL INSECTION,VICIVTC05,Do you want to report Trench or crossing?,TRENCH,nan,S-1862960,SRR-25236075,KIBY,TNWMERS,TNW,5,KIBY2,Civil Item
19/03/2024,1.0,4,LAND4STECH,LAND4STECH,GAN,nan,RVSGANAA,GANTRY S/S VISUAL INSPECTION,VICIVGA01,Do you want to report any condition deterioration of the asset?,YES,nan,S-1869290,SRR-25311656,LAND,TSWTAMA,TSW,11,LAND4,Civil Item
19/03/2024,1.0,4,LAND1STECH,LAND1STECH,GAN,nan,RVSGANAA,GANTRY S/S VISUAL INSPECTION,VICIVGA01,Do you want to report any condition deterioration of the asset?,YES,nan,S-1869751,SRR-25314466,LAND,TSWTAMA,TSW,11,LAND1,Civil Item
19/03/2024,,1,LAND1SCARE,LAND1SCARE,TRCH,nan,RVSCIVAA,TRENCH RD X S/S VISUAL INSECTION,VICIVTC05,Do you want to report Trench or crossing?,TRENCH,nan,S-1869768,SRR-25314613,LAND,TSWTAMA,TSW,5,LAND1,Civil Item
20/03/2024,1.0,4,ECLA4STECH,ECLA4STECH,GAN,nan,RVSGANAA,GANTRY S/S VISUAL INSPECTION,VICIVGA01,Do you want to report any condition deterioration of the asset?,YES,nan,S-1875141,SRR-25364298,ECLA,TSWCHIL,TSW,11,ECLA4,Civil Item
20/03/2024,,1,AXMI1SCARE,AXMI1SCARE,TRCH,nan,RVSCIVAA,TRENCH RD X S/S VISUAL INSECTION,VICIVTC05,Do you want to report Trench or crossing?,TRENCH,nan,S-1875719,SRR-25369344,AXMI,TSWMEWE,TSW,5,AXMI1,Civil Item
20/03/2024,,1,AXMI1SCARE,AXMI1SCARE,TRCH,nan,RVSCIVAA,TRENCH RD X S/S VISUAL INSECTION,VICIVTC05,Do you want to report Trench or crossing?,TRENCH,nan,S-1875730,SRR-25369416,AXMI,TSWMEWE,TSW,5,AXMI1,Civil Item
20/03/2024,,1,AXMI1SCARE,AXMI1SCARE,TRCH,nan,RVSCIVAA,TRENCH RD X S/S VISUAL INSECTION,VICIVTC05,Do you want to report Trench or crossing?,TRENCH,nan,S-1875749,SRR-25369704,AXMI,TSWMEWE,TSW,5,AXMI1,Civil Item
20/03/2024,,1,AXMI1SCARE,AXMI1SCARE,TRCH,nan,RVSCIVAA,TRENCH RD X S/S VISUAL INSECTION,VICIVTC05,Do you want to report Trench or crossing?,TRENCH,nan,S-1875760,SRR-25369768,AXMI,TSWMEWE,TSW,5,AXMI1,Civil Item
20/03/2024,,1,AXMI4SCARE,AXMI4SCARE,TRCH,nan,RVSCIVAA,TRENCH RD X S/S VISUAL INSECTION,VICIVTC05,Do you want to report Trench or crossing?,TRENCH,nan,S-1875913,SRR-25371212,AXMI,TSWMEWE,TSW,5,AXMI4,Civil Item
20/03/2024,,1,AXMI4SCARE,AXMI4SCARE,TRCH,nan,RVSCIVAA,TRENCH RD X S/S VISUAL INSECTION,VICIVTC05,Do you want to report Trench or crossing?,TRENCH,nan,S-1875927,SRR-25371372,AXMI,TSWMEWE,TSW,5,AXMI4,Civil Item
20/03/2024,,1,AXMI4SCARE,AXMI4SCARE,TRCH,nan,RVSCIVAA,TRENCH RD X S/S VISUAL INSECTION,VICIVTC05,Do you want to report Trench or crossing?,TRENCH,nan,S-1875938,SRR-25371454,AXMI,TSWMEWE,TSW,5,AXMI4,Civil Item
20/03/2024,,1,AXMI4SCARE,AXMI4SCARE,TRCH,nan,RVSCIVAA,TRENCH RD X S/S VISUAL INSECTION,VICIVTC05,Do you want to report Trench or crossing?,TRENCH,nan,S-1875948,SRR-25371515,AXMI,TSWMEWE,TSW,5,AXMI4,Civil Item
20/03/2024,0.0,4,LAND4STECH,LAND4STECH,GAN,nan,RVSGANAA,GANTRY S/S VISUAL INSPECTION,VICIVGA01,Do you want to report any condition deterioration of the asset?,NO,nan,S-1876055,SRR-25372425,LAND,TSWTAMA,TSW,11,LAND4,Civil Item
20/03/2024,,1,LAND4SCARE,LAND4SCARE,TRCH,nan,RVSCIVAA,TRENCH RD X S/S VISUAL INSECTION,VICIVTC05,Do you want to report Trench or crossing?,TRENCH,nan,S-1876329,SRR-25374230,LAND,TSWTAMA,TSW,5,LAND4,Civil Item
20/03/2024,,1,LAND4SCARE,LAND4SCARE,TRCH,nan,RVSCIVAA,TRENCH RD X S/S VISUAL INSECTION,VICIVTC05,Do you want to report Trench or crossing?,TRENCH,nan,S-1876338,SRR-25374290,LAND,TSWTAMA,TSW,5,LAND4,Civil Item
20/03/2024,,1,LAND4SCARE,LAND4SCARE,TRCH,nan,RVSCIVAA,TRENCH RD X S/S VISUAL INSECTION,VICIVTC05,Do you want to report Trench or crossing?,TRENCH,nan,S-1876349,SRR-25374351,LAND,TSWTAMA,TSW,5,LAND4,Civil Item
20/03/2024,,1,LAND1SCARE,LAND1SCARE,TRCH,nan,RVSCIVAA,TRENCH RD X S/S VISUAL INSECTION,VICIVTC05,Do you want to report Trench or crossing?,TRENCH,nan,S-1876490,SRR-25375670,LAND,TSWTAMA,TSW,5,LAND1,Civil Item
20/03/2024,,1,LAND1SCARE,LAND1SCARE,TRCH,nan,RVSCIVAA,TRENCH RD X S/S VISUAL INSECTION,VICIVTC05,Do you want to report Trench or crossing?,TRENCH,nan,S-1876502,SRR-25375780,LAND,TSWTAMA,TSW,5,LAND1,Civil Item
20/03/2024,,1,LAND1SCARE,LAND1SCARE,TRCH,nan,RVSCIVAA,TRENCH RD X S/S VISUAL INSECTION,VICIVTC05,Do you want to report Trench or crossing?,TRENCH,nan,S-1876512,SRR-25375836,LAND,TSWTAMA,TSW,5,LAND1,Civil Item
25/03/2024,1.0,4,MACC4STECH,MACC4STECH,GAN,nan,RVSGANAA,GANTRY S/S VISUAL INSPECTION,VICIVGA01,Do you want to report any condition deterioration of the asset?,YES,nan,S-1910179,SRR-25572662,MACC,TNWMANS,TNW,11,MACC4,Civil Item
28/03/2024,,1,MACC2SCARE,MACC2SCARE,TRCH,nan,RVSCIVAA,TRENCH RD X S/S VISUAL INSECTION,VICIVTC05,Do you want to report Trench or crossing?,TRENCH,nan,S-1919835,SRR-25641672,MACC,TNWMANS,TNW,5,MACC2,Civil Item
28/03/2024,,1,MACC2SCARE,MACC2SCARE,TRCH,nan,RVSCIVAA,TRENCH RD X S/S VISUAL INSECTION,VICIVTC05,Do you want to report Trench or crossing?,TRENCH,nan,S-1919852,SRR-25641808,MACC,TNWMANS,TNW,5,MACC2,Civil Item
28/03/2024,,1,MACC2SCARE,MACC2SCARE,TRCH,nan,RVSCIVAA,TRENCH RD X S/S VISUAL INSECTION,VICIVTC05,Do you want to report Trench or crossing?,TRENCH,nan,S-1919868,SRR-25641961,MACC,TNWMANS,TNW,5,MACC2,Civil Item
28/03/2024,,1,MACC2SCARE,MACC2SCARE,TRCH,nan,RVSCIVAA,TRENCH RD X S/S VISUAL INSECTION,VICIVTC05,Do you want to report Trench or crossing?,TRENCH,nan,S-1919886,SRR-25642144,MACC,TNWMANS,TNW,5,MACC2,Civil Item
28/03/2024,,1,MACC4SCARE,MACC4SCARE,TRCH,nan,RVSCIVAA,TRENCH RD X S/S VISUAL INSECTION,VICIVTC05,Do you want to report Trench or crossing?,TRENCH,nan,S-1920125,SRR-25644469,MACC,TNWMANS,TNW,5,MACC4,Civil Item
28/03/2024,,1,MACC4SCARE,MACC4SCARE,TRCH,nan,RVSCIVAA,TRENCH RD X S/S VISUAL INSECTION,VICIVTC05,Do you want to report Trench or crossing?,TRENCH,nan,S-1920139,SRR-25644565,MACC,TNWMANS,TNW,5,MACC4,Civil Item
28/03/2024,,1,MACC4SCARE,MACC4SCARE,TRCH,nan,RVSCIVAA,TRENCH RD X S/S VISUAL INSECTION,VICIVTC05,Do you want to report Trench or crossing?,TRENCH,nan,S-1920153,SRR-25644644,MACC,TNWMANS,TNW,5,MACC4,Civil Item
28/03/2024,,1,MACC4SCARE,MACC4SCARE,TRCH,nan,RVSCIVAA,TRENCH RD X S/S VISUAL INSECTION,VICIVTC05,Do you want to report Trench or crossing?,TRENCH,nan,S-1920169,SRR-25644740,MACC,TNWMANS,TNW,5,MACC4,Civil Item
28/03/2024,,1,LAND4SCARE,LAND4SCARE,TRCH,nan,RVSCIVAA,TRENCH RD X S/S VISUAL INSECTION,VICIVTC05,Do you want to report Trench or crossing?,TRENCH,nan,S-1920180,SRR-25644848,LAND,TSWTAMA,TSW,5,LAND4,Civil Item
28/03/2024,,1,LAND4SCARE,LAND4SCARE,TRCH,nan,RVSCIVAA,TRENCH RD X S/S VISUAL INSECTION,VICIVTC05,Do you want to report Trench or crossing?,TRENCH,nan,S-1920180,SRR-25644851,LAND,TSWTAMA,TSW,5,LAND4,Civil Item
28/03/2024,,1,LAND4SCARE,LAND4SCARE,TRCH,nan,RVSCIVAA,TRENCH RD X S/S VISUAL INSECTION,VICIVTC05,Do you want to report Trench or crossing?,TRENCH,nan,S-1920180,SRR-25644854,LAND,TSWTAMA,TSW,5,LAND4,Civil Item
28/03/2024,,1,LAND4SCARE,LAND4SCARE,TRCH,nan,RVSCIVAA,TRENCH RD X S/S VISUAL INSECTION,VICIVTC05,Do you want to report Trench or crossing?,TRENCH,nan,S-1920180,SRR-25644857,LAND,TSWTAMA,TSW,5,LAND4,Civil Item
28/03/2024,,1,LAND4SCARE,LAND4SCARE,TRCH,nan,RVSCIVAA,TRENCH RD X S/S VISUAL INSECTION,VICIVTC05,Do you want to report Trench or crossing?,TRENCH,nan,S-1920180,SRR-25644860,LAND,TSWTAMA,TSW,5,LAND4,Civil Item
28/03/2024,,1,LAND4SCARE,LAND4SCARE,TRCH,nan,RVSCIVAA,TRENCH RD X S/S VISUAL INSECTION,VICIVTC05,Do you want to report Trench or crossing?,TRENCH,nan,S-1920180,SRR-25644863,LAND,TSWTAMA,TSW,5,LAND4,Civil Item
28/03/2024,,1,LAND4SCARE,LAND4SCARE,TRCH,nan,RVSCIVAA,TRENCH RD X S/S VISUAL INSECTION,VICIVTC05,Do you want to report Trench or crossing?,TRENCH,nan,S-1920180,SRR-25644866,LAND,TSWTAMA,TSW,5,LAND4,Civil Item
28/03/2024,,1,LAND4SCARE,LAND4SCARE,TRCH,nan,RVSCIVAA,TRENCH RD X S/S VISUAL INSECTION,VICIVTC05,Do you want to report Trench or crossing?,TRENCH,nan,S-1920180,SRR-25644869,LAND,TSWTAMA,TSW,5,LAND4,Civil Item
28/03/2024,,1,LAND4SCARE,LAND4SCARE,TRCH,nan,RVSCIVAA,TRENCH RD X S/S VISUAL INSECTION,VICIVTC05,Do you want to report Trench or crossing?,TRENCH,nan,S-1920180,SRR-25644872,LAND,TSWTAMA,TSW,5,LAND4,Civil Item
28/03/2024,,1,LAND4SCARE,LAND4SCARE,TRCH,nan,RVSCIVAA,TRENCH RD X S/S VISUAL INSECTION,VICIVTC05,Do you want to report Trench or crossing?,TRENCH,nan,S-1920180,SRR-25644875,LAND,TSWTAMA,TSW,5,LAND4,Civil Item
28/03/2024,,1,LAND4SCARE,LAND4SCARE,TRCH,nan,RVSCIVAA,TRENCH RD X S/S VISUAL INSECTION,VICIVTC05,Do you want to report Trench or crossing?,TRENCH,nan,S-1920180,SRR-25644878,LAND,TSWTAMA,TSW,5,LAND4,Civil Item
28/03/2024,,1,ECLA1SCARE,ECLA1SCARE,TRCH,nan,RVSCIVAA,TRENCH RD X S/S VISUAL INSECTION,VICIVTC05,Do you want to report Trench or crossing?,TRENCH,nan,S-1920246,SRR-25645587,ECLA,TSWCHIL,TSW,5,ECLA1,Civil Item
28/03/2024,,1,ECLA4SCARE,ECLA4SCARE,TRCH,nan,RVSCIVAA,TRENCH RD X S/S VISUAL INSECTION,VICIVTC05,Do you want to report Trench or crossing?,TRENCH,nan,S-1920271,SRR-25645918,ECLA,TSWCHIL,TSW,5,ECLA4,Civil Item
28/03/2024,,1,MAGA2SCARE,MAGA2SCARE,TRCH,nan,RVSCIVAA,TRENCH RD X S/S VISUAL INSECTION,VICIVTC05,Do you want to report Trench or crossing?,TRENCH,nan,S-1920291,SRR-25646170,MAGA,TSWSWAW,TSW,5,MAGA2,Civil Item
28/03/2024,,1,MAGA2SCARE,MAGA2SCARE,TRCH,nan,RVSCIVAA,TRENCH RD X S/S VISUAL INSECTION,VICIVTC05,Do you want to report Trench or crossing?,TRENCH,nan,S-1920301,SRR-25646237,MAGA,TSWSWAW,TSW,5,MAGA2,Civil Item
28/03/2024,,1,MAGA2SCARE,MAGA2SCARE,TRCH,nan,RVSCIVAA,TRENCH RD X S/S VISUAL INSECTION,VICIVTC05,Do you want to report Trench or crossing?,TRENCH,nan,S-1920310,SRR-25646299,MAGA,TSWSWAW,TSW,5,MAGA2,Civil Item
28/03/2024,,1,MAGA2SCARE,MAGA2SCARE,TRCH,nan,RVSCIVAA,TRENCH RD X S/S VISUAL INSECTION,VICIVTC05,Do you want to report Trench or crossing?,TRENCH,nan,S-1920323,SRR-25646383,MAGA,TSWSWAW,TSW,5,MAGA2,Civil Item
02/04/2024,,1,IMPP4SCARE,IMPP4SCARE,TRCH,nan,RVSCIVAA,TRENCH RD X S/S VISUAL INSECTION,VICIVTC05,Do you want to report Trench or crossing?,TRENCH,nan,S-1925147,SRR-25683399,IMPP,TSWSWAE,TSW,5,IMPP4,Civil Item
02/04/2024,0.0,4,IMPP4STECH,IMPP4STECH,GAN,nan,RVSGANAA,GANTRY S/S VISUAL INSPECTION,VICIVGA01,Do you want to report any condition deterioration of the asset?,NO,nan,S-1925587,SRR-25688208,IMPP,TSWSWAE,TSW,11,IMPP4,Civil Item
02/04/2024,0.0,4,USKM2STECH,USKM2STECH,GAN,nan,RVSGANAA,GANTRY S/S VISUAL INSPECTION,VICIVGA01,Do you want to report any condition deterioration of the asset?,NO,nan,S-1928614,SRR-25705952,USKM,TSWSWAE,TSW,11,USKM2,Civil Item
03/04/2024,,1,USKM1SCARE,USKM1SCARE,TRCH,nan,RVSCIVAA,TRENCH RD X S/S VISUAL INSECTION,VICIVTC05,Do you want to report Trench or crossing?,TRENCH,nan,S-1932832,SRR-25734792,USKM,TSWSWAE,TSW,5,USKM1,Civil Item
03/04/2024,,1,USKM1SCARE,USKM1SCARE,TRCH,nan,RVSCIVAA,TRENCH RD X S/S VISUAL INSECTION,VICIVTC05,Do you want to report Trench or crossing?,TRENCH,nan,S-1932832,SRR-25734795,USKM,TSWSWAE,TSW,5,USKM1,Civil Item
05/04/2024,0.0,4,IMPP3STECH,IMPP3STECH,GAN,nan,RVSGANAA,GANTRY S/S VISUAL INSPECTION,VICIVGA01,Do you want to report any condition deterioration of the asset?,NO,nan,S-1940544,SRR-25795038,IMPP,TSWSWAE,TSW,11,IMPP3,Civil Item
05/04/2024,,1,IMPP3SCARE,IMPP3SCARE,TRCH,nan,RVSCIVAA,TRENCH RD X S/S VISUAL INSECTION,VICIVTC05,Do you want to report Trench or crossing?,TRENCH,nan,S-1940581,SRR-25795177,IMPP,TSWSWAE,TSW,5,IMPP3,Civil Item
05/04/2024,,1,USKM1SCARE,USKM1SCARE,TRCH,nan,RVSCIVAA,TRENCH RD X S/S VISUAL INSECTION,VICIVTC05,Do you want to report Trench or crossing?,TRENCH,nan,S-1943174,SRR-25815867,USKM,TSWSWAE,TSW,5,USKM1,Civil Item
05/04/2024,,1,USKM1SCARE,USKM1SCARE,TRCH,nan,RVSCIVAA,TRENCH RD X S/S VISUAL INSECTION,VICIVTC05,Do you want to report Trench or crossing?,TRENCH,nan,S-1943202,SRR-25816100,USKM,TSWSWAE,TSW,5,USKM1,Civil Item
05/04/2024,,1,USKM1SCARE,USKM1SCARE,TRCH,nan,RVSCIVAA,TRENCH RD X S/S VISUAL INSECTION,VICIVTC05,Do you want to report Trench or crossing?,TRENCH,nan,S-1943238,SRR-25816416,USKM,TSWSWAE,TSW,5,USKM1,Civil Item
05/04/2024,,1,USKM2SCARE,USKM2SCARE,TRCH,nan,RVSCIVAA,TRENCH RD X S/S VISUAL INSECTION,VICIVTC05,Do you want to report Trench or crossing?,TRENCH,nan,S-1943456,SRR-25817984,USKM,TSWSWAE,TSW,5,USKM2,Civil Item
05/04/2024,,1,USKM2SCARE,USKM2SCARE,TRCH,nan,RVSCIVAA,TRENCH RD X S/S VISUAL INSECTION,VICIVTC05,Do you want to report Trench or crossing?,TRENCH,nan,S-1943466,SRR-25818046,USKM,TSWSWAE,TSW,5,USKM2,Civil Item
05/04/2024,,1,USKM2SCARE,USKM2SCARE,TRCH,nan,RVSCIVAA,TRENCH RD X S/S VISUAL INSECTION,VICIVTC05,Do you want to report Trench or crossing?,TRENCH,nan,S-1943476,SRR-25818108,USKM,TSWSWAE,TSW,5,USKM2,Civil Item
05/04/2024,,1,USKM2SCARE,USKM2SCARE,TRCH,nan,RVSCIVAA,TRENCH RD X S/S VISUAL INSECTION,VICIVTC05,Do you want to report Trench or crossing?,TRENCH,nan,S-1943492,SRR-25818188,USKM,TSWSWAE,TSW,5,USKM2,Civil Item
05/04/2024,,1,IMPP4SCARE,IMPP4SCARE,TRCH,nan,RVSCIVAA,TRENCH RD X S/S VISUAL INSECTION,VICIVTC05,Do you want to report Trench or crossing?,TRENCH,nan,S-1943754,SRR-25820497,IMPP,TSWSWAE,TSW,5,IMPP4,Civil Item
05/04/2024,,1,IMPP4SCARE,IMPP4SCARE,TRCH,nan,RVSCIVAA,TRENCH RD X S/S VISUAL INSECTION,VICIVTC05,Do you want to report Trench or crossing?,TRENCH,nan,S-1943766,SRR-25820567,IMPP,TSWSWAE,TSW,5,IMPP4,Civil Item
05/04/2024,,1,IMPP4SCARE,IMPP4SCARE,TRCH,nan,RVSCIVAA,TRENCH RD X S/S VISUAL INSECTION,VICIVTC05,Do you want to report Trench or crossing?,TRENCH,nan,S-1943778,SRR-25820637,IMPP,TSWSWAE,TSW,5,IMPP4,Civil Item
05/04/2024,,1,IMPP3SCARE,IMPP3SCARE,TRCH,nan,RVSCIVAA,TRENCH RD X S/S VISUAL INSECTION,VICIVTC05,Do you want to report Trench or crossing?,TRENCH,nan,S-1943906,SRR-25821530,IMPP,TSWSWAE,TSW,5,IMPP3,Civil Item
05/04/2024,,1,IMPP3SCARE,IMPP3SCARE,TRCH,nan,RVSCIVAA,TRENCH RD X S/S VISUAL INSECTION,VICIVTC05,Do you want to report Trench or crossing?,TRENCH,nan,S-1943917,SRR-25821603,IMPP,TSWSWAE,TSW,5,IMPP3,Civil Item
05/04/2024,,1,IMPP3SCARE,IMPP3SCARE,TRCH,nan,RVSCIVAA,TRENCH RD X S/S VISUAL INSECTION,VICIVTC05,Do you want to report Trench or crossing?,TRENCH,nan,S-1943927,SRR-25821665,IMPP,TSWSWAE,TSW,5,IMPP3,Civil Item
05/04/2024,,1,USKM2BSCARE,USKM2BSCARE,TRCH,nan,RVSCIVAA,TRENCH RD X S/S VISUAL INSECTION,VICIVTC05,Do you want to report Trench or crossing?,TRENCH,nan,S-1943985,SRR-25822069,USKM,TSWSWAE,TSW,5,USKM2,Civil Item
05/04/2024,,1,USKM2BSCARE,USKM2BSCARE,TRCH,nan,RVSCIVAA,TRENCH RD X S/S VISUAL INSECTION,VICIVTC05,Do you want to report Trench or crossing?,TRENCH,nan,S-1943995,SRR-25822131,USKM,TSWSWAE,TSW,5,USKM2,Civil Item
05/04/2024,,1,USKM2BSCARE,USKM2BSCARE,TRCH,nan,RVSCIVAA,TRENCH RD X S/S VISUAL INSECTION,VICIVTC05,Do you want to report Trench or crossing?,TRENCH,nan,S-1944005,SRR-25822193,USKM,TSWSWAE,TSW,5,USKM2,Civil Item
05/04/2024,,1,USKM2BSCARE,USKM2BSCARE,TRCH,nan,RVSCIVAA,TRENCH RD X S/S VISUAL INSECTION,VICIVTC05,Do you want to report Trench or crossing?,TRENCH,nan,S-1944015,SRR-25822255,USKM,TSWSWAE,TSW,5,USKM2,Civil Item
08/04/2024,,1,INDQ4SCARE,INDQ4SCARE,TRCH,nan,RVSCIVAA,TRENCH RD X S/S VISUAL INSECTION,VICIVTC05,Do you want to report Trench or crossing?,TRENCH,nan,S-1951407,SRR-25852350,INDQ,TSWTAMA,TSW,5,INDQ4,Civil Item
08/04/2024,,1,INDQ4SCARE,INDQ4SCARE,TRCH,nan,RVSCIVAA,TRENCH RD X S/S VISUAL INSECTION,VICIVTC05,Do you want to report Trench or crossing?,TRENCH,nan,S-1951407,SRR-25852353,INDQ,TSWTAMA,TSW,5,INDQ4,Civil Item
08/04/2024,,1,INDQ4SCARE,INDQ4SCARE,TRCH,nan,RVSCIVAA,TRENCH RD X S/S VISUAL INSECTION,VICIVTC05,Do you want to report Trench or crossing?,TRENCH,nan,S-1951407,SRR-25852356,INDQ,TSWTAMA,TSW,5,INDQ4,Civil Item
08/04/2024,,1,INDQ4SCARE,INDQ4SCARE,TRCH,nan,RVSCIVAA,TRENCH RD X S/S VISUAL INSECTION,VICIVTC05,Do you want to report Trench or crossing?,TRENCH,nan,S-1951407,SRR-25852359,INDQ,TSWTAMA,TSW,5,INDQ4,Civil Item
08/04/2024,,1,INDQ4SCARE,INDQ4SCARE,TRCH,nan,RVSCIVAA,TRENCH RD X S/S VISUAL INSECTION,VICIVTC05,Do you want to report Trench or crossing?,TRENCH,nan,S-1951407,SRR-25852362,INDQ,TSWTAMA,TSW,5,INDQ4,Civil Item
08/04/2024,,1,INDQ4SCARE,INDQ4SCARE,TRCH,nan,RVSCIVAA,TRENCH RD X S/S VISUAL INSECTION,VICIVTC05,Do you want to report Trench or crossing?,TRENCH,nan,S-1951407,SRR-25852365,INDQ,TSWTAMA,TSW,5,INDQ4,Civil Item
08/04/2024,,1,INDQ4SCARE,INDQ4SCARE,TRCH,nan,RVSCIVAA,TRENCH RD X S/S VISUAL INSECTION,VICIVTC05,Do you want to report Trench or crossing?,TRENCH,nan,S-1951407,SRR-25852368,INDQ,TSWTAMA,TSW,5,INDQ4,Civil Item
08/04/2024,,1,INDQ4SCARE,INDQ4SCARE,TRCH,nan,RVSCIVAA,TRENCH RD X S/S VISUAL INSECTION,VICIVTC05,Do you want to report Trench or crossing?,TRENCH,nan,S-1951407,SRR-25852371,INDQ,TSWTAMA,TSW,5,INDQ4,Civil Item
08/04/2024,,1,INDQ4SCARE,INDQ4SCARE,TRCH,nan,RVSCIVAA,TRENCH RD X S/S VISUAL INSECTION,VICIVTC05,Do you want to report Trench or crossing?,TRENCH,nan,S-1951407,SRR-25852374,INDQ,TSWTAMA,TSW,5,INDQ4,Civil Item
08/04/2024,,1,INDQ4SCARE,INDQ4SCARE,TRCH,nan,RVSCIVAA,TRENCH RD X S/S VISUAL INSECTION,VICIVTC05,Do you want to report Trench or crossing?,TRENCH,nan,S-1951407,SRR-25852377,INDQ,TSWTAMA,TSW,5,INDQ4,Civil Item
08/04/2024,,1,INDQ4SCARE,INDQ4SCARE,TRCH,nan,RVSCIVAA,TRENCH RD X S/S VISUAL INSECTION,VICIVTC05,Do you want to report Trench or crossing?,TRENCH,nan,S-1951407,SRR-25852380,INDQ,TSWTAMA,TSW,5,INDQ4,Civil Item
08/04/2024,,1,BRLE4SCARE,BRLE4SCARE,TRCH,nan,RVSCIVAA,TRENCH RD X S/S VISUAL INSECTION,VICIVTC05,Do you want to report Trench or crossing?,TRENCH,nan,S-1951961,SRR-25855991,BRLE,TSWCHIL,TSW,5,BRLE4,Civil Item
08/04/2024,,1,BRLE4SCARE,BRLE4SCARE,TRCH,nan,RVSCIVAA,TRENCH RD X S/S VISUAL INSECTION,VICIVTC05,Do you want to report Trench or crossing?,TRENCH,nan,S-1951961,SRR-25855994,BRLE,TSWCHIL,TSW,5,BRLE4,Civil Item
08/04/2024,,1,BRLE4SCARE,BRLE4SCARE,TRCH,nan,RVSCIVAA,TRENCH RD X S/S VISUAL INSECTION,VICIVTC05,Do you want to report Trench or crossing?,TRENCH,nan,S-1951961,SRR-25855997,BRLE,TSWCHIL,TSW,5,BRLE4,Civil Item
08/04/2024,,1,BRLE4SCARE,BRLE4SCARE,TRCH,nan,RVSCIVAA,TRENCH RD X S/S VISUAL INSECTION,VICIVTC05,Do you want to report Trench or crossing?,TRENCH,nan,S-1951961,SRR-25856000,BRLE,TSWCHIL,TSW,5,BRLE4,Civil Item
08/04/2024,,1,INDQ4SCARE,INDQ4SCARE,TRCH,nan,RVSCIVAA,TRENCH RD X S/S VISUAL INSECTION,VICIVTC05,Do you want to report Trench or crossing?,TRENCH,nan,S-1952141,SRR-25857401,INDQ,TSWTAMA,TSW,5,INDQ4,Civil Item
08/04/2024,,1,INDQ4SCARE,INDQ4SCARE,TRCH,nan,RVSCIVAA,TRENCH RD X S/S VISUAL INSECTION,VICIVTC05,Do you want to report Trench or crossing?,TRENCH,nan,S-1952259,SRR-25858133,INDQ,TSWTAMA,TSW,5,INDQ4,Civil Item
08/04/2024,1.0,4,BRLE4STECH,BRLE4STECH,GAN,nan,RVSGANAA,GANTRY S/S VISUAL INSPECTION,VICIVGA01,Do you want to report any condition deterioration of the asset?,YES,nan,S-1952293,SRR-25858322,BRLE,TSWCHIL,TSW,11,BRLE4,Civil Item
09/04/2024,,1,BRLE1SCARE,BRLE1SCARE,TRCH,nan,RVSCIVAA,TRENCH RD X S/S VISUAL INSECTION,VICIVTC05,Do you want to report Trench or crossing?,TRENCH,nan,S-1959880,SRR-25901429,BRLE,TSWCHIL,TSW,5,BRLE1,Civil Item
09/04/2024,0.0,4,BRLE1STECH,BRLE1STECH,GAN,nan,RVSGANAA,GANTRY S/S VISUAL INSPECTION,VICIVGA01,Do you want to report any condition deterioration of the asset?,NO,nan,S-1959954,SRR-25901812,BRLE,TSWCHIL,TSW,11,BRLE1,Civil Item
11/04/2024,,1,BRLE1SCARE,BRLE1SCARE,TRCH,nan,RVSCIVAA,TRENCH RD X S/S VISUAL INSECTION,VICIVTC05,Do you want to report Trench or crossing?,TRENCH,nan,S-1971958,SRR-25997890,BRLE,TSWCHIL,TSW,5,BRLE1,Civil Item
11/04/2024,,1,BRLE1SCARE,BRLE1SCARE,TRCH,nan,RVSCIVAA,TRENCH RD X S/S VISUAL INSECTION,VICIVTC05,Do you want to report Trench or crossing?,TRENCH,nan,S-1971972,SRR-25998047,BRLE,TSWCHIL,TSW,5,BRLE1,Civil Item
11/04/2024,,1,BRLE1SCARE,BRLE1SCARE,TRCH,nan,RVSCIVAA,TRENCH RD X S/S VISUAL INSECTION,VICIVTC05,Do you want to report Trench or crossing?,TRENCH,nan,S-1971982,SRR-25998109,BRLE,TSWCHIL,TSW,5,BRLE1,Civil Item
11/04/2024,,1,INDQ4SCARE,INDQ4SCARE,TRCH,nan,RVSCIVAA,TRENCH RD X S/S VISUAL INSECTION,VICIVTC05,Do you want to report Trench or crossing?,TRENCH,nan,S-1972226,SRR-26000057,INDQ,TSWTAMA,TSW,5,INDQ4,Civil Item
11/04/2024,,1,INDQ1SCARE,INDQ1SCARE,TRCH,nan,RVSCIVAA,TRENCH RD X S/S VISUAL INSECTION,VICIVTC05,Do you want to report Trench or crossing?,TRENCH,nan,S-1972481,SRR-26001851,INDQ,TSWTAMA,TSW,5,INDQ1,Civil Item
11/04/2024,,1,INDQ1SCARE,INDQ1SCARE,TRCH,nan,RVSCIVAA,TRENCH RD X S/S VISUAL INSECTION,VICIVTC05,Do you want to report Trench or crossing?,TRENCH,nan,S-1972497,SRR-26001957,INDQ,TSWTAMA,TSW,5,INDQ1,Civil Item
11/04/2024,,1,INDQ1SCARE,INDQ1SCARE,TRCH,nan,RVSCIVAA,TRENCH RD X S/S VISUAL INSECTION,VICIVTC05,Do you want to report Trench or crossing?,TRENCH,nan,S-1972509,SRR-26002023,INDQ,TSWTAMA,TSW,5,INDQ1,Civil Item
11/04/2024,,1,INDQ1SCARE,INDQ1SCARE,TRCH,nan,RVSCIVAA,TRENCH RD X S/S VISUAL INSECTION,VICIVTC05,Do you want to report Trench or crossing?,TRENCH,nan,S-1972526,SRR-26002132,INDQ,TSWTAMA,TSW,5,INDQ1,Civil Item
11/04/2024,,1,BRLE4SCARE,BRLE4SCARE,TRCH,nan,RVSCIVAA,TRENCH RD X S/S VISUAL INSECTION,VICIVTC05,Do you want to report Trench or crossing?,TRENCH,nan,S-1972658,SRR-26003339,BRLE,TSWCHIL,TSW,5,BRLE4,Civil Item
11/04/2024,,1,BRLE4SCARE,BRLE4SCARE,TRCH,nan,RVSCIVAA,TRENCH RD X S/S VISUAL INSECTION,VICIVTC05,Do you want to report Trench or crossing?,TRENCH,nan,S-1972672,SRR-26003434,BRLE,TSWCHIL,TSW,5,BRLE4,Civil Item
11/04/2024,,1,BRLE4SCARE,BRLE4SCARE,TRCH,nan,RVSCIVAA,TRENCH RD X S/S VISUAL INSECTION,VICIVTC05,Do you want to report Trench or crossing?,TRENCH,nan,S-1972684,SRR-26003515,BRLE,TSWCHIL,TSW,5,BRLE4,Civil Item
17/04/2024,1.0,4,KEAR4STECH,KEAR4STECH,GAN,nan,RVSGANAA,GANTRY S/S VISUAL INSPECTION,VICIVGA01,Do you want to report any condition deterioration of the asset?,YES,nan,S-1987033,SRR-26123872,KEAR,TNWMANN,TNW,11,KEAR4,Civil Item
17/04/2024,0.0,4,KEAR2STECH,KEAR2STECH,GAN,nan,RVSGANAA,GANTRY S/S VISUAL INSPECTION,VICIVGA01,Do you want to report any condition deterioration of the asset?,NO,nan,S-1987109,SRR-26124404,KEAR,TNWMANN,TNW,11,KEAR2,Civil Item
17/04/2024,,1,KEGS1SCARE,KEGS1SCARE,TRCH,nan,RVSCIVAA,TRENCH RD X S/S VISUAL INSECTION,VICIVTC05,Do you want to report Trench or crossing?,TRENCH,nan,S-1987591,SRR-26126844,KEGS,TNWMANN,TNW,5,KEGS1,Civil Item
17/04/2024,,1,KEAR2SCARE,KEAR2SCARE,TRCH,nan,RVSCIVAA,TRENCH RD X S/S VISUAL INSECTION,VICIVTC05,Do you want to report Trench or crossing?,TRENCH,nan,S-1987724,SRR-26128196,KEAR,TNWMANN,TNW,5,KEAR2,Civil Item
17/04/2024,,1,KEAR2SCARE,KEAR2SCARE,TRCH,nan,RVSCIVAA,TRENCH RD X S/S VISUAL INSECTION,VICIVTC05,Do you want to report Trench or crossing?,TRENCH,nan,S-1987724,SRR-26128199,KEAR,TNWMANN,TNW,5,KEAR2,Civil Item
17/04/2024,,1,KEAR2SCARE,KEAR2SCARE,TRCH,nan,RVSCIVAA,TRENCH RD X S/S VISUAL INSECTION,VICIVTC05,Do you want to report Trench or crossing?,TRENCH,nan,S-1987724,SRR-26128202,KEAR,TNWMANN,TNW,5,KEAR2,Civil Item
17/04/2024,,1,KEAR2SCARE,KEAR2SCARE,TRCH,nan,RVSCIVAA,TRENCH RD X S/S VISUAL INSECTION,VICIVTC05,Do you want to report Trench or crossing?,TRENCH,nan,S-1987724,SRR-26128205,KEAR,TNWMANN,TNW,5,KEAR2,Civil Item
17/04/2024,,1,KEAR2SCARE,KEAR2SCARE,TRCH,nan,RVSCIVAA,TRENCH RD X S/S VISUAL INSECTION,VICIVTC05,Do you want to report Trench or crossing?,TRENCH,nan,S-1987724,SRR-26128208,KEAR,TNWMANN,TNW,5,KEAR2,Civil Item
17/04/2024,,1,KEAR2SCARE,KEAR2SCARE,TRCH,nan,RVSCIVAA,TRENCH RD X S/S VISUAL INSECTION,VICIVTC05,Do you want to report Trench or crossing?,TRENCH,nan,S-1987724,SRR-26128211,KEAR,TNWMANN,TNW,5,KEAR2,Civil Item
17/04/2024,,1,KEAR2SCARE,KEAR2SCARE,TRCH,nan,RVSCIVAA,TRENCH RD X S/S VISUAL INSECTION,VICIVTC05,Do you want to report Trench or crossing?,TRENCH,nan,S-1987724,SRR-26128214,KEAR,TNWMANN,TNW,5,KEAR2,Civil Item
17/04/2024,,1,KEAR2SCARE,KEAR2SCARE,TRCH,nan,RVSCIVAA,TRENCH RD X S/S VISUAL INSECTION,VICIVTC05,Do you want to report Trench or crossing?,TRENCH,nan,S-1987724,SRR-26128217,KEAR,TNWMANN,TNW,5,KEAR2,Civil Item
17/04/2024,,1,KEAR2SCARE,KEAR2SCARE,TRCH,nan,RVSCIVAA,TRENCH RD X S/S VISUAL INSECTION,VICIVTC05,Do you want to report Trench or crossing?,TRENCH,nan,S-1987724,SRR-26128220,KEAR,TNWMANN,TNW,5,KEAR2,Civil Item
17/04/2024,,1,KEAR2SCARE,KEAR2SCARE,TRCH,nan,RVSCIVAA,TRENCH RD X S/S VISUAL INSECTION,VICIVTC05,Do you want to report Trench or crossing?,TRENCH,nan,S-1987724,SRR-26128223,KEAR,TNWMANN,TNW,5,KEAR2,Civil Item
17/04/2024,,1,KEAR2SCARE,KEAR2SCARE,TRCH,nan,RVSCIVAA,TRENCH RD X S/S VISUAL INSECTION,VICIVTC05,Do you want to report Trench or crossing?,TRENCH,nan,S-1988106,SRR-26131311,KEAR,TNWMANN,TNW,5,KEAR2,Civil Item
17/04/2024,,1,KEAR2SCARE,KEAR2SCARE,TRCH,nan,RVSCIVAA,TRENCH RD X S/S VISUAL INSECTION,VICIVTC05,Do you want to report Trench or crossing?,TRENCH,nan,S-1988141,SRR-26131539,KEAR,TNWMANN,TNW,5,KEAR2,Civil Item
17/04/2024,,1,KEAR2SCARE,KEAR2SCARE,TRCH,nan,RVSCIVAA,TRENCH RD X S/S VISUAL INSECTION,VICIVTC05,Do you want to report Trench or crossing?,TRENCH,nan,S-1988141,SRR-26131542,KEAR,TNWMANN,TNW,5,KEAR2,Civil Item
17/04/2024,,1,KEAR2SCARE,KEAR2SCARE,TRCH,nan,RVSCIVAA,TRENCH RD X S/S VISUAL INSECTION,VICIVTC05,Do you want to report Trench or crossing?,TRENCH,nan,S-1988141,SRR-26131545,KEAR,TNWMANN,TNW,5,KEAR2,Civil Item
17/04/2024,,1,KEAR2SCARE,KEAR2SCARE,TRCH,nan,RVSCIVAA,TRENCH RD X S/S VISUAL INSECTION,VICIVTC05,Do you want to report Trench or crossing?,TRENCH,nan,S-1988141,SRR-26131548,KEAR,TNWMANN,TNW,5,KEAR2,Civil Item
17/04/2024,,1,KEAR2SCARE,KEAR2SCARE,TRCH,nan,RVSCIVAA,TRENCH RD X S/S VISUAL INSECTION,VICIVTC05,Do you want to report Trench or crossing?,TRENCH,nan,S-1988141,SRR-26131551,KEAR,TNWMANN,TNW,5,KEAR2,Civil Item
17/04/2024,,1,KEAR2SCARE,KEAR2SCARE,TRCH,nan,RVSCIVAA,TRENCH RD X S/S VISUAL INSECTION,VICIVTC05,Do you want to report Trench or crossing?,TRENCH,nan,S-1988141,SRR-26131554,KEAR,TNWMANN,TNW,5,KEAR2,Civil Item
17/04/2024,,1,KEAR2SCARE,KEAR2SCARE,TRCH,nan,RVSCIVAA,TRENCH RD X S/S VISUAL INSECTION,VICIVTC05,Do you want to report Trench or crossing?,TRENCH,nan,S-1988141,SRR-26131557,KEAR,TNWMANN,TNW,5,KEAR2,Civil Item
17/04/2024,,1,KEAR4SCARE,KEAR4SCARE,TRCH,nan,RVSCIVAA,TRENCH RD X S/S VISUAL INSECTION,VICIVTC05,Do you want to report Trench or crossing?,TRENCH,nan,S-1988259,SRR-26132466,KEAR,TNWMANN,TNW,5,KEAR4,Civil Item
19/04/2024,,1,KEAR2SCARE,KEAR2SCARE,TRCH,nan,RVSCIVAA,TRENCH RD X S/S VISUAL INSECTION,VICIVTC05,Do you want to report Trench or crossing?,TRENCH,nan,S-1995759,SRR-26190731,KEAR,TNWMANN,TNW,5,KEAR2,Civil Item
19/04/2024,0.0,4,KEAR4STECH,KEAR4STECH,GAN,nan,RVSGANAA,GANTRY S/S VISUAL INSPECTION,VICIVGA01,Do you want to report any condition deterioration of the asset?,NO,nan,S-1995766,SRR-26190783,KEAR,TNWMANN,TNW,11,KEAR4,Civil Item
19/04/2024,,1,KEAR4SCARE,KEAR4SCARE,TRCH,nan,RVSCIVAA,TRENCH RD X S/S VISUAL INSECTION,VICIVTC05,Do you want to report Trench or crossing?,TRENCH,nan,S-1995773,SRR-26190817,KEAR,TNWMANN,TNW,5,KEAR4,Civil Item
19/04/2024,,1,KEAR4SCARE,KEAR4SCARE,TRCH,nan,RVSCIVAA,TRENCH RD X S/S VISUAL INSECTION,VICIVTC05,Do you want to report Trench or crossing?,TRENCH,nan,S-1995775,SRR-26190822,KEAR,TNWMANN,TNW,5,KEAR4,Civil Item
19/04/2024,,1,KEAR4SCARE,KEAR4SCARE,TRCH,nan,RVSCIVAA,TRENCH RD X S/S VISUAL INSECTION,VICIVTC05,Do you want to report Trench or crossing?,TRENCH,nan,S-1995777,SRR-26190827,KEAR,TNWMANN,TNW,5,KEAR4,Civil Item
19/04/2024,,1,KEGS1SCARE,KEGS1SCARE,TRCH,nan,RVSCIVAA,TRENCH RD X S/S VISUAL INSECTION,VICIVTC05,Do you want to report Trench or crossing?,TRENCH,nan,S-1995779,SRR-26190832,KEGS,TNWMANN,TNW,5,KEGS1,Civil Item
19/04/2024,,1,KEGS1SCARE,KEGS1SCARE,TRCH,nan,RVSCIVAA,TRENCH RD X S/S VISUAL INSECTION,VICIVTC05,Do you want to report Trench or crossing?,TRENCH,nan,S-1995781,SRR-26190837,KEGS,TNWMANN,TNW,5,KEGS1,Civil Item
19/04/2024,,1,KEGS1SCARE,KEGS1SCARE,TRCH,nan,RVSCIVAA,TRENCH RD X S/S VISUAL INSECTION,VICIVTC05,Do you want to report Trench or crossing?,TRENCH,nan,S-1995783,SRR-26190842,KEGS,TNWMANN,TNW,5,KEGS1,Civil Item
29/04/2024,1.0,4,COSO4STECH,COSO4STECH,GAN,nan,RVSGANAA,GANTRY S/S VISUAL INSPECTION,VICIVGA01,Do you want to report any condition deterioration of the asset?,YES,nan,S-2015955,SRR-26345361,COSO,TCNESSX,TCN,11,COSO4,Civil Item
29/04/2024,,1,COSO4SCARE,COSO4SCARE,TRCH,nan,RVSCIVAA,TRENCH RD X S/S VISUAL INSECTION,VICIVTC05,Do you want to report Trench or crossing?,TRENCH,nan,S-2016401,SRR-26349132,COSO,TCNESSX,TCN,5,COSO4,Civil Item
29/04/2024,0.0,4,COSO4STECH,COSO4STECH,GAN,nan,RVSGANAA,GANTRY S/S VISUAL INSPECTION,VICIVGA01,Do you want to report any condition deterioration of the asset?,NO,nan,S-2017935,SRR-26359416,COSO,TCNESSX,TCN,11,COSO4,Civil Item
29/04/2024,,1,COSO4SCARE,COSO4SCARE,TRCH,nan,RVSCIVAA,TRENCH RD X S/S VISUAL INSECTION,VICIVTC05,Do you want to report Trench or crossing?,TRENCH,nan,S-2017942,SRR-26359439,COSO,TCNESSX,TCN,5,COSO4,Civil Item
01/05/2024,1.0,4,BISW1STECH,BISW1STECH,GAN,nan,RVSGANAA,GANTRY S/S VISUAL INSPECTION,VICIVGA01,Do you want to report any condition deterioration of the asset?,YES,nan,S-2022797,SRR-26412891,BISW,TCNWARW,TCN,11,BISW1,Civil Item
02/05/2024,,1,COSO4SCARE,COSO4SCARE,TRCH,nan,RVSCIVAA,TRENCH RD X S/S VISUAL INSECTION,VICIVTC05,Do you want to report Trench or crossing?,TRENCH,nan,S-2023686,SRR-26426462,COSO,TCNESSX,TCN,5,COSO4,Civil Item
02/05/2024,,1,COSO4SCARE,COSO4SCARE,TRCH,nan,RVSCIVAA,TRENCH RD X S/S VISUAL INSECTION,VICIVTC05,Do you want to report Trench or crossing?,TRENCH,nan,S-2023691,SRR-26426513,COSO,TCNESSX,TCN,5,COSO4,Civil Item
02/05/2024,,1,BISW1SCARE,BISW1SCARE,TRCH,nan,RVSCIVAA,TRENCH RD X S/S VISUAL INSECTION,VICIVTC05,Do you want to report Trench or crossing?,TRENCH,nan,S-2023726,SRR-26426715,BISW,TCNWARW,TCN,5,BISW1,Civil Item
02/05/2024,,1,BISW1SCARE,BISW1SCARE,TRCH,nan,RVSCIVAA,TRENCH RD X S/S VISUAL INSECTION,VICIVTC05,Do you want to report Trench or crossing?,TRENCH,nan,S-2023728,SRR-26426720,BISW,TCNWARW,TCN,5,BISW1,Civil Item
02/05/2024,,1,BISW1SCARE,BISW1SCARE,TRCH,nan,RVSCIVAA,TRENCH RD X S/S VISUAL INSECTION,VICIVTC05,Do you want to report Trench or crossing?,TRENCH,nan,S-2023733,SRR-26426743,BISW,TCNWARW,TCN,5,BISW1,Civil Item
02/05/2024,,1,BISW2SCARE,BISW2SCARE,TRCH,nan,RVSCIVAA,TRENCH RD X S/S VISUAL INSECTION,VICIVTC05,Do you want to report Trench or crossing?,TRENCH,nan,S-2023768,SRR-26427033,BISW,TCNWARW,TCN,5,BISW2,Civil Item
02/05/2024,,1,BISW2SCARE,BISW2SCARE,TRCH,nan,RVSCIVAA,TRENCH RD X S/S VISUAL INSECTION,VICIVTC05,Do you want to report Trench or crossing?,TRENCH,nan,S-2023773,SRR-26427082,BISW,TCNWARW,TCN,5,BISW2,Civil Item
02/05/2024,,1,BISW2SCARE,BISW2SCARE,TRCH,nan,RVSCIVAA,TRENCH RD X S/S VISUAL INSECTION,VICIVTC05,Do you want to report Trench or crossing?,TRENCH,nan,S-2023790,SRR-26427326,BISW,TCNWARW,TCN,5,BISW2,Civil Item
03/05/2024,1.0,4,BISW2STECH,BISW2STECH,GAN,nan,RVSGANAA,GANTRY S/S VISUAL INSPECTION,VICIVGA01,Do you want to report any condition deterioration of the asset?,YES,nan,S-2024644,SRR-26440516,BISW,TCNWARW,TCN,11,BISW2,Civil Item
03/05/2024,,1,BISW2SCARE,BISW2SCARE,TRCH,nan,RVSCIVAA,TRENCH RD X S/S VISUAL INSECTION,VICIVTC05,Do you want to report Trench or crossing?,TRENCH,nan,S-2024693,SRR-26441051,BISW,TCNWARW,TCN,5,BISW2,Civil Item
03/05/2024,,1,BISW1SCARE,BISW1SCARE,TRCH,nan,RVSCIVAA,TRENCH RD X S/S VISUAL INSECTION,VICIVTC05,Do you want to report Trench or crossing?,TRENCH,nan,S-2024697,SRR-26441085,BISW,TCNWARW,TCN,5,BISW1,Civil Item
07/05/2024,1.0,4,PELH1STECH,PELH1STECH,GAN,nan,RVSGANAA,GANTRY S/S VISUAL INSPECTION,VICIVGA01,Do you want to report any condition deterioration of the asset?,YES,nan,S-2027557,SRR-26478822,PELH,TCNWANG,TCN,11,PELH1,Civil Item
08/05/2024,1.0,4,LALE2STECH,LALE2STECH,GAN,nan,RVSGANAA,GANTRY S/S VISUAL INSPECTION,VICIVGA01,Do you want to report any condition deterioration of the asset?,YES,nan,S-2029710,SRR-26502542,LALE,TLNWEST,TLN,11,LALE2,Civil Item
08/05/2024,,1,PELH4SCARE,PELH4SCARE,TRCH,nan,RVSCIVAA,TRENCH RD X S/S VISUAL INSECTION,VICIVTC05,Do you want to report Trench or crossing?,TRENCH,nan,S-2032622,SRR-26526806,PELH,TCNWANG,TCN,5,PELH4,Civil Item
08/05/2024,,1,PELH4SCARE,PELH4SCARE,TRCH,nan,RVSCIVAA,TRENCH RD X S/S VISUAL INSECTION,VICIVTC05,Do you want to report Trench or crossing?,TRENCH,nan,S-2032622,SRR-26526809,PELH,TCNWANG,TCN,5,PELH4,Civil Item
08/05/2024,,1,PELH4SCARE,PELH4SCARE,TRCH,nan,RVSCIVAA,TRENCH RD X S/S VISUAL INSECTION,VICIVTC05,Do you want to report Trench or crossing?,TRENCH,nan,S-2032622,SRR-26526812,PELH,TCNWANG,TCN,5,PELH4,Civil Item
08/05/2024,,1,PELH4SCARE,PELH4SCARE,TRCH,nan,RVSCIVAA,TRENCH RD X S/S VISUAL INSECTION,VICIVTC05,Do you want to report Trench or crossing?,VEHICLE CROSSING,nan,S-2032622,SRR-26526815,PELH,TCNWANG,TCN,5,PELH4,Civil Item
09/05/2024,1.0,4,IVER2STECH,IVER2STECH,GAN,nan,RVSGANAA,GANTRY S/S VISUAL INSPECTION,VICIVGA01,Do you want to report any condition deterioration of the asset?,YES,nan,S-2035570,SRR-26552894,IVER,TLNWEST,TLN,11,IVER2,Civil Item
09/05/2024,1.0,4,IVER4STECH,IVER4STECH,GAN,nan,RVSGANAA,GANTRY S/S VISUAL INSPECTION,VICIVGA01,Do you want to report any condition deterioration of the asset?,YES,nan,S-2035642,SRR-26553604,IVER,TLNWEST,TLN,11,IVER4,Civil Item
09/05/2024,1.0,4,IVER1STECH,IVER1STECH,GAN,nan,RVSGANAA,GANTRY S/S VISUAL INSPECTION,VICIVGA01,Do you want to report any condition deterioration of the asset?,YES,nan,S-2035871,SRR-26555572,IVER,TLNWEST,TLN,11,IVER1,Civil Item
09/05/2024,1.0,4,IVER1STECH,IVER1STECH,GAN,nan,RVSGANAA,GANTRY S/S VISUAL INSPECTION,VICIVGA01,Do you want to report any condition deterioration of the asset?,YES,nan,S-2035892,SRR-26555759,IVER,TLNWEST,TLN,11,IVER1,Civil Item
09/05/2024,,1,LALE2SCARE,LALE2SCARE,TRCH,nan,RVSCIVAA,TRENCH RD X S/S VISUAL INSECTION,VICIVTC05,Do you want to report Trench or crossing?,TRENCH,nan,S-2035907,SRR-26555889,LALE,TLNWEST,TLN,5,LALE2,Civil Item
09/05/2024,0.0,4,LALE1STECH,LALE1STECH,GAN,nan,RVSGANAA,GANTRY S/S VISUAL INSPECTION,VICIVGA01,Do you want to report any condition deterioration of the asset?,NO,nan,S-2036104,SRR-26556827,LALE,TLNWEST,TLN,11,LALE1,Civil Item
09/05/2024,,1,LALE1SCARE,LALE1SCARE,TRCH,nan,RVSCIVAA,TRENCH RD X S/S VISUAL INSECTION,VICIVTC05,Do you want to report Trench or crossing?,TRENCH,nan,S-2036106,SRR-26556830,LALE,TLNWEST,TLN,5,LALE1,Civil Item
09/05/2024,,1,IVER1SCARE,IVER1SCARE,TRCH,nan,RVSCIVAA,TRENCH RD X S/S VISUAL INSECTION,VICIVTC05,Do you want to report Trench or crossing?,TRENCH,nan,S-2036125,SRR-26556960,IVER,TLNWEST,TLN,5,IVER1,Civil Item
09/05/2024,,1,IVER1SCARE,IVER1SCARE,TRCH,nan,RVSCIVAA,TRENCH RD X S/S VISUAL INSECTION,VICIVTC05,Do you want to report Trench or crossing?,TRENCH,nan,S-2036125,SRR-26556963,IVER,TLNWEST,TLN,5,IVER1,Civil Item
09/05/2024,,1,IVER1SCARE,IVER1SCARE,TRCH,nan,RVSCIVAA,TRENCH RD X S/S VISUAL INSECTION,VICIVTC05,Do you want to report Trench or crossing?,TRENCH,nan,S-2036125,SRR-26556966,IVER,TLNWEST,TLN,5,IVER1,Civil Item
09/05/2024,,1,IVER1SCARE,IVER1SCARE,TRCH,nan,RVSCIVAA,TRENCH RD X S/S VISUAL INSECTION,VICIVTC05,Do you want to report Trench or crossing?,TRENCH,nan,S-2036125,SRR-26556969,IVER,TLNWEST,TLN,5,IVER1,Civil Item
09/05/2024,,1,IVER1SCARE,IVER1SCARE,TRCH,nan,RVSCIVAA,TRENCH RD X S/S VISUAL INSECTION,VICIVTC05,Do you want to report Trench or crossing?,TRENCH,nan,S-2036125,SRR-26556972,IVER,TLNWEST,TLN,5,IVER1,Civil Item
10/05/2024,0.0,4,PELH4STECH,PELH4STECH,GAN,nan,RVSGANAA,GANTRY S/S VISUAL INSPECTION,VICIVGA01,Do you want to report any condition deterioration of the asset?,NO,nan,S-2037594,SRR-26570650,PELH,TCNWANG,TCN,11,PELH4,Civil Item
10/05/2024,1.0,4,PELH4STECH,PELH4STECH,GAN,nan,RVSGANAA,GANTRY S/S VISUAL INSPECTION,VICIVGA01,Do you want to report any condition deterioration of the asset?,YES,nan,S-2038317,SRR-26575696,PELH,TCNWANG,TCN,11,PELH4,Civil Item
10/05/2024,,1,IVER4SCARE,IVER4SCARE,TRCH,nan,RVSCIVAA,TRENCH RD X S/S VISUAL INSECTION,VICIVTC05,Do you want to report Trench or crossing?,TRENCH,nan,S-2038780,SRR-26580684,IVER,TLNWEST,TLN,5,IVER4,Civil Item
10/05/2024,,1,IVER4SCARE,IVER4SCARE,TRCH,nan,RVSCIVAA,TRENCH RD X S/S VISUAL INSECTION,VICIVTC05,Do you want to report Trench or crossing?,TRENCH,nan,S-2038782,SRR-26580689,IVER,TLNWEST,TLN,5,IVER4,Civil Item
10/05/2024,,1,IVER4SCARE,IVER4SCARE,TRCH,nan,RVSCIVAA,TRENCH RD X S/S VISUAL INSECTION,VICIVTC05,Do you want to report Trench or crossing?,TRENCH,nan,S-2038784,SRR-26580694,IVER,TLNWEST,TLN,5,IVER4,Civil Item
10/05/2024,,1,IVER4SCARE,IVER4SCARE,TRCH,nan,RVSCIVAA,TRENCH RD X S/S VISUAL INSECTION,VICIVTC05,Do you want to report Trench or crossing?,TRENCH,nan,S-2038786,SRR-26580699,IVER,TLNWEST,TLN,5,IVER4,Civil Item
10/05/2024,,1,LALE2SCARE,LALE2SCARE,TRCH,nan,RVSCIVAA,TRENCH RD X S/S VISUAL INSECTION,VICIVTC05,Do you want to report Trench or crossing?,TRENCH,nan,S-2038792,SRR-26580722,LALE,TLNWEST,TLN,5,LALE2,Civil Item
10/05/2024,,1,LALE2SCARE,LALE2SCARE,TRCH,nan,RVSCIVAA,TRENCH RD X S/S VISUAL INSECTION,VICIVTC05,Do you want to report Trench or crossing?,TRENCH,nan,S-2038794,SRR-26580727,LALE,TLNWEST,TLN,5,LALE2,Civil Item
10/05/2024,,1,LALE2SCARE,LALE2SCARE,TRCH,nan,RVSCIVAA,TRENCH RD X S/S VISUAL INSECTION,VICIVTC05,Do you want to report Trench or crossing?,TRENCH,nan,S-2038796,SRR-26580732,LALE,TLNWEST,TLN,5,LALE2,Civil Item
10/05/2024,,1,IVER1SCARE,IVER1SCARE,TRCH,nan,RVSCIVAA,TRENCH RD X S/S VISUAL INSECTION,VICIVTC05,Do you want to report Trench or crossing?,TRENCH,nan,S-2038812,SRR-26580865,IVER,TLNWEST,TLN,5,IVER1,Civil Item
10/05/2024,,1,IVER1SCARE,IVER1SCARE,TRCH,nan,RVSCIVAA,TRENCH RD X S/S VISUAL INSECTION,VICIVTC05,Do you want to report Trench or crossing?,TRENCH,nan,S-2038815,SRR-26580900,IVER,TLNWEST,TLN,5,IVER1,Civil Item
10/05/2024,,1,IVER1SCARE,IVER1SCARE,TRCH,nan,RVSCIVAA,TRENCH RD X S/S VISUAL INSECTION,VICIVTC05,Do you want to report Trench or crossing?,TRENCH,nan,S-2038817,SRR-26580905,IVER,TLNWEST,TLN,5,IVER1,Civil Item
10/05/2024,,1,IVER2SCARE,IVER2SCARE,TRCH,nan,RVSCIVAA,TRENCH RD X S/S VISUAL INSECTION,VICIVTC05,Do you want to report Trench or crossing?,TRENCH,nan,S-2038820,SRR-26580925,IVER,TLNWEST,TLN,5,IVER2,Civil Item
10/05/2024,,1,IVER2SCARE,IVER2SCARE,TRCH,nan,RVSCIVAA,TRENCH RD X S/S VISUAL INSECTION,VICIVTC05,Do you want to report Trench or crossing?,TRENCH,nan,S-2038822,SRR-26580930,IVER,TLNWEST,TLN,5,IVER2,Civil Item
10/05/2024,,1,IVER2SCARE,IVER2SCARE,TRCH,nan,RVSCIVAA,TRENCH RD X S/S VISUAL INSECTION,VICIVTC05,Do you want to report Trench or crossing?,TRENCH,nan,S-2038824,SRR-26580935,IVER,TLNWEST,TLN,5,IVER2,Civil Item
10/05/2024,,1,IVER2SCARE,IVER2SCARE,TRCH,nan,RVSCIVAA,TRENCH RD X S/S VISUAL INSECTION,VICIVTC05,Do you want to report Trench or crossing?,TRENCH,nan,S-2038826,SRR-26580940,IVER,TLNWEST,TLN,5,IVER2,Civil Item
10/05/2024,,1,LALE1SCARE,LALE1SCARE,TRCH,nan,RVSCIVAA,TRENCH RD X S/S VISUAL INSECTION,VICIVTC05,Do you want to report Trench or crossing?,TRENCH,nan,S-2038831,SRR-26580948,LALE,TLNWEST,TLN,5,LALE1,Civil Item
10/05/2024,,1,LALE1SCARE,LALE1SCARE,TRCH,nan,RVSCIVAA,TRENCH RD X S/S VISUAL INSECTION,VICIVTC05,Do you want to report Trench or crossing?,TRENCH,nan,S-2038833,SRR-26580953,LALE,TLNWEST,TLN,5,LALE1,Civil Item
10/05/2024,,1,LALE1SCARE,LALE1SCARE,TRCH,nan,RVSCIVAA,TRENCH RD X S/S VISUAL INSECTION,VICIVTC05,Do you want to report Trench or crossing?,TRENCH,nan,S-2038835,SRR-26580958,LALE,TLNWEST,TLN,5,LALE1,Civil Item
10/05/2024,,1,IVER6BSCARE,IVER6BSCARE,TRCH,nan,RVSCIVAA,TRENCH RD X S/S VISUAL INSECTION,VICIVTC05,Do you want to report Trench or crossing?,TRENCH,nan,S-2038837,SRR-26580963,IVER,TLNWEST,TLN,5,IVER6,Civil Item
10/05/2024,,1,IVER6BSCARE,IVER6BSCARE,TRCH,nan,RVSCIVAA,TRENCH RD X S/S VISUAL INSECTION,VICIVTC05,Do you want to report Trench or crossing?,TRENCH,nan,S-2038840,SRR-26580983,IVER,TLNWEST,TLN,5,IVER6,Civil Item
10/05/2024,,1,IVER6BSCARE,IVER6BSCARE,TRCH,nan,RVSCIVAA,TRENCH RD X S/S VISUAL INSECTION,VICIVTC05,Do you want to report Trench or crossing?,TRENCH,nan,S-2038842,SRR-26580988,IVER,TLNWEST,TLN,5,IVER6,Civil Item
10/05/2024,,1,IVER6BSCARE,IVER6BSCARE,TRCH,nan,RVSCIVAA,TRENCH RD X S/S VISUAL INSECTION,VICIVTC05,Do you want to report Trench or crossing?,TRENCH,nan,S-2038846,SRR-26580995,IVER,TLNWEST,TLN,5,IVER6,Civil Item
10/05/2024,,1,PELH4SCARE,PELH4SCARE,TRCH,nan,RVSCIVAA,TRENCH RD X S/S VISUAL INSECTION,VICIVTC05,Do you want to report Trench or crossing?,TRENCH,nan,S-2038872,SRR-26581332,PELH,TCNWANG,TCN,5,PELH4,Civil Item
10/05/2024,,1,PELH4SCARE,PELH4SCARE,TRCH,nan,RVSCIVAA,TRENCH RD X S/S VISUAL INSECTION,VICIVTC05,Do you want to report Trench or crossing?,TRENCH,nan,S-2038877,SRR-26581382,PELH,TCNWANG,TCN,5,PELH4,Civil Item
10/05/2024,,1,PELH4SCARE,PELH4SCARE,TRCH,nan,RVSCIVAA,TRENCH RD X S/S VISUAL INSECTION,VICIVTC05,Do you want to report Trench or crossing?,TRENCH,nan,S-2038882,SRR-26581432,PELH,TCNWANG,TCN,5,PELH4,Civil Item
10/05/2024,,1,PELH1SCARE,PELH1SCARE,TRCH,nan,RVSCIVAA,TRENCH RD X S/S VISUAL INSECTION,VICIVTC05,Do you want to report Trench or crossing?,TRENCH,nan,S-2038912,SRR-26581789,PELH,TCNWANG,TCN,5,PELH1,Civil Item
10/05/2024,,1,PELH1SCARE,PELH1SCARE,TRCH,nan,RVSCIVAA,TRENCH RD X S/S VISUAL INSECTION,VICIVTC05,Do you want to report Trench or crossing?,TRENCH,nan,S-2038914,SRR-26581794,PELH,TCNWANG,TCN,5,PELH1,Civil Item
10/05/2024,,1,PELH1SCARE,PELH1SCARE,TRCH,nan,RVSCIVAA,TRENCH RD X S/S VISUAL INSECTION,VICIVTC05,Do you want to report Trench or crossing?,TRENCH,nan,S-2038916,SRR-26581799,PELH,TCNWANG,TCN,5,PELH1,Civil Item
10/05/2024,,1,PELH1SCARE,PELH1SCARE,TRCH,nan,RVSCIVAA,TRENCH RD X S/S VISUAL INSECTION,VICIVTC05,Do you want to report Trench or crossing?,TRENCH,nan,S-2038918,SRR-26581804,PELH,TCNWANG,TCN,5,PELH1,Civil Item
13/05/2024,,1,WARL2SCARE,WARL2SCARE,TRCH,nan,RVSCIVAA,TRENCH RD X S/S VISUAL INSECTION,VICIVTC05,Do you want to report Trench or crossing?,TRENCH,nan,S-2040959,SRR-26603534,WARL,TLNEAST,TLN,5,WARL2,Civil Item
13/05/2024,1.0,4,WARL1STECH,WARL1STECH,GAN,nan,RVSGANAA,GANTRY S/S VISUAL INSPECTION,VICIVGA01,Do you want to report any condition deterioration of the asset?,YES,nan,S-2041149,SRR-26606007,WARL,TLNEAST,TLN,11,WARL1,Civil Item
14/05/2024,1.0,4,WARL2STECH,WARL2STECH,GAN,nan,RVSGANAA,GANTRY S/S VISUAL INSPECTION,VICIVGA01,Do you want to report any condition deterioration of the asset?,YES,nan,S-2043647,SRR-26644941,WARL,TLNEAST,TLN,11,WARL2,Civil Item
15/05/2024,0.0,4,NECH2STECH,NECH2STECH,GAN,nan,RVSGANAA,GANTRY S/S VISUAL INSPECTION,VICIVGA01,Do you want to report any condition deterioration of the asset?,NO,nan,S-2048509,SRR-26696484,NECH,TCNSTAF,TCN,11,NECH2,Civil Item
15/05/2024,,1,NECH2SCARE,NECH2SCARE,TRCH,nan,RVSCIVAA,TRENCH RD X S/S VISUAL INSECTION,VICIVTC05,Do you want to report Trench or crossing?,TRENCH,nan,S-2048614,SRR-26697466,NECH,TCNSTAF,TCN,5,NECH2,Civil Item
15/05/2024,,1,NECH2SCARE,NECH2SCARE,TRCH,nan,RVSCIVAA,TRENCH RD X S/S VISUAL INSECTION,VICIVTC05,Do you want to report Trench or crossing?,TRENCH,nan,S-2048614,SRR-26697469,NECH,TCNSTAF,TCN,5,NECH2,Civil Item
15/05/2024,,1,NECH2SCARE,NECH2SCARE,TRCH,nan,RVSCIVAA,TRENCH RD X S/S VISUAL INSECTION,VICIVTC05,Do you want to report Trench or crossing?,TRENCH,nan,S-2048614,SRR-26697472,NECH,TCNSTAF,TCN,5,NECH2,Civil Item
15/05/2024,,1,NECH2SCARE,NECH2SCARE,TRCH,nan,RVSCIVAA,TRENCH RD X S/S VISUAL INSECTION,VICIVTC05,Do you want to report Trench or crossing?,TRENCH,nan,S-2048614,SRR-26697475,NECH,TCNSTAF,TCN,5,NECH2,Civil Item
16/05/2024,,1,NECH2SCARE,NECH2SCARE,TRCH,nan,RVSCIVAA,TRENCH RD X S/S VISUAL INSECTION,VICIVTC05,Do you want to report Trench or crossing?,TRENCH,nan,S-2051582,SRR-26726460,NECH,TCNSTAF,TCN,5,NECH2,Civil Item
16/05/2024,,1,NECH2SCARE,NECH2SCARE,TRCH,nan,RVSCIVAA,TRENCH RD X S/S VISUAL INSECTION,VICIVTC05,Do you want to report Trench or crossing?,TRENCH,nan,S-2051585,SRR-26726509,NECH,TCNSTAF,TCN,5,NECH2,Civil Item
16/05/2024,,1,NECH2SCARE,NECH2SCARE,TRCH,nan,RVSCIVAA,TRENCH RD X S/S VISUAL INSECTION,VICIVTC05,Do you want to report Trench or crossing?,TRENCH,nan,S-2051588,SRR-26726552,NECH,TCNSTAF,TCN,5,NECH2,Civil Item
16/05/2024,,1,WARL2SCARE,WARL2SCARE,TRCH,nan,RVSCIVAA,TRENCH RD X S/S VISUAL INSECTION,VICIVTC05,Do you want to report Trench or crossing?,TRENCH,nan,S-2051597,SRR-26726828,WARL,TLNEAST,TLN,5,WARL2,Civil Item
16/05/2024,,1,WARL2SCARE,WARL2SCARE,TRCH,nan,RVSCIVAA,TRENCH RD X S/S VISUAL INSECTION,VICIVTC05,Do you want to report Trench or crossing?,TRENCH,nan,S-2051600,SRR-26726870,WARL,TLNEAST,TLN,5,WARL2,Civil Item
16/05/2024,,1,WARL2SCARE,WARL2SCARE,TRCH,nan,RVSCIVAA,TRENCH RD X S/S VISUAL INSECTION,VICIVTC05,Do you want to report Trench or crossing?,TRENCH,nan,S-2051602,SRR-26726875,WARL,TLNEAST,TLN,5,WARL2,Civil Item
16/05/2024,,1,WARL1SCARE,WARL1SCARE,TRCH,nan,RVSCIVAA,TRENCH RD X S/S VISUAL INSECTION,VICIVTC05,Do you want to report Trench or crossing?,TRENCH,nan,S-2051636,SRR-26727627,WARL,TLNEAST,TLN,5,WARL1,Civil Item
16/05/2024,,1,WARL1SCARE,WARL1SCARE,TRCH,nan,RVSCIVAA,TRENCH RD X S/S VISUAL INSECTION,VICIVTC05,Do you want to report Trench or crossing?,TRENCH,nan,S-2051638,SRR-26727632,WARL,TLNEAST,TLN,5,WARL1,Civil Item
16/05/2024,,1,WARL1SCARE,WARL1SCARE,TRCH,nan,RVSCIVAA,TRENCH RD X S/S VISUAL INSECTION,VICIVTC05,Do you want to report Trench or crossing?,TRENCH,nan,S-2051640,SRR-26727637,WARL,TLNEAST,TLN,5,WARL1,Civil Item
16/05/2024,,1,WARL1SCARE,WARL1SCARE,TRCH,nan,RVSCIVAA,TRENCH RD X S/S VISUAL INSECTION,VICIVTC05,Do you want to report Trench or crossing?,TRENCH,nan,S-2051642,SRR-26727642,WARL,TLNEAST,TLN,5,WARL1,Civil Item
20/05/2024,,1,BARK1CSCARE,BARK1CSCARE,TRCH,nan,RVSCIVAA,TRENCH RD X S/S VISUAL INSECTION,VICIVTC05,Do you want to report Trench or crossing?,TRENCH,nan,S-2058266,SRR-26792711,BARK,TLNEAST,TLN,5,BARK1,Civil Item
21/05/2024,1.0,4,BARK4STECH,BARK4STECH,GAN,nan,RVSGANAA,GANTRY S/S VISUAL INSPECTION,VICIVGA01,Do you want to report any condition deterioration of the asset?,YES,nan,S-2061437,SRR-26811148,BARK,TLNEAST,TLN,11,BARK4,Civil Item
21/05/2024,,1,BARK4SCARE,BARK4SCARE,TRCH,nan,RVSCIVAA,TRENCH RD X S/S VISUAL INSECTION,VICIVTC05,Do you want to report Trench or crossing?,TRENCH,nan,S-2061464,SRR-26811477,BARK,TLNEAST,TLN,5,BARK4,Civil Item
21/05/2024,1.0,4,BARK2STECH,BARK2STECH,GAN,nan,RVSGANAA,GANTRY S/S VISUAL INSPECTION,VICIVGA01,Do you want to report any condition deterioration of the asset?,YES,nan,S-2062070,SRR-26817137,BARK,TLNEAST,TLN,11,BARK2,Civil Item
21/05/2024,,1,BARK3SCARE,BARK3SCARE,TRCH,nan,RVSCIVAA,TRENCH RD X S/S VISUAL INSECTION,VICIVTC05,Do you want to report Trench or crossing?,TRENCH,nan,S-2062498,SRR-26821213,BARK,TLNEAST,TLN,5,BARK3,Civil Item
22/05/2024,,1,BRIN4X11SA,BRIN4X11SA,TRCH,nan,RVSCIVAA,TRENCH RD X S/S VISUAL INSECTION,VICIVTC05,Do you want to report Trench or crossing?,TRENCH,nan,S-2066922,SRR-26855717,BRIN,TNESHEF,TNE,5,BRIN4,Civil Item
22/05/2024,,1,BRIN4X11SA,BRIN4X11SA,TRCH,nan,RVSCIVAA,TRENCH RD X S/S VISUAL INSECTION,VICIVTC05,Do you want to report Trench or crossing?,TRENCH,nan,S-2066995,SRR-26856622,BRIN,TNESHEF,TNE,5,BRIN4,Civil Item
22/05/2024,,1,BRIN4X11SA,BRIN4X11SA,TRCH,nan,RVSCIVAA,TRENCH RD X S/S VISUAL INSECTION,VICIVTC05,Do you want to report Trench or crossing?,TRENCH,nan,S-2067002,SRR-26856827,BRIN,TNESHEF,TNE,5,BRIN4,Civil Item
22/05/2024,,1,BRIN4X11SA,BRIN4X11SA,TRCH,nan,RVSCIVAA,TRENCH RD X S/S VISUAL INSECTION,VICIVTC05,Do you want to report Trench or crossing?,TRENCH,nan,S-2067033,SRR-26857055,BRIN,TNESHEF,TNE,5,BRIN4,Civil Item
23/05/2024,,1,BRIN4X11SA,BRIN4X11SA,TRCH,nan,RVSCIVAA,TRENCH RD X S/S VISUAL INSECTION,VICIVTC05,Do you want to report Trench or crossing?,TRENCH,nan,S-2068442,SRR-26878822,BRIN,TNESHEF,TNE,5,BRIN4,Civil Item
23/05/2024,,1,BRIN4X11SA,BRIN4X11SA,TRCH,nan,RVSCIVAA,TRENCH RD X S/S VISUAL INSECTION,VICIVTC05,Do you want to report Trench or crossing?,VEHICLE CROSSING,nan,S-2068442,SRR-26878825,BRIN,TNESHEF,TNE,5,BRIN4,Civil Item
24/05/2024,,1,BARK1CSCARE,BARK1CSCARE,TRCH,nan,RVSCIVAA,TRENCH RD X S/S VISUAL INSECTION,VICIVTC05,Do you want to report Trench or crossing?,TRENCH,nan,S-2070525,SRR-26900047,BARK,TLNEAST,TLN,5,BARK1,Civil Item
24/05/2024,,1,BARK1CSCARE,BARK1CSCARE,TRCH,nan,RVSCIVAA,TRENCH RD X S/S VISUAL INSECTION,VICIVTC05,Do you want to report Trench or crossing?,TRENCH,nan,S-2070528,SRR-26900055,BARK,TLNEAST,TLN,5,BARK1,Civil Item
24/05/2024,,1,BARK1CSCARE,BARK1CSCARE,TRCH,nan,RVSCIVAA,TRENCH RD X S/S VISUAL INSECTION,VICIVTC05,Do you want to report Trench or crossing?,TRENCH,nan,S-2070531,SRR-26900063,BARK,TLNEAST,TLN,5,BARK1,Civil Item
24/05/2024,,1,BARK4SCARE,BARK4SCARE,TRCH,nan,RVSCIVAA,TRENCH RD X S/S VISUAL INSECTION,VICIVTC05,Do you want to report Trench or crossing?,TRENCH,nan,S-2070970,SRR-26903259,BARK,TLNEAST,TLN,5,BARK4,Civil Item
24/05/2024,,1,BARK4SCARE,BARK4SCARE,TRCH,nan,RVSCIVAA,TRENCH RD X S/S VISUAL INSECTION,VICIVTC05,Do you want to report Trench or crossing?,TRENCH,nan,S-2070973,SRR-26903267,BARK,TLNEAST,TLN,5,BARK4,Civil Item
24/05/2024,,1,BARK4SCARE,BARK4SCARE,TRCH,nan,RVSCIVAA,TRENCH RD X S/S VISUAL INSECTION,VICIVTC05,Do you want to report Trench or crossing?,TRENCH,nan,S-2070976,SRR-26903275,BARK,TLNEAST,TLN,5,BARK4,Civil Item
24/05/2024,,1,BARK2SCARE,BARK2SCARE,TRCH,nan,RVSCIVAA,TRENCH RD X S/S VISUAL INSECTION,VICIVTC05,Do you want to report Trench or crossing?,TRENCH,nan,S-2070993,SRR-26903380,BARK,TLNEAST,TLN,5,BARK2,Civil Item
24/05/2024,,1,BARK2SCARE,BARK2SCARE,TRCH,nan,RVSCIVAA,TRENCH RD X S/S VISUAL INSECTION,VICIVTC05,Do you want to report Trench or crossing?,TRENCH,nan,S-2070997,SRR-26903452,BARK,TLNEAST,TLN,5,BARK2,Civil Item
24/05/2024,,1,BARK2SCARE,BARK2SCARE,TRCH,nan,RVSCIVAA,TRENCH RD X S/S VISUAL INSECTION,VICIVTC05,Do you want to report Trench or crossing?,TRENCH,nan,S-2071001,SRR-26903524,BARK,TLNEAST,TLN,5,BARK2,Civil Item
24/05/2024,,1,BARK2SCARE,BARK2SCARE,TRCH,nan,RVSCIVAA,TRENCH RD X S/S VISUAL INSECTION,VICIVTC05,Do you want to report Trench or crossing?,TRENCH,nan,S-2071004,SRR-26903532,BARK,TLNEAST,TLN,5,BARK2,Civil Item
24/05/2024,,1,BARK3SCARE,BARK3SCARE,TRCH,nan,RVSCIVAA,TRENCH RD X S/S VISUAL INSECTION,VICIVTC05,Do you want to report Trench or crossing?,TRENCH,nan,S-2071013,SRR-26903636,BARK,TLNEAST,TLN,5,BARK3,Civil Item
24/05/2024,,1,BARK3SCARE,BARK3SCARE,TRCH,nan,RVSCIVAA,TRENCH RD X S/S VISUAL INSECTION,VICIVTC05,Do you want to report Trench or crossing?,TRENCH,nan,S-2071017,SRR-26903668,BARK,TLNEAST,TLN,5,BARK3,Civil Item
24/05/2024,,1,BARK3SCARE,BARK3SCARE,TRCH,nan,RVSCIVAA,TRENCH RD X S/S VISUAL INSECTION,VICIVTC05,Do you want to report Trench or crossing?,TRENCH,nan,S-2071020,SRR-26903676,BARK,TLNEAST,TLN,5,BARK3,Civil Item
29/05/2024,1.0,4,HACK2STECH,HACK2STECH,GAN,nan,RVSGANAA,GANTRY S/S VISUAL INSPECTION,VICIVGA01,Do you want to report any condition deterioration of the asset?,YES,nan,S-2076679,SRR-26965705,HACK,TLNNEST,TLN,11,HACK2,Civil Item
29/05/2024,0.0,4,BULL4STECH,BULL4STECH,GAN,nan,RVSGANAA,GANTRY S/S VISUAL INSPECTION,VICIVGA01,Do you want to report any condition deterioration of the asset?,NO,nan,S-2078390,SRR-26974980,BULL,TCNESSX,TCN,11,BULL4,Civil Item
29/05/2024,,1,BULL4SCARE,BULL4SCARE,TRCH,nan,RVSCIVAA,TRENCH RD X S/S VISUAL INSECTION,VICIVTC05,Do you want to report Trench or crossing?,TRENCH,nan,S-2078413,SRR-26975106,BULL,TCNESSX,TCN,5,BULL4,Civil Item
31/05/2024,,1,HACK2SCARE,HACK2SCARE,TRCH,nan,RVSCIVAA,TRENCH RD X S/S VISUAL INSECTION,VICIVTC05,Do you want to report Trench or crossing?,TRENCH,nan,S-2084940,SRR-27033221,HACK,TLNNEST,TLN,5,HACK2,Civil Item
31/05/2024,,1,HACK2SCARE,HACK2SCARE,TRCH,nan,RVSCIVAA,TRENCH RD X S/S VISUAL INSECTION,VICIVTC05,Do you want to report Trench or crossing?,TRENCH,nan,S-2084945,SRR-27033236,HACK,TLNNEST,TLN,5,HACK2,Civil Item
31/05/2024,,1,HACK2SCARE,HACK2SCARE,TRCH,nan,RVSCIVAA,TRENCH RD X S/S VISUAL INSECTION,VICIVTC05,Do you want to report Trench or crossing?,TRENCH,nan,S-2084948,SRR-27033244,HACK,TLNNEST,TLN,5,HACK2,Civil Item
31/05/2024,,1,HACK2SCARE,HACK2SCARE,TRCH,nan,RVSCIVAA,TRENCH RD X S/S VISUAL INSECTION,VICIVTC05,Do you want to report Trench or crossing?,TRENCH,nan,S-2084953,SRR-27033279,HACK,TLNNEST,TLN,5,HACK2,Civil Item
31/05/2024,,1,HACK4SCARE,HACK4SCARE,TRCH,nan,RVSCIVAA,TRENCH RD X S/S VISUAL INSECTION,VICIVTC05,Do you want to report Trench or crossing?,TRENCH,nan,S-2084987,SRR-27033435,HACK,TLNNEST,TLN,5,HACK4,Civil Item
31/05/2024,,1,HACK4SCARE,HACK4SCARE,TRCH,nan,RVSCIVAA,TRENCH RD X S/S VISUAL INSECTION,VICIVTC05,Do you want to report Trench or crossing?,TRENCH,nan,S-2084991,SRR-27033465,HACK,TLNNEST,TLN,5,HACK4,Civil Item
31/05/2024,,1,HACK4SCARE,HACK4SCARE,TRCH,nan,RVSCIVAA,TRENCH RD X S/S VISUAL INSECTION,VICIVTC05,Do you want to report Trench or crossing?,TRENCH,nan,S-2084994,SRR-27033473,HACK,TLNNEST,TLN,5,HACK4,Civil Item
31/05/2024,,1,HACK4SCARE,HACK4SCARE,TRCH,nan,RVSCIVAA,TRENCH RD X S/S VISUAL INSECTION,VICIVTC05,Do you want to report Trench or crossing?,TRENCH,nan,S-2085000,SRR-27033508,HACK,TLNNEST,TLN,5,HACK4,Civil Item
04/06/2024,,1,MILH2SCARE,MILH2SCARE,TRCH,nan,RVSCIVAA,TRENCH RD X S/S VISUAL INSECTION,VICIVTC05,Do you want to report Trench or crossing?,TRENCH,nan,S-2092124,SRR-27095219,MILH,TLNNWST,TLN,5,MILH2,Civil Item
04/06/2024,1.0,4,MILH2STECH,MILH2STECH,GAN,nan,RVSGANAA,GANTRY S/S VISUAL INSPECTION,VICIVGA01,Do you want to report any condition deterioration of the asset?,YES,nan,S-2093551,SRR-27109925,MILH,TLNNWST,TLN,11,MILH2,Civil Item
04/06/2024,,1,MILH1SCARE,MILH1SCARE,TRCH,nan,RVSCIVAA,TRENCH RD X S/S VISUAL INSECTION,VICIVTC05,Do you want to report Trench or crossing?,TRENCH,nan,S-2093564,SRR-27110051,MILH,TLNNWST,TLN,5,MILH1,Civil Item
04/06/2024,,1,MILH1SCARE,MILH1SCARE,TRCH,nan,RVSCIVAA,TRENCH RD X S/S VISUAL INSECTION,VICIVTC05,Do you want to report Trench or crossing?,TRENCH,nan,S-2093564,SRR-27110054,MILH,TLNNWST,TLN,5,MILH1,Civil Item
04/06/2024,,1,MILH1SCARE,MILH1SCARE,TRCH,nan,RVSCIVAA,TRENCH RD X S/S VISUAL INSECTION,VICIVTC05,Do you want to report Trench or crossing?,TRENCH,nan,S-2093564,SRR-27110057,MILH,TLNNWST,TLN,5,MILH1,Civil Item
04/06/2024,,1,MILH1SCARE,MILH1SCARE,TRCH,nan,RVSCIVAA,TRENCH RD X S/S VISUAL INSECTION,VICIVTC05,Do you want to report Trench or crossing?,TRENCH,nan,S-2093564,SRR-27110060,MILH,TLNNWST,TLN,5,MILH1,Civil Item
04/06/2024,,1,MILH1SCARE,MILH1SCARE,TRCH,nan,RVSCIVAA,TRENCH RD X S/S VISUAL INSECTION,VICIVTC05,Do you want to report Trench or crossing?,TRENCH,nan,S-2093564,SRR-27110063,MILH,TLNNWST,TLN,5,MILH1,Civil Item
04/06/2024,,1,MILH1SCARE,MILH1SCARE,TRCH,nan,RVSCIVAA,TRENCH RD X S/S VISUAL INSECTION,VICIVTC05,Do you want to report Trench or crossing?,TRENCH,nan,S-2093564,SRR-27110066,MILH,TLNNWST,TLN,5,MILH1,Civil Item
04/06/2024,,1,MILH1SCARE,MILH1SCARE,TRCH,nan,RVSCIVAA,TRENCH RD X S/S VISUAL INSECTION,VICIVTC05,Do you want to report Trench or crossing?,TRENCH,nan,S-2093564,SRR-27110069,MILH,TLNNWST,TLN,5,MILH1,Civil Item
04/06/2024,,1,MILH1SCARE,MILH1SCARE,TRCH,nan,RVSCIVAA,TRENCH RD X S/S VISUAL INSECTION,VICIVTC05,Do you want to report Trench or crossing?,TRENCH,nan,S-2093564,SRR-27110072,MILH,TLNNWST,TLN,5,MILH1,Civil Item
04/06/2024,,1,MILH1SCARE,MILH1SCARE,TRCH,nan,RVSCIVAA,TRENCH RD X S/S VISUAL INSECTION,VICIVTC05,Do you want to report Trench or crossing?,TRENCH,nan,S-2093564,SRR-27110075,MILH,TLNNWST,TLN,5,MILH1,Civil Item
04/06/2024,,1,MILH1SCARE,MILH1SCARE,TRCH,nan,RVSCIVAA,TRENCH RD X S/S VISUAL INSECTION,VICIVTC05,Do you want to report Trench or crossing?,TRENCH,nan,S-2093564,SRR-27110078,MILH,TLNNWST,TLN,5,MILH1,Civil Item
04/06/2024,,1,MILH1SCARE,MILH1SCARE,TRCH,nan,RVSCIVAA,TRENCH RD X S/S VISUAL INSECTION,VICIVTC05,Do you want to report Trench or crossing?,TRENCH,nan,S-2093564,SRR-27110081,MILH,TLNNWST,TLN,5,MILH1,Civil Item
04/06/2024,,1,MILH1SCARE,MILH1SCARE,TRCH,nan,RVSCIVAA,TRENCH RD X S/S VISUAL INSECTION,VICIVTC05,Do you want to report Trench or crossing?,TRENCH,nan,S-2093564,SRR-27110084,MILH,TLNNWST,TLN,5,MILH1,Civil Item
04/06/2024,,1,MILH1SCARE,MILH1SCARE,TRCH,nan,RVSCIVAA,TRENCH RD X S/S VISUAL INSECTION,VICIVTC05,Do you want to report Trench or crossing?,TRENCH,nan,S-2093564,SRR-27110087,MILH,TLNNWST,TLN,5,MILH1,Civil Item
04/06/2024,,1,MILH1SCARE,MILH1SCARE,TRCH,nan,RVSCIVAA,TRENCH RD X S/S VISUAL INSECTION,VICIVTC05,Do you want to report Trench or crossing?,TRENCH,nan,S-2093564,SRR-27110090,MILH,TLNNWST,TLN,5,MILH1,Civil Item
04/06/2024,,1,MILH1SCARE,MILH1SCARE,TRCH,nan,RVSCIVAA,TRENCH RD X S/S VISUAL INSECTION,VICIVTC05,Do you want to report Trench or crossing?,TRENCH,nan,S-2093564,SRR-27110093,MILH,TLNNWST,TLN,5,MILH1,Civil Item
04/06/2024,,1,MILH1SCARE,MILH1SCARE,TRCH,nan,RVSCIVAA,TRENCH RD X S/S VISUAL INSECTION,VICIVTC05,Do you want to report Trench or crossing?,TRENCH,nan,S-2093564,SRR-27110096,MILH,TLNNWST,TLN,5,MILH1,Civil Item
04/06/2024,,1,MILH1SCARE,MILH1SCARE,TRCH,nan,RVSCIVAA,TRENCH RD X S/S VISUAL INSECTION,VICIVTC05,Do you want to report Trench or crossing?,TRENCH,nan,S-2093564,SRR-27110099,MILH,TLNNWST,TLN,5,MILH1,Civil Item
04/06/2024,,1,MILH1SCARE,MILH1SCARE,TRCH,nan,RVSCIVAA,TRENCH RD X S/S VISUAL INSECTION,VICIVTC05,Do you want to report Trench or crossing?,TRENCH,nan,S-2093564,SRR-27110102,MILH,TLNNWST,TLN,5,MILH1,Civil Item
04/06/2024,,1,MILH1SCARE,MILH1SCARE,TRCH,nan,RVSCIVAA,TRENCH RD X S/S VISUAL INSECTION,VICIVTC05,Do you want to report Trench or crossing?,TRENCH,nan,S-2093564,SRR-27110105,MILH,TLNNWST,TLN,5,MILH1,Civil Item
04/06/2024,,1,MILH1SCARE,MILH1SCARE,TRCH,nan,RVSCIVAA,TRENCH RD X S/S VISUAL INSECTION,VICIVTC05,Do you want to report Trench or crossing?,TRENCH,nan,S-2093564,SRR-27110108,MILH,TLNNWST,TLN,5,MILH1,Civil Item
04/06/2024,,1,MILH1SCARE,MILH1SCARE,TRCH,nan,RVSCIVAA,TRENCH RD X S/S VISUAL INSECTION,VICIVTC05,Do you want to report Trench or crossing?,TRENCH,nan,S-2093564,SRR-27110111,MILH,TLNNWST,TLN,5,MILH1,Civil Item
04/06/2024,,1,MILH1SCARE,MILH1SCARE,TRCH,nan,RVSCIVAA,TRENCH RD X S/S VISUAL INSECTION,VICIVTC05,Do you want to report Trench or crossing?,TRENCH,nan,S-2093564,SRR-27110114,MILH,TLNNWST,TLN,5,MILH1,Civil Item
04/06/2024,,1,MILH1SCARE,MILH1SCARE,TRCH,nan,RVSCIVAA,TRENCH RD X S/S VISUAL INSECTION,VICIVTC05,Do you want to report Trench or crossing?,TRENCH,nan,S-2093564,SRR-27110117,MILH,TLNNWST,TLN,5,MILH1,Civil Item
04/06/2024,,1,MILH1SCARE,MILH1SCARE,TRCH,nan,RVSCIVAA,TRENCH RD X S/S VISUAL INSECTION,VICIVTC05,Do you want to report Trench or crossing?,TRENCH,nan,S-2093564,SRR-27110120,MILH,TLNNWST,TLN,5,MILH1,Civil Item
04/06/2024,,1,MILH1SCARE,MILH1SCARE,TRCH,nan,RVSCIVAA,TRENCH RD X S/S VISUAL INSECTION,VICIVTC05,Do you want to report Trench or crossing?,TRENCH,nan,S-2093564,SRR-27110123,MILH,TLNNWST,TLN,5,MILH1,Civil Item
04/06/2024,,1,MILH1SCARE,MILH1SCARE,TRCH,nan,RVSCIVAA,TRENCH RD X S/S VISUAL INSECTION,VICIVTC05,Do you want to report Trench or crossing?,TRENCH,nan,S-2093564,SRR-27110126,MILH,TLNNWST,TLN,5,MILH1,Civil Item
04/06/2024,,1,MILH1SCARE,MILH1SCARE,TRCH,nan,RVSCIVAA,TRENCH RD X S/S VISUAL INSECTION,VICIVTC05,Do you want to report Trench or crossing?,TRENCH,nan,S-2093564,SRR-27110129,MILH,TLNNWST,TLN,5,MILH1,Civil Item
04/06/2024,1.0,4,MILH1STECH,MILH1STECH,GAN,nan,RVSGANAA,GANTRY S/S VISUAL INSPECTION,VICIVGA01,Do you want to report any condition deterioration of the asset?,YES,nan,S-2093570,SRR-27110192,MILH,TLNNWST,TLN,11,MILH1,Civil Item
05/06/2024,1.0,4,HURS2STECH,HURS2STECH,GAN,nan,RVSGANAA,GANTRY S/S VISUAL INSPECTION,VICIVGA01,Do you want to report any condition deterioration of the asset?,YES,nan,S-2094405,SRR-27122691,HURS,TLNSOTH,TLN,11,HURS2,Civil Item
05/06/2024,,1,HURS2SCARE,HURS2SCARE,TRCH,nan,RVSCIVAA,TRENCH RD X S/S VISUAL INSECTION,VICIVTC05,Do you want to report Trench or crossing?,TRENCH,nan,S-2094413,SRR-27122734,HURS,TLNSOTH,TLN,5,HURS2,Civil Item
05/06/2024,,1,HURS2SCARE,HURS2SCARE,TRCH,nan,RVSCIVAA,TRENCH RD X S/S VISUAL INSECTION,VICIVTC05,Do you want to report Trench or crossing?,TRENCH,nan,S-2094413,SRR-27122737,HURS,TLNSOTH,TLN,5,HURS2,Civil Item
06/06/2024,,1,BULL4SCARE,BULL4SCARE,TRCH,nan,RVSCIVAA,TRENCH RD X S/S VISUAL INSECTION,VICIVTC05,Do you want to report Trench or crossing?,TRENCH,nan,S-2107693,SRR-27206678,BULL,TCNESSX,TCN,5,BULL4,Civil Item
06/06/2024,,1,BULL4SCARE,BULL4SCARE,TRCH,nan,RVSCIVAA,TRENCH RD X S/S VISUAL INSECTION,VICIVTC05,Do you want to report Trench or crossing?,TRENCH,nan,S-2107696,SRR-27206686,BULL,TCNESSX,TCN,5,BULL4,Civil Item
06/06/2024,,1,BULL4SCARE,BULL4SCARE,TRCH,nan,RVSCIVAA,TRENCH RD X S/S VISUAL INSECTION,VICIVTC05,Do you want to report Trench or crossing?,TRENCH,nan,S-2107699,SRR-27206694,BULL,TCNESSX,TCN,5,BULL4,Civil Item
06/06/2024,,1,MILH2SCARE,MILH2SCARE,TRCH,nan,RVSCIVAA,TRENCH RD X S/S VISUAL INSECTION,VICIVTC05,Do you want to report Trench or crossing?,TRENCH,nan,S-2107729,SRR-27206777,MILH,TLNNWST,TLN,5,MILH2,Civil Item
06/06/2024,,1,MILH2SCARE,MILH2SCARE,TRCH,nan,RVSCIVAA,TRENCH RD X S/S VISUAL INSECTION,VICIVTC05,Do you want to report Trench or crossing?,TRENCH,nan,S-2107732,SRR-27206785,MILH,TLNNWST,TLN,5,MILH2,Civil Item
06/06/2024,,1,MILH2SCARE,MILH2SCARE,TRCH,nan,RVSCIVAA,TRENCH RD X S/S VISUAL INSECTION,VICIVTC05,Do you want to report Trench or crossing?,TRENCH,nan,S-2107735,SRR-27206793,MILH,TLNNWST,TLN,5,MILH2,Civil Item
06/06/2024,,1,MILH1SCARE,MILH1SCARE,TRCH,nan,RVSCIVAA,TRENCH RD X S/S VISUAL INSECTION,VICIVTC05,Do you want to report Trench or crossing?,TRENCH,nan,S-2107753,SRR-27206836,MILH,TLNNWST,TLN,5,MILH1,Civil Item
06/06/2024,,1,MILH1SCARE,MILH1SCARE,TRCH,nan,RVSCIVAA,TRENCH RD X S/S VISUAL INSECTION,VICIVTC05,Do you want to report Trench or crossing?,TRENCH,nan,S-2107756,SRR-27206844,MILH,TLNNWST,TLN,5,MILH1,Civil Item
06/06/2024,,1,MILH1SCARE,MILH1SCARE,TRCH,nan,RVSCIVAA,TRENCH RD X S/S VISUAL INSECTION,VICIVTC05,Do you want to report Trench or crossing?,TRENCH,nan,S-2107759,SRR-27206852,MILH,TLNNWST,TLN,5,MILH1,Civil Item
06/06/2024,,1,HURS2SCARE,HURS2SCARE,TRCH,nan,RVSCIVAA,TRENCH RD X S/S VISUAL INSECTION,VICIVTC05,Do you want to report Trench or crossing?,TRENCH,nan,S-2107772,SRR-27206890,HURS,TLNSOTH,TLN,5,HURS2,Civil Item
06/06/2024,,1,HURS2SCARE,HURS2SCARE,TRCH,nan,RVSCIVAA,TRENCH RD X S/S VISUAL INSECTION,VICIVTC05,Do you want to report Trench or crossing?,TRENCH,nan,S-2107775,SRR-27206898,HURS,TLNSOTH,TLN,5,HURS2,Civil Item
06/06/2024,,1,HURS2SCARE,HURS2SCARE,TRCH,nan,RVSCIVAA,TRENCH RD X S/S VISUAL INSECTION,VICIVTC05,Do you want to report Trench or crossing?,TRENCH,nan,S-2107778,SRR-27206906,HURS,TLNSOTH,TLN,5,HURS2,Civil Item
07/06/2024,0.0,4,MILH1STECH,MILH1STECH,GAN,nan,RVSGANAA,GANTRY S/S VISUAL INSPECTION,VICIVGA01,Do you want to report any condition deterioration of the asset?,NO,nan,S-2108735,SRR-27216311,MILH,TLNNWST,TLN,11,MILH1,Civil Item
10/06/2024,,1,WIMB1SCARE,WIMB1SCARE,TRCH,nan,RVSCIVAA,TRENCH RD X S/S VISUAL INSECTION,VICIVTC05,Do you want to report Trench or crossing?,TRENCH,nan,S-2112106,SRR-27240374,WIMB,TLNSOTH,TLN,5,WIMB1,Civil Item
10/06/2024,1.0,4,WIMB1STECH,WIMB1STECH,GAN,nan,RVSGANAA,GANTRY S/S VISUAL INSPECTION,VICIVGA01,Do you want to report any condition deterioration of the asset?,YES,nan,S-2112192,SRR-27241638,WIMB,TLNSOTH,TLN,11,WIMB1,Civil Item
10/06/2024,1.0,4,WIMB1STECH,WIMB1STECH,GAN,nan,RVSGANAA,GANTRY S/S VISUAL INSPECTION,VICIVGA01,Do you want to report any condition deterioration of the asset?,YES,nan,S-2112220,SRR-27241857,WIMB,TLNSOTH,TLN,11,WIMB1,Civil Item
12/06/2024,1.0,4,GRIW4STECH,GRIW4STECH,GAN,nan,RVSGANAA,GANTRY S/S VISUAL INSPECTION,VICIVGA01,Do you want to report any condition deterioration of the asset?,YES,nan,S-2116301,SRR-27288723,GRIW,TNESHUM,TNE,11,GRIW4,Civil Item
12/06/2024,,1,GRIW4SCARE,GRIW4SCARE,TRCH,nan,RVSCIVAA,TRENCH RD X S/S VISUAL INSECTION,VICIVTC05,Do you want to report Trench or crossing?,TRENCH,nan,S-2116312,SRR-27288763,GRIW,TNESHUM,TNE,5,GRIW4,Civil Item
12/06/2024,,1,GRIW1SCARE,GRIW1SCARE,TRCH,nan,RVSCIVAA,TRENCH RD X S/S VISUAL INSECTION,VICIVTC05,Do you want to report Trench or crossing?,TRENCH,nan,S-2116679,SRR-27292191,GRIW,TNESHUM,TNE,5,GRIW1,Civil Item
12/06/2024,0.0,4,GRIW1STECH,GRIW1STECH,GAN,nan,RVSGANAA,GANTRY S/S VISUAL INSPECTION,VICIVGA01,Do you want to report any condition deterioration of the asset?,NO,nan,S-2116700,SRR-27292335,GRIW,TNESHUM,TNE,11,GRIW1,Civil Item
12/06/2024,1.0,4,GRIW1STECH,GRIW1STECH,GAN,nan,RVSGANAA,GANTRY S/S VISUAL INSPECTION,VICIVGA01,Do you want to report any condition deterioration of the asset?,YES,nan,S-2116798,SRR-27293138,GRIW,TNESHUM,TNE,11,GRIW1,Civil Item
13/06/2024,1.0,4,WIMB1STECH,WIMB1STECH,GAN,nan,RVSGANAA,GANTRY S/S VISUAL INSPECTION,VICIVGA01,Do you want to report any condition deterioration of the asset?,YES,nan,S-2119839,SRR-27326480,WIMB,TLNSOTH,TLN,11,WIMB1,Civil Item
13/06/2024,,1,WIMB1SCARE,WIMB1SCARE,TRCH,nan,RVSCIVAA,TRENCH RD X S/S VISUAL INSECTION,VICIVTC05,Do you want to report Trench or crossing?,TRENCH,nan,S-2119863,SRR-27326614,WIMB,TLNSOTH,TLN,5,WIMB1,Civil Item
13/06/2024,,1,WIMB1SCARE,WIMB1SCARE,TRCH,nan,RVSCIVAA,TRENCH RD X S/S VISUAL INSECTION,VICIVTC05,Do you want to report Trench or crossing?,TRENCH,nan,S-2119878,SRR-27326979,WIMB,TLNSOTH,TLN,5,WIMB1,Civil Item
13/06/2024,,1,WIMB1SCARE,WIMB1SCARE,TRCH,nan,RVSCIVAA,TRENCH RD X S/S VISUAL INSECTION,VICIVTC05,Do you want to report Trench or crossing?,TRENCH,nan,S-2119882,SRR-27326992,WIMB,TLNSOTH,TLN,5,WIMB1,Civil Item
13/06/2024,,1,GRIW1SCARE,GRIW1SCARE,TRCH,nan,RVSCIVAA,TRENCH RD X S/S VISUAL INSECTION,VICIVTC05,Do you want to report Trench or crossing?,TRENCH,nan,S-2119923,SRR-27327169,GRIW,TNESHUM,TNE,5,GRIW1,Civil Item
13/06/2024,,1,GRIW1SCARE,GRIW1SCARE,TRCH,nan,RVSCIVAA,TRENCH RD X S/S VISUAL INSECTION,VICIVTC05,Do you want to report Trench or crossing?,TRENCH,nan,S-2119928,SRR-27327188,GRIW,TNESHUM,TNE,5,GRIW1,Civil Item
13/06/2024,,1,GRIW4SCARE,GRIW4SCARE,TRCH,nan,RVSCIVAA,TRENCH RD X S/S VISUAL INSECTION,VICIVTC05,Do you want to report Trench or crossing?,TRENCH,nan,S-2119950,SRR-27327273,GRIW,TNESHUM,TNE,5,GRIW4,Civil Item
13/06/2024,,1,GRIW4SCARE,GRIW4SCARE,TRCH,nan,RVSCIVAA,TRENCH RD X S/S VISUAL INSECTION,VICIVTC05,Do you want to report Trench or crossing?,TRENCH,nan,S-2119960,SRR-27327315,GRIW,TNESHUM,TNE,5,GRIW4,Civil Item
14/06/2024,,1,GRIW1SCARE,GRIW1SCARE,TRCH,nan,RVSCIVAA,TRENCH RD X S/S VISUAL INSECTION,VICIVTC05,Do you want to report Trench or crossing?,VEHICLE CROSSING,nan,S-2120875,SRR-27339881,GRIW,TNESHUM,TNE,5,GRIW1,Civil Item
14/06/2024,,1,GRIW4SCARE,GRIW4SCARE,TRCH,nan,RVSCIVAA,TRENCH RD X S/S VISUAL INSECTION,VICIVTC05,Do you want to report Trench or crossing?,TRENCH,nan,S-2120881,SRR-27339908,GRIW,TNESHUM,TNE,5,GRIW4,Civil Item
14/06/2024,0.0,4,GRIW4STECH,GRIW4STECH,GAN,nan,RVSGANAA,GANTRY S/S VISUAL INSPECTION,VICIVGA01,Do you want to report any condition deterioration of the asset?,NO,nan,S-2120888,SRR-27339966,GRIW,TNESHUM,TNE,11,GRIW4,Civil Item
17/06/2024,,1,STEN1SCARE,STEN1SCARE,TRCH,nan,RVSCIVAA,TRENCH RD X S/S VISUAL INSECTION,VICIVTC05,Do you want to report Trench or crossing?,TRENCH,nan,S-2122661,SRR-27375217,STEN,TNEBORD,TNE,5,STEN1,Civil Item
17/06/2024,,1,STEN1SCARE,STEN1SCARE,TRCH,nan,RVSCIVAA,TRENCH RD X S/S VISUAL INSECTION,VICIVTC05,Do you want to report Trench or crossing?,TRENCH,nan,S-2122730,SRR-27375618,STEN,TNEBORD,TNE,5,STEN1,Civil Item
17/06/2024,,1,STES1SCARE,STES1SCARE,TRCH,nan,RVSCIVAA,TRENCH RD X S/S VISUAL INSECTION,VICIVTC05,Do you want to report Trench or crossing?,VEHICLE CROSSING,nan,S-2124756,SRR-27384478,STES,TNEBORD,TNE,5,STES1,Civil Item
17/06/2024,,1,STES1SCARE,STES1SCARE,TRCH,nan,RVSCIVAA,TRENCH RD X S/S VISUAL INSECTION,VICIVTC05,Do you want to report Trench or crossing?,TRENCH,nan,S-2124756,SRR-27384481,STES,TNEBORD,TNE,5,STES1,Civil Item
17/06/2024,,1,STES1SCARE,STES1SCARE,TRCH,nan,RVSCIVAA,TRENCH RD X S/S VISUAL INSECTION,VICIVTC05,Do you want to report Trench or crossing?,TRENCH,nan,S-2124756,SRR-27384484,STES,TNEBORD,TNE,5,STES1,Civil Item
17/06/2024,,1,STES1SCARE,STES1SCARE,TRCH,nan,RVSCIVAA,TRENCH RD X S/S VISUAL INSECTION,VICIVTC05,Do you want to report Trench or crossing?,TRENCH,nan,S-2124756,SRR-27384487,STES,TNEBORD,TNE,5,STES1,Civil Item
17/06/2024,,1,STES1SCARE,STES1SCARE,TRCH,nan,RVSCIVAA,TRENCH RD X S/S VISUAL INSECTION,VICIVTC05,Do you want to report Trench or crossing?,TRENCH,nan,S-2124756,SRR-27384490,STES,TNEBORD,TNE,5,STES1,Civil Item
17/06/2024,,1,STES1SCARE,STES1SCARE,TRCH,nan,RVSCIVAA,TRENCH RD X S/S VISUAL INSECTION,VICIVTC05,Do you want to report Trench or crossing?,TRENCH,nan,S-2124756,SRR-27384493,STES,TNEBORD,TNE,5,STES1,Civil Item
17/06/2024,,1,STES1SCARE,STES1SCARE,TRCH,nan,RVSCIVAA,TRENCH RD X S/S VISUAL INSECTION,VICIVTC05,Do you want to report Trench or crossing?,TRENCH,nan,S-2124756,SRR-27384496,STES,TNEBORD,TNE,5,STES1,Civil Item
18/06/2024,1.0,4,STEW2STECH,STEW2STECH,GAN,nan,RVSGANAA,GANTRY S/S VISUAL INSPECTION,VICIVGA01,Do you want to report any condition deterioration of the asset?,YES,nan,S-2128623,SRR-27426013,STEW,TNEBORD,TNE,11,STEW2,Civil Item
18/06/2024,,1,STEW2SCARE,STEW2SCARE,TRCH,nan,RVSCIVAA,TRENCH RD X S/S VISUAL INSECTION,VICIVTC05,Do you want to report Trench or crossing?,TRENCH,nan,S-2128714,SRR-27427566,STEW,TNEBORD,TNE,5,STEW2,Civil Item
21/06/2024,,1,STEN1SCARE,STEN1SCARE,TRCH,nan,RVSCIVAA,TRENCH RD X S/S VISUAL INSECTION,VICIVTC05,Do you want to report Trench or crossing?,TRENCH,nan,S-2140418,SRR-27515107,STEN,TNEBORD,TNE,5,STEN1,Civil Item
21/06/2024,,1,STEN1SCARE,STEN1SCARE,TRCH,nan,RVSCIVAA,TRENCH RD X S/S VISUAL INSECTION,VICIVTC05,Do you want to report Trench or crossing?,TRENCH,nan,S-2140517,SRR-27516797,STEN,TNEBORD,TNE,5,STEN1,Civil Item
21/06/2024,,1,STES1SCARE,STES1SCARE,TRCH,nan,RVSCIVAA,TRENCH RD X S/S VISUAL INSECTION,VICIVTC05,Do you want to report Trench or crossing?,TRENCH,nan,S-2140568,SRR-27516960,STES,TNEBORD,TNE,5,STES1,Civil Item
21/06/2024,,1,STES1SCARE,STES1SCARE,TRCH,nan,RVSCIVAA,TRENCH RD X S/S VISUAL INSECTION,VICIVTC05,Do you want to report Trench or crossing?,TRENCH,nan,S-2140572,SRR-27516971,STES,TNEBORD,TNE,5,STES1,Civil Item
21/06/2024,,1,STES1SCARE,STES1SCARE,TRCH,nan,RVSCIVAA,TRENCH RD X S/S VISUAL INSECTION,VICIVTC05,Do you want to report Trench or crossing?,TRENCH,nan,S-2140577,SRR-27517006,STES,TNEBORD,TNE,5,STES1,Civil Item
21/06/2024,,1,STEW2SCARE,STEW2SCARE,TRCH,nan,RVSCIVAA,TRENCH RD X S/S VISUAL INSECTION,VICIVTC05,Do you want to report Trench or crossing?,TRENCH,nan,S-2140621,SRR-27517215,STEW,TNEBORD,TNE,5,STEW2,Civil Item
21/06/2024,,1,STEW2SCARE,STEW2SCARE,TRCH,nan,RVSCIVAA,TRENCH RD X S/S VISUAL INSECTION,VICIVTC05,Do you want to report Trench or crossing?,TRENCH,nan,S-2140625,SRR-27517226,STEW,TNEBORD,TNE,5,STEW2,Civil Item
21/06/2024,,1,STEW2SCARE,STEW2SCARE,TRCH,nan,RVSCIVAA,TRENCH RD X S/S VISUAL INSECTION,VICIVTC05,Do you want to report Trench or crossing?,TRENCH,nan,S-2140629,SRR-27517237,STEW,TNEBORD,TNE,5,STEW2,Civil Item
21/06/2024,,1,STEW4SCARE,STEW4SCARE,TRCH,nan,RVSCIVAA,TRENCH RD X S/S VISUAL INSECTION,VICIVTC05,Do you want to report Trench or crossing?,TRENCH,nan,S-2140669,SRR-27517348,STEW,TNEBORD,TNE,5,STEW4,Civil Item
21/06/2024,,1,STEW4SCARE,STEW4SCARE,TRCH,nan,RVSCIVAA,TRENCH RD X S/S VISUAL INSECTION,VICIVTC05,Do you want to report Trench or crossing?,TRENCH,nan,S-2140673,SRR-27517359,STEW,TNEBORD,TNE,5,STEW4,Civil Item
21/06/2024,,1,STEW4SCARE,STEW4SCARE,TRCH,nan,RVSCIVAA,TRENCH RD X S/S VISUAL INSECTION,VICIVTC05,Do you want to report Trench or crossing?,TRENCH,nan,S-2140677,SRR-27517370,STEW,TNEBORD,TNE,5,STEW4,Civil Item
21/06/2024,,1,STEW4SCARE,STEW4SCARE,TRCH,nan,RVSCIVAA,TRENCH RD X S/S VISUAL INSECTION,VICIVTC05,Do you want to report Trench or crossing?,TRENCH,nan,S-2140681,SRR-27517381,STEW,TNEBORD,TNE,5,STEW4,Civil Item
24/06/2024,,1,CREB4SCARE,CREB4SCARE,TRCH,nan,RVSCIVAA,TRENCH RD X S/S VISUAL INSECTION,VICIVTC05,Do you want to report Trench or crossing?,TRENCH,nan,S-2142114,SRR-27533207,CREB,TNENHUM,TNE,5,CREB4,Civil Item
24/06/2024,,1,CREB4SCARE,CREB4SCARE,TRCH,nan,RVSCIVAA,TRENCH RD X S/S VISUAL INSECTION,VICIVTC05,Do you want to report Trench or crossing?,TRENCH,nan,S-2142114,SRR-27533210,CREB,TNENHUM,TNE,5,CREB4,Civil Item
24/06/2024,,1,CREB4SCARE,CREB4SCARE,TRCH,nan,RVSCIVAA,TRENCH RD X S/S VISUAL INSECTION,VICIVTC05,Do you want to report Trench or crossing?,VEHICLE CROSSING,nan,S-2142114,SRR-27533213,CREB,TNENHUM,TNE,5,CREB4,Civil Item
24/06/2024,,1,CREB4SCARE,CREB4SCARE,TRCH,nan,RVSCIVAA,TRENCH RD X S/S VISUAL INSECTION,VICIVTC05,Do you want to report Trench or crossing?,TRENCH,nan,S-2142114,SRR-27533216,CREB,TNENHUM,TNE,5,CREB4,Civil Item
24/06/2024,,1,CREB4SCARE,CREB4SCARE,TRCH,nan,RVSCIVAA,TRENCH RD X S/S VISUAL INSECTION,VICIVTC05,Do you want to report Trench or crossing?,TRENCH,nan,S-2142114,SRR-27533219,CREB,TNENHUM,TNE,5,CREB4,Civil Item
25/06/2024,1.0,4,CREB4STECH,CREB4STECH,GAN,nan,RVSGANAA,GANTRY S/S VISUAL INSPECTION,VICIVGA01,Do you want to report any condition deterioration of the asset?,YES,nan,S-2146409,SRR-27575978,CREB,TNENHUM,TNE,11,CREB4,Civil Item
27/06/2024,,1,CREB4SCARE,CREB4SCARE,TRCH,nan,RVSCIVAA,TRENCH RD X S/S VISUAL INSECTION,VICIVTC05,Do you want to report Trench or crossing?,TRENCH,nan,S-2154784,SRR-27653424,CREB,TNENHUM,TNE,5,CREB4,Civil Item
27/06/2024,,1,CREB4SCARE,CREB4SCARE,TRCH,nan,RVSCIVAA,TRENCH RD X S/S VISUAL INSECTION,VICIVTC05,Do you want to report Trench or crossing?,TRENCH,nan,S-2154790,SRR-27653444,CREB,TNENHUM,TNE,5,CREB4,Civil Item
27/06/2024,,1,CREB4SCARE,CREB4SCARE,TRCH,nan,RVSCIVAA,TRENCH RD X S/S VISUAL INSECTION,VICIVTC05,Do you want to report Trench or crossing?,TRENCH,nan,S-2154797,SRR-27653586,CREB,TNENHUM,TNE,5,CREB4,Civil Item
27/06/2024,,1,CREB1BSCARE,CREB1BSCARE,TRCH,nan,RVSCIVAA,TRENCH RD X S/S VISUAL INSECTION,VICIVTC05,Do you want to report Trench or crossing?,TRENCH,nan,S-2154857,SRR-27654081,CREB,TNENHUM,TNE,5,CREB1,Civil Item
27/06/2024,,1,CREB1BSCARE,CREB1BSCARE,TRCH,nan,RVSCIVAA,TRENCH RD X S/S VISUAL INSECTION,VICIVTC05,Do you want to report Trench or crossing?,TRENCH,nan,S-2154894,SRR-27654191,CREB,TNENHUM,TNE,5,CREB1,Civil Item
27/06/2024,,1,CREB1BSCARE,CREB1BSCARE,TRCH,nan,RVSCIVAA,TRENCH RD X S/S VISUAL INSECTION,VICIVTC05,Do you want to report Trench or crossing?,TRENCH,nan,S-2154900,SRR-27654209,CREB,TNENHUM,TNE,5,CREB1,Civil Item
27/06/2024,,1,CREB1BSCARE,CREB1BSCARE,TRCH,nan,RVSCIVAA,TRENCH RD X S/S VISUAL INSECTION,VICIVTC05,Do you want to report Trench or crossing?,TRENCH,nan,S-2154908,SRR-27654233,CREB,TNENHUM,TNE,5,CREB1,Civil Item
02/07/2024,1.0,4,NORT4STECH,NORT4STECH,GAN,nan,RVSGANAA,GANTRY S/S VISUAL INSPECTION,VICIVGA01,Do you want to report any condition deterioration of the asset?,YES,nan,S-2164105,SRR-27736648,NORT,TNETEES,TNE,11,NORT4,Civil Item
02/07/2024,,1,NORT4SCARE,NORT4SCARE,TRCH,nan,RVSCIVAA,TRENCH RD X S/S VISUAL INSECTION,VICIVTC05,Do you want to report Trench or crossing?,TRENCH,nan,S-2164229,SRR-27737463,NORT,TNETEES,TNE,5,NORT4,Civil Item
02/07/2024,,1,NORT4SCARE,NORT4SCARE,TRCH,nan,RVSCIVAA,TRENCH RD X S/S VISUAL INSECTION,VICIVTC05,Do you want to report Trench or crossing?,TRENCH,nan,S-2164229,SRR-27737466,NORT,TNETEES,TNE,5,NORT4,Civil Item
02/07/2024,,1,NORT4SCARE,NORT4SCARE,TRCH,nan,RVSCIVAA,TRENCH RD X S/S VISUAL INSECTION,VICIVTC05,Do you want to report Trench or crossing?,TRENCH,nan,S-2164229,SRR-27737469,NORT,TNETEES,TNE,5,NORT4,Civil Item
02/07/2024,,1,NORT4SCARE,NORT4SCARE,TRCH,nan,RVSCIVAA,TRENCH RD X S/S VISUAL INSECTION,VICIVTC05,Do you want to report Trench or crossing?,TRENCH,nan,S-2164229,SRR-27737472,NORT,TNETEES,TNE,5,NORT4,Civil Item
02/07/2024,,1,NORT4SCARE,NORT4SCARE,TRCH,nan,RVSCIVAA,TRENCH RD X S/S VISUAL INSECTION,VICIVTC05,Do you want to report Trench or crossing?,TRENCH,nan,S-2164229,SRR-27737475,NORT,TNETEES,TNE,5,NORT4,Civil Item
02/07/2024,,1,NORT4SCARE,NORT4SCARE,TRCH,nan,RVSCIVAA,TRENCH RD X S/S VISUAL INSECTION,VICIVTC05,Do you want to report Trench or crossing?,TRENCH,nan,S-2164229,SRR-27737478,NORT,TNETEES,TNE,5,NORT4,Civil Item
02/07/2024,,1,NORT4SCARE,NORT4SCARE,TRCH,nan,RVSCIVAA,TRENCH RD X S/S VISUAL INSECTION,VICIVTC05,Do you want to report Trench or crossing?,TRENCH,nan,S-2164229,SRR-27737481,NORT,TNETEES,TNE,5,NORT4,Civil Item
02/07/2024,,1,NORT4SCARE,NORT4SCARE,TRCH,nan,RVSCIVAA,TRENCH RD X S/S VISUAL INSECTION,VICIVTC05,Do you want to report Trench or crossing?,TRENCH,nan,S-2164229,SRR-27737484,NORT,TNETEES,TNE,5,NORT4,Civil Item
02/07/2024,,1,NORT4SCARE,NORT4SCARE,TRCH,nan,RVSCIVAA,TRENCH RD X S/S VISUAL INSECTION,VICIVTC05,Do you want to report Trench or crossing?,TRENCH,nan,S-2164229,SRR-27737487,NORT,TNETEES,TNE,5,NORT4,Civil Item
04/07/2024,,1,SWAN2SCARE,SWAN2SCARE,TRCH,nan,RVSCIVAA,TRENCH RD X S/S VISUAL INSECTION,VICIVTC05,Do you want to report Trench or crossing?,TRENCH,nan,S-2171434,SRR-27803461,SWAN,TSWSWAW,TSW,5,SWAN2,Civil Item
04/07/2024,,1,SWAN2SCARE,SWAN2SCARE,TRCH,nan,RVSCIVAA,TRENCH RD X S/S VISUAL INSECTION,VICIVTC05,Do you want to report Trench or crossing?,TRENCH,nan,S-2171434,SRR-27803464,SWAN,TSWSWAW,TSW,5,SWAN2,Civil Item
04/07/2024,1.0,4,SWAN2STECH,SWAN2STECH,GAN,nan,RVSGANAA,GANTRY S/S VISUAL INSPECTION,VICIVGA01,Do you want to report any condition deterioration of the asset?,YES,nan,S-2171598,SRR-27805071,SWAN,TSWSWAW,TSW,11,SWAN2,Civil Item
05/07/2024,,1,SWAN1SCARE,SWAN1SCARE,TRCH,nan,RVSCIVAA,TRENCH RD X S/S VISUAL INSECTION,VICIVTC05,Do you want to report Trench or crossing?,TRENCH,nan,S-2175210,SRR-27839265,SWAN,TSWSWAW,TSW,5,SWAN1,Civil Item
05/07/2024,,1,SWAN1SCARE,SWAN1SCARE,TRCH,nan,RVSCIVAA,TRENCH RD X S/S VISUAL INSECTION,VICIVTC05,Do you want to report Trench or crossing?,TRENCH,nan,S-2175215,SRR-27839283,SWAN,TSWSWAW,TSW,5,SWAN1,Civil Item
05/07/2024,,1,SWAN1SCARE,SWAN1SCARE,TRCH,nan,RVSCIVAA,TRENCH RD X S/S VISUAL INSECTION,VICIVTC05,Do you want to report Trench or crossing?,TRENCH,nan,S-2175220,SRR-27839301,SWAN,TSWSWAW,TSW,5,SWAN1,Civil Item
05/07/2024,,1,SWAN1SCARE,SWAN1SCARE,TRCH,nan,RVSCIVAA,TRENCH RD X S/S VISUAL INSECTION,VICIVTC05,Do you want to report Trench or crossing?,TRENCH,nan,S-2175225,SRR-27839319,SWAN,TSWSWAW,TSW,5,SWAN1,Civil Item
05/07/2024,,1,SWAN2SCARE,SWAN2SCARE,TRCH,nan,RVSCIVAA,TRENCH RD X S/S VISUAL INSECTION,VICIVTC05,Do you want to report Trench or crossing?,TRENCH,nan,S-2175286,SRR-27839559,SWAN,TSWSWAW,TSW,5,SWAN2,Civil Item
05/07/2024,,1,SWAN2SCARE,SWAN2SCARE,TRCH,nan,RVSCIVAA,TRENCH RD X S/S VISUAL INSECTION,VICIVTC05,Do you want to report Trench or crossing?,TRENCH,nan,S-2175291,SRR-27839577,SWAN,TSWSWAW,TSW,5,SWAN2,Civil Item
05/07/2024,,1,SWAN2SCARE,SWAN2SCARE,TRCH,nan,RVSCIVAA,TRENCH RD X S/S VISUAL INSECTION,VICIVTC05,Do you want to report Trench or crossing?,TRENCH,nan,S-2175296,SRR-27839595,SWAN,TSWSWAW,TSW,5,SWAN2,Civil Item
05/07/2024,,1,SWAN4BSCARE,SWAN4BSCARE,TRCH,nan,RVSCIVAA,TRENCH RD X S/S VISUAL INSECTION,VICIVTC05,Do you want to report Trench or crossing?,TRENCH,nan,S-2175346,SRR-27839798,SWAN,TSWSWAW,TSW,5,SWAN4,Civil Item
05/07/2024,,1,SWAN4BSCARE,SWAN4BSCARE,TRCH,nan,RVSCIVAA,TRENCH RD X S/S VISUAL INSECTION,VICIVTC05,Do you want to report Trench or crossing?,TRENCH,nan,S-2175351,SRR-27839816,SWAN,TSWSWAW,TSW,5,SWAN4,Civil Item
05/07/2024,,1,SWAN4BSCARE,SWAN4BSCARE,TRCH,nan,RVSCIVAA,TRENCH RD X S/S VISUAL INSECTION,VICIVTC05,Do you want to report Trench or crossing?,TRENCH,nan,S-2175356,SRR-27839834,SWAN,TSWSWAW,TSW,5,SWAN4,Civil Item
05/07/2024,,1,SWAN4BSCARE,SWAN4BSCARE,TRCH,nan,RVSCIVAA,TRENCH RD X S/S VISUAL INSECTION,VICIVTC05,Do you want to report Trench or crossing?,TRENCH,nan,S-2175361,SRR-27839852,SWAN,TSWSWAW,TSW,5,SWAN4,Civil Item
05/07/2024,,1,NORT1SCARE,NORT1SCARE,TRCH,nan,RVSCIVAA,TRENCH RD X S/S VISUAL INSECTION,VICIVTC05,Do you want to report Trench or crossing?,TRENCH,nan,S-2175415,SRR-27840069,NORT,TNETEES,TNE,5,NORT1,Civil Item
05/07/2024,,1,NORT1SCARE,NORT1SCARE,TRCH,nan,RVSCIVAA,TRENCH RD X S/S VISUAL INSECTION,VICIVTC05,Do you want to report Trench or crossing?,TRENCH,nan,S-2175420,SRR-27840087,NORT,TNETEES,TNE,5,NORT1,Civil Item
05/07/2024,,1,NORT1SCARE,NORT1SCARE,TRCH,nan,RVSCIVAA,TRENCH RD X S/S VISUAL INSECTION,VICIVTC05,Do you want to report Trench or crossing?,TRENCH,nan,S-2175425,SRR-27840105,NORT,TNETEES,TNE,5,NORT1,Civil Item
05/07/2024,,1,NORT1SCARE,NORT1SCARE,TRCH,nan,RVSCIVAA,TRENCH RD X S/S VISUAL INSECTION,VICIVTC05,Do you want to report Trench or crossing?,TRENCH,nan,S-2175429,SRR-27840119,NORT,TNETEES,TNE,5,NORT1,Civil Item
05/07/2024,,1,NORT2SCARE,NORT2SCARE,TRCH,nan,RVSCIVAA,TRENCH RD X S/S VISUAL INSECTION,VICIVTC05,Do you want to report Trench or crossing?,TRENCH,nan,S-2175516,SRR-27840469,NORT,TNETEES,TNE,5,NORT2,Civil Item
05/07/2024,,1,NORT2SCARE,NORT2SCARE,TRCH,nan,RVSCIVAA,TRENCH RD X S/S VISUAL INSECTION,VICIVTC05,Do you want to report Trench or crossing?,TRENCH,nan,S-2175521,SRR-27840487,NORT,TNETEES,TNE,5,NORT2,Civil Item
05/07/2024,,1,NORT2SCARE,NORT2SCARE,TRCH,nan,RVSCIVAA,TRENCH RD X S/S VISUAL INSECTION,VICIVTC05,Do you want to report Trench or crossing?,TRENCH,nan,S-2175526,SRR-27840505,NORT,TNETEES,TNE,5,NORT2,Civil Item
05/07/2024,,1,NORT4SCARE,NORT4SCARE,TRCH,nan,RVSCIVAA,TRENCH RD X S/S VISUAL INSECTION,VICIVTC05,Do you want to report Trench or crossing?,TRENCH,nan,S-2175549,SRR-27840601,NORT,TNETEES,TNE,5,NORT4,Civil Item
05/07/2024,,1,NORT4SCARE,NORT4SCARE,TRCH,nan,RVSCIVAA,TRENCH RD X S/S VISUAL INSECTION,VICIVTC05,Do you want to report Trench or crossing?,TRENCH,nan,S-2175554,SRR-27840619,NORT,TNETEES,TNE,5,NORT4,Civil Item
05/07/2024,,1,NORT4SCARE,NORT4SCARE,TRCH,nan,RVSCIVAA,TRENCH RD X S/S VISUAL INSECTION,VICIVTC05,Do you want to report Trench or crossing?,TRENCH,nan,S-2175559,SRR-27840637,NORT,TNETEES,TNE,5,NORT4,Civil Item
08/07/2024,,1,SPEN4SCARE,SPEN4SCARE,TRCH,nan,RVSCIVAA,TRENCH RD X S/S VISUAL INSECTION,VICIVTC05,Do you want to report Trench or crossing?,TRENCH,nan,S-2178385,SRR-27861591,SPEN,TNEWEAR,TNE,5,SPEN4,Civil Item
08/07/2024,0.0,4,SPEN4STECH,SPEN4STECH,GAN,nan,RVSGANAA,GANTRY S/S VISUAL INSPECTION,VICIVGA01,Do you want to report any condition deterioration of the asset?,NO,nan,S-2178849,SRR-27864411,SPEN,TNEWEAR,TNE,11,SPEN4,Civil Item
08/07/2024,1.0,4,POPP2STECH,POPP2STECH,GAN,nan,RVSGANAA,GANTRY S/S VISUAL INSPECTION,VICIVGA01,Do you want to report any condition deterioration of the asset?,YES,nan,S-2179138,SRR-27865996,POPP,TNENHUM,TNE,11,POPP2,Civil Item
08/07/2024,,1,SPEN2SCARE,SPEN2SCARE,TRCH,nan,RVSCIVAA,TRENCH RD X S/S VISUAL INSECTION,VICIVTC05,Do you want to report Trench or crossing?,VEHICLE CROSSING,nan,S-2179819,SRR-27869887,SPEN,TNEWEAR,TNE,5,SPEN2,Civil Item
08/07/2024,,1,NORT2SCARE,NORT2SCARE,TRCH,nan,RVSCIVAA,TRENCH RD X S/S VISUAL INSECTION,VICIVTC05,Do you want to report Trench or crossing?,TRENCH,nan,S-2180088,SRR-27871808,NORT,TNETEES,TNE,5,NORT2,Civil Item
08/07/2024,0.0,4,NORT4STECH,NORT4STECH,GAN,nan,RVSGANAA,GANTRY S/S VISUAL INSPECTION,VICIVGA01,Do you want to report any condition deterioration of the asset?,NO,nan,S-2180162,SRR-27872091,NORT,TNETEES,TNE,11,NORT4,Civil Item
09/07/2024,0.0,4,JORD2STECH,JORD2STECH,GAN,nan,RVSGANAA,GANTRY S/S VISUAL INSPECTION,VICIVGA01,Do you want to report any condition deterioration of the asset?,NO,nan,S-2182488,SRR-27888785,JORD,TNESHEF,TNE,11,JORD2,Civil Item
09/07/2024,,1,JORD2SCARE,JORD2SCARE,TRCH,nan,RVSCIVAA,TRENCH RD X S/S VISUAL INSECTION,VICIVTC05,Do you want to report Trench or crossing?,TRENCH,nan,S-2183171,SRR-27897820,JORD,TNESHEF,TNE,5,JORD2,Civil Item
10/07/2024,,1,PITS2SCARE,PITS2SCARE,TRCH,nan,RVSCIVAA,TRENCH RD X S/S VISUAL INSECTION,VICIVTC05,Do you want to report Trench or crossing?,TRENCH,nan,S-2187143,SRR-27932314,PITS,TNESHEF,TNE,5,PITS2,Civil Item
11/07/2024,,1,SPEN2SCARE,SPEN2SCARE,TRCH,nan,RVSCIVAA,TRENCH RD X S/S VISUAL INSECTION,VICIVTC05,Do you want to report Trench or crossing?,TRENCH,nan,S-2190459,SRR-27969520,SPEN,TNEWEAR,TNE,5,SPEN2,Civil Item
11/07/2024,,1,SPEN2SCARE,SPEN2SCARE,TRCH,nan,RVSCIVAA,TRENCH RD X S/S VISUAL INSECTION,VICIVTC05,Do you want to report Trench or crossing?,TRENCH,nan,S-2190472,SRR-27969657,SPEN,TNEWEAR,TNE,5,SPEN2,Civil Item
11/07/2024,,1,SPEN2SCARE,SPEN2SCARE,TRCH,nan,RVSCIVAA,TRENCH RD X S/S VISUAL INSECTION,VICIVTC05,Do you want to report Trench or crossing?,TRENCH,nan,S-2190479,SRR-27969714,SPEN,TNEWEAR,TNE,5,SPEN2,Civil Item
11/07/2024,,1,SPEN1SCARE,SPEN1SCARE,TRCH,nan,RVSCIVAA,TRENCH RD X S/S VISUAL INSECTION,VICIVTC05,Do you want to report Trench or crossing?,TRENCH,nan,S-2190504,SRR-27970053,SPEN,TNEWEAR,TNE,5,SPEN1,Civil Item
11/07/2024,,1,SPEN1SCARE,SPEN1SCARE,TRCH,nan,RVSCIVAA,TRENCH RD X S/S VISUAL INSECTION,VICIVTC05,Do you want to report Trench or crossing?,TRENCH,nan,S-2190510,SRR-27970106,SPEN,TNEWEAR,TNE,5,SPEN1,Civil Item
11/07/2024,,1,SPEN1SCARE,SPEN1SCARE,TRCH,nan,RVSCIVAA,TRENCH RD X S/S VISUAL INSECTION,VICIVTC05,Do you want to report Trench or crossing?,TRENCH,nan,S-2190523,SRR-27970226,SPEN,TNEWEAR,TNE,5,SPEN1,Civil Item
11/07/2024,,1,SPEN1SCARE,SPEN1SCARE,TRCH,nan,RVSCIVAA,TRENCH RD X S/S VISUAL INSECTION,VICIVTC05,Do you want to report Trench or crossing?,TRENCH,nan,S-2190526,SRR-27970259,SPEN,TNEWEAR,TNE,5,SPEN1,Civil Item
11/07/2024,,1,SPEN4SCARE,SPEN4SCARE,TRCH,nan,RVSCIVAA,TRENCH RD X S/S VISUAL INSECTION,VICIVTC05,Do you want to report Trench or crossing?,TRENCH,nan,S-2191010,SRR-27971039,SPEN,TNEWEAR,TNE,5,SPEN4,Civil Item
11/07/2024,,1,SPEN4SCARE,SPEN4SCARE,TRCH,nan,RVSCIVAA,TRENCH RD X S/S VISUAL INSECTION,VICIVTC05,Do you want to report Trench or crossing?,TRENCH,nan,S-2191014,SRR-27971054,SPEN,TNEWEAR,TNE,5,SPEN4,Civil Item
11/07/2024,,1,SPEN4SCARE,SPEN4SCARE,TRCH,nan,RVSCIVAA,TRENCH RD X S/S VISUAL INSECTION,VICIVTC05,Do you want to report Trench or crossing?,TRENCH,nan,S-2191017,SRR-27971064,SPEN,TNEWEAR,TNE,5,SPEN4,Civil Item
11/07/2024,,1,POPP2SCARE,POPP2SCARE,TRCH,nan,RVSCIVAA,TRENCH RD X S/S VISUAL INSECTION,VICIVTC05,Do you want to report Trench or crossing?,TRENCH,nan,S-2191307,SRR-27971729,POPP,TNENHUM,TNE,5,POPP2,Civil Item
11/07/2024,,1,POPP2SCARE,POPP2SCARE,TRCH,nan,RVSCIVAA,TRENCH RD X S/S VISUAL INSECTION,VICIVTC05,Do you want to report Trench or crossing?,TRENCH,nan,S-2191313,SRR-27971756,POPP,TNENHUM,TNE,5,POPP2,Civil Item
11/07/2024,0.0,4,POPP2STECH,POPP2STECH,GAN,nan,RVSGANAA,GANTRY S/S VISUAL INSPECTION,VICIVGA01,Do you want to report any condition deterioration of the asset?,NO,nan,S-2191319,SRR-27971827,POPP,TNENHUM,TNE,11,POPP2,Civil Item
11/07/2024,,1,POPPBRSCARE,POPPBRSCARE,TRCH,nan,RVSCIVAA,TRENCH RD X S/S VISUAL INSECTION,VICIVTC05,Do you want to report Trench or crossing?,TRENCH,nan,S-2191369,SRR-27972212,POPP,TNENHUM,TNE,5,POPPB,Civil Item
11/07/2024,,1,JORD2SCARE,JORD2SCARE,TRCH,nan,RVSCIVAA,TRENCH RD X S/S VISUAL INSECTION,VICIVTC05,Do you want to report Trench or crossing?,TRENCH,nan,S-2191565,SRR-27973445,JORD,TNESHEF,TNE,5,JORD2,Civil Item
11/07/2024,,1,JORD2SCARE,JORD2SCARE,TRCH,nan,RVSCIVAA,TRENCH RD X S/S VISUAL INSECTION,VICIVTC05,Do you want to report Trench or crossing?,TRENCH,nan,S-2191583,SRR-27973550,JORD,TNESHEF,TNE,5,JORD2,Civil Item
11/07/2024,,1,JORD2SCARE,JORD2SCARE,TRCH,nan,RVSCIVAA,TRENCH RD X S/S VISUAL INSECTION,VICIVTC05,Do you want to report Trench or crossing?,TRENCH,nan,S-2191587,SRR-27973567,JORD,TNESHEF,TNE,5,JORD2,Civil Item
11/07/2024,,1,PITS2SCARE,PITS2SCARE,TRCH,nan,RVSCIVAA,TRENCH RD X S/S VISUAL INSECTION,VICIVTC05,Do you want to report Trench or crossing?,TRENCH,nan,S-2191641,SRR-27973863,PITS,TNESHEF,TNE,5,PITS2,Civil Item
11/07/2024,,1,PITS2SCARE,PITS2SCARE,TRCH,nan,RVSCIVAA,TRENCH RD X S/S VISUAL INSECTION,VICIVTC05,Do you want to report Trench or crossing?,TRENCH,nan,S-2191651,SRR-27973905,PITS,TNESHEF,TNE,5,PITS2,Civil Item
11/07/2024,,1,PITS2SCARE,PITS2SCARE,TRCH,nan,RVSCIVAA,TRENCH RD X S/S VISUAL INSECTION,VICIVTC05,Do you want to report Trench or crossing?,TRENCH,nan,S-2191658,SRR-27973946,PITS,TNESHEF,TNE,5,PITS2,Civil Item
11/07/2024,,1,POPPBRSCARE,POPPBRSCARE,TRCH,nan,RVSCIVAA,TRENCH RD X S/S VISUAL INSECTION,VICIVTC05,Do you want to report Trench or crossing?,TRENCH,nan,S-2191724,SRR-27974468,POPP,TNENHUM,TNE,5,POPPB,Civil Item
11/07/2024,,1,POPPBRSCARE,POPPBRSCARE,TRCH,nan,RVSCIVAA,TRENCH RD X S/S VISUAL INSECTION,VICIVTC05,Do you want to report Trench or crossing?,TRENCH,nan,S-2191734,SRR-27974539,POPP,TNENHUM,TNE,5,POPPB,Civil Item
15/07/2024,,1,POPPBRSCARE,POPPBRSCARE,TRCH,nan,RVSCIVAA,TRENCH RD X S/S VISUAL INSECTION,VICIVTC05,Do you want to report Trench or crossing?,TRENCH,nan,S-2197983,SRR-28020921,POPP,TNENHUM,TNE,5,POPPB,Civil Item
15/07/2024,,1,POPP2SCARE,POPP2SCARE,TRCH,nan,RVSCIVAA,TRENCH RD X S/S VISUAL INSECTION,VICIVTC05,Do you want to report Trench or crossing?,TRENCH,nan,S-2198071,SRR-28021452,POPP,TNENHUM,TNE,5,POPP2,Civil Item
15/07/2024,0.0,4,SHBA4STECH,SHBA4STECH,GAN,nan,RVSGANAA,GANTRY S/S VISUAL INSPECTION,VICIVGA01,Do you want to report any condition deterioration of the asset?,NO,nan,S-2198900,SRR-28026079,SHBA,TNESHUM,TNE,11,SHBA4,Civil Item
15/07/2024,,1,SHBA4SCARE,SHBA4SCARE,TRCH,nan,RVSCIVAA,TRENCH RD X S/S VISUAL INSECTION,VICIVTC05,Do you want to report Trench or crossing?,TRENCH,nan,S-2198917,SRR-28026291,SHBA,TNESHUM,TNE,5,SHBA4,Civil Item
15/07/2024,1.0,4,SHBA4STECH,SHBA4STECH,GAN,nan,RVSGANAA,GANTRY S/S VISUAL INSPECTION,VICIVGA01,Do you want to report any condition deterioration of the asset?,YES,nan,S-2200882,SRR-28046481,SHBA,TNESHUM,TNE,11,SHBA4,Civil Item
15/07/2024,,1,SHBA4SCARE,SHBA4SCARE,TRCH,nan,RVSCIVAA,TRENCH RD X S/S VISUAL INSECTION,VICIVTC05,Do you want to report Trench or crossing?,TRENCH,nan,S-2200900,SRR-28046612,SHBA,TNESHUM,TNE,5,SHBA4,Civil Item
16/07/2024,,1,WBUR4SCARE,WBUR4SCARE,TRCH,nan,RVSCIVAA,TRENCH RD X S/S VISUAL INSECTION,VICIVTC05,Do you want to report Trench or crossing?,TRENCH,nan,S-2202479,SRR-28060039,WBUR,TNETVAL,TNE,5,WBUR4,Civil Item
16/07/2024,,1,WBUR4SCARE,WBUR4SCARE,TRCH,nan,RVSCIVAA,TRENCH RD X S/S VISUAL INSECTION,VICIVTC05,Do you want to report Trench or crossing?,TRENCH,nan,S-2202479,SRR-28060042,WBUR,TNETVAL,TNE,5,WBUR4,Civil Item
16/07/2024,,1,WBUR4SCARE,WBUR4SCARE,TRCH,nan,RVSCIVAA,TRENCH RD X S/S VISUAL INSECTION,VICIVTC05,Do you want to report Trench or crossing?,TRENCH,nan,S-2202479,SRR-28060045,WBUR,TNETVAL,TNE,5,WBUR4,Civil Item
16/07/2024,,1,WBUR4SCARE,WBUR4SCARE,TRCH,nan,RVSCIVAA,TRENCH RD X S/S VISUAL INSECTION,VICIVTC05,Do you want to report Trench or crossing?,TRENCH,nan,S-2202479,SRR-28060048,WBUR,TNETVAL,TNE,5,WBUR4,Civil Item
16/07/2024,,1,WBUR4SCARE,WBUR4SCARE,TRCH,nan,RVSCIVAA,TRENCH RD X S/S VISUAL INSECTION,VICIVTC05,Do you want to report Trench or crossing?,TRENCH,nan,S-2202479,SRR-28060051,WBUR,TNETVAL,TNE,5,WBUR4,Civil Item
16/07/2024,,1,WBUR4SCARE,WBUR4SCARE,TRCH,nan,RVSCIVAA,TRENCH RD X S/S VISUAL INSECTION,VICIVTC05,Do you want to report Trench or crossing?,TRENCH,nan,S-2202479,SRR-28060054,WBUR,TNETVAL,TNE,5,WBUR4,Civil Item
16/07/2024,,1,WBUR4SCARE,WBUR4SCARE,TRCH,nan,RVSCIVAA,TRENCH RD X S/S VISUAL INSECTION,VICIVTC05,Do you want to report Trench or crossing?,TRENCH,nan,S-2202479,SRR-28060057,WBUR,TNETVAL,TNE,5,WBUR4,Civil Item
16/07/2024,,1,WBUR4SCARE,WBUR4SCARE,TRCH,nan,RVSCIVAA,TRENCH RD X S/S VISUAL INSECTION,VICIVTC05,Do you want to report Trench or crossing?,TRENCH,nan,S-2202479,SRR-28060060,WBUR,TNETVAL,TNE,5,WBUR4,Civil Item
16/07/2024,,1,WBUR4SCARE,WBUR4SCARE,TRCH,nan,RVSCIVAA,TRENCH RD X S/S VISUAL INSECTION,VICIVTC05,Do you want to report Trench or crossing?,TRENCH,nan,S-2202479,SRR-28060063,WBUR,TNETVAL,TNE,5,WBUR4,Civil Item
16/07/2024,,1,WBUR4SCARE,WBUR4SCARE,TRCH,nan,RVSCIVAA,TRENCH RD X S/S VISUAL INSECTION,VICIVTC05,Do you want to report Trench or crossing?,TRENCH,nan,S-2202479,SRR-28060066,WBUR,TNETVAL,TNE,5,WBUR4,Civil Item
16/07/2024,,1,WBUR4SCARE,WBUR4SCARE,TRCH,nan,RVSCIVAA,TRENCH RD X S/S VISUAL INSECTION,VICIVTC05,Do you want to report Trench or crossing?,TRENCH,nan,S-2202479,SRR-28060069,WBUR,TNETVAL,TNE,5,WBUR4,Civil Item
16/07/2024,,1,WBUR4SCARE,WBUR4SCARE,TRCH,nan,RVSCIVAA,TRENCH RD X S/S VISUAL INSECTION,VICIVTC05,Do you want to report Trench or crossing?,TRENCH,nan,S-2202479,SRR-28060072,WBUR,TNETVAL,TNE,5,WBUR4,Civil Item
16/07/2024,,1,WBUR4SCARE,WBUR4SCARE,TRCH,nan,RVSCIVAA,TRENCH RD X S/S VISUAL INSECTION,VICIVTC05,Do you want to report Trench or crossing?,TRENCH,nan,S-2202479,SRR-28060075,WBUR,TNETVAL,TNE,5,WBUR4,Civil Item
16/07/2024,,1,WBUR4SCARE,WBUR4SCARE,TRCH,nan,RVSCIVAA,TRENCH RD X S/S VISUAL INSECTION,VICIVTC05,Do you want to report Trench or crossing?,TRENCH,nan,S-2202479,SRR-28060078,WBUR,TNETVAL,TNE,5,WBUR4,Civil Item
16/07/2024,,1,WBUR4SCARE,WBUR4SCARE,TRCH,nan,RVSCIVAA,TRENCH RD X S/S VISUAL INSECTION,VICIVTC05,Do you want to report Trench or crossing?,TRENCH,nan,S-2202479,SRR-28060081,WBUR,TNETVAL,TNE,5,WBUR4,Civil Item
16/07/2024,1.0,4,WBUR4STECH,WBUR4STECH,GAN,nan,RVSGANAA,GANTRY S/S VISUAL INSPECTION,VICIVGA01,Do you want to report any condition deterioration of the asset?,YES,nan,S-2202545,SRR-28060463,WBUR,TNETVAL,TNE,11,WBUR4,Civil Item
18/07/2024,,1,SHBA4SCARE,SHBA4SCARE,TRCH,nan,RVSCIVAA,TRENCH RD X S/S VISUAL INSECTION,VICIVTC05,Do you want to report Trench or crossing?,TRENCH,nan,S-2212319,SRR-28130261,SHBA,TNESHUM,TNE,5,SHBA4,Civil Item
18/07/2024,,1,SHBA4SCARE,SHBA4SCARE,TRCH,nan,RVSCIVAA,TRENCH RD X S/S VISUAL INSECTION,VICIVTC05,Do you want to report Trench or crossing?,TRENCH,nan,S-2212644,SRR-28131921,SHBA,TNESHUM,TNE,5,SHBA4,Civil Item
18/07/2024,,1,WBUR4SCARE,WBUR4SCARE,TRCH,nan,RVSCIVAA,TRENCH RD X S/S VISUAL INSECTION,VICIVTC05,Do you want to report Trench or crossing?,TRENCH,nan,S-2212649,SRR-28131940,WBUR,TNETVAL,TNE,5,WBUR4,Civil Item
18/07/2024,,1,WBUR4SCARE,WBUR4SCARE,TRCH,nan,RVSCIVAA,TRENCH RD X S/S VISUAL INSECTION,VICIVTC05,Do you want to report Trench or crossing?,TRENCH,nan,S-2212652,SRR-28131990,WBUR,TNETVAL,TNE,5,WBUR4,Civil Item
18/07/2024,,1,WBUR1SCARE,WBUR1SCARE,TRCH,nan,RVSCIVAA,TRENCH RD X S/S VISUAL INSECTION,VICIVTC05,Do you want to report Trench or crossing?,TRENCH,nan,S-2212660,SRR-28132093,WBUR,TNETVAL,TNE,5,WBUR1,Civil Item
18/07/2024,,1,WBUR1SCARE,WBUR1SCARE,TRCH,nan,RVSCIVAA,TRENCH RD X S/S VISUAL INSECTION,VICIVTC05,Do you want to report Trench or crossing?,TRENCH,nan,S-2212663,SRR-28132104,WBUR,TNETVAL,TNE,5,WBUR1,Civil Item
18/07/2024,,1,WBUR1SCARE,WBUR1SCARE,TRCH,nan,RVSCIVAA,TRENCH RD X S/S VISUAL INSECTION,VICIVTC05,Do you want to report Trench or crossing?,TRENCH,nan,S-2212666,SRR-28132114,WBUR,TNETVAL,TNE,5,WBUR1,Civil Item
18/07/2024,,1,WBUR1SCARE,WBUR1SCARE,TRCH,nan,RVSCIVAA,TRENCH RD X S/S VISUAL INSECTION,VICIVTC05,Do you want to report Trench or crossing?,TRENCH,nan,S-2212669,SRR-28132124,WBUR,TNETVAL,TNE,5,WBUR1,Civil Item
22/07/2024,1.0,4,SMAN1STECH,SMAN1STECH,GAN,nan,RVSGANAA,GANTRY S/S VISUAL INSPECTION,VICIVGA01,Do you want to report any condition deterioration of the asset?,YES,nan,S-2216926,SRR-28174456,SMAN,TNWMANS,TNW,11,SMAN1,Civil Item
22/07/2024,1.0,4,SMAN1STECH,SMAN1STECH,GAN,nan,RVSGANAA,GANTRY S/S VISUAL INSPECTION,VICIVGA01,Do you want to report any condition deterioration of the asset?,YES,nan,S-2216937,SRR-28174540,SMAN,TNWMANS,TNW,11,SMAN1,Civil Item
22/07/2024,1.0,4,SMAN2STECH,SMAN2STECH,GAN,nan,RVSGANAA,GANTRY S/S VISUAL INSPECTION,VICIVGA01,Do you want to report any condition deterioration of the asset?,YES,nan,S-2217807,SRR-28183886,SMAN,TNWMANS,TNW,11,SMAN2,Civil Item
23/07/2024,0.0,4,SMAN2STECH,SMAN2STECH,GAN,nan,RVSGANAA,GANTRY S/S VISUAL INSPECTION,VICIVGA01,Do you want to report any condition deterioration of the asset?,NO,nan,S-2218236,SRR-28190058,SMAN,TNWMANS,TNW,11,SMAN2,Civil Item
23/07/2024,,1,SMAN2SCARE,SMAN2SCARE,TRCH,nan,RVSCIVAA,TRENCH RD X S/S VISUAL INSECTION,VICIVTC05,Do you want to report Trench or crossing?,TRENCH,nan,S-2218243,SRR-28190085,SMAN,TNWMANS,TNW,5,SMAN2,Civil Item
23/07/2024,,1,SMAN2SCARE,SMAN2SCARE,TRCH,nan,RVSCIVAA,TRENCH RD X S/S VISUAL INSECTION,VICIVTC05,Do you want to report Trench or crossing?,TRENCH,nan,S-2220666,SRR-28211362,SMAN,TNWMANS,TNW,5,SMAN2,Civil Item
23/07/2024,,1,SMAN2SCARE,SMAN2SCARE,TRCH,nan,RVSCIVAA,TRENCH RD X S/S VISUAL INSECTION,VICIVTC05,Do you want to report Trench or crossing?,TRENCH,nan,S-2220666,SRR-28211365,SMAN,TNWMANS,TNW,5,SMAN2,Civil Item
23/07/2024,,1,SMAN2SCARE,SMAN2SCARE,TRCH,nan,RVSCIVAA,TRENCH RD X S/S VISUAL INSECTION,VICIVTC05,Do you want to report Trench or crossing?,TRENCH,nan,S-2220666,SRR-28211368,SMAN,TNWMANS,TNW,5,SMAN2,Civil Item
23/07/2024,,1,SMAN2SCARE,SMAN2SCARE,TRCH,nan,RVSCIVAA,TRENCH RD X S/S VISUAL INSECTION,VICIVTC05,Do you want to report Trench or crossing?,TRENCH,nan,S-2220666,SRR-28211371,SMAN,TNWMANS,TNW,5,SMAN2,Civil Item
23/07/2024,,1,SMAN2SCARE,SMAN2SCARE,TRCH,nan,RVSCIVAA,TRENCH RD X S/S VISUAL INSECTION,VICIVTC05,Do you want to report Trench or crossing?,TRENCH,nan,S-2220666,SRR-28211374,SMAN,TNWMANS,TNW,5,SMAN2,Civil Item
23/07/2024,,1,SMAN2SCARE,SMAN2SCARE,TRCH,nan,RVSCIVAA,TRENCH RD X S/S VISUAL INSECTION,VICIVTC05,Do you want to report Trench or crossing?,TRENCH,nan,S-2220666,SRR-28211377,SMAN,TNWMANS,TNW,5,SMAN2,Civil Item
23/07/2024,,1,SMAN2SCARE,SMAN2SCARE,TRCH,nan,RVSCIVAA,TRENCH RD X S/S VISUAL INSECTION,VICIVTC05,Do you want to report Trench or crossing?,VEHICLE CROSSING,nan,S-2220666,SRR-28211380,SMAN,TNWMANS,TNW,5,SMAN2,Civil Item
23/07/2024,,1,SMAN2SCARE,SMAN2SCARE,TRCH,nan,RVSCIVAA,TRENCH RD X S/S VISUAL INSECTION,VICIVTC05,Do you want to report Trench or crossing?,TRENCH,nan,S-2220666,SRR-28211383,SMAN,TNWMANS,TNW,5,SMAN2,Civil Item
23/07/2024,,1,SMAN2SCARE,SMAN2SCARE,TRCH,nan,RVSCIVAA,TRENCH RD X S/S VISUAL INSECTION,VICIVTC05,Do you want to report Trench or crossing?,TRENCH,nan,S-2220666,SRR-28211386,SMAN,TNWMANS,TNW,5,SMAN2,Civil Item
23/07/2024,,1,SMAN2SCARE,SMAN2SCARE,TRCH,nan,RVSCIVAA,TRENCH RD X S/S VISUAL INSECTION,VICIVTC05,Do you want to report Trench or crossing?,TRENCH,nan,S-2220666,SRR-28211389,SMAN,TNWMANS,TNW,5,SMAN2,Civil Item
23/07/2024,,1,SMAN2SCARE,SMAN2SCARE,TRCH,nan,RVSCIVAA,TRENCH RD X S/S VISUAL INSECTION,VICIVTC05,Do you want to report Trench or crossing?,TRENCH,nan,S-2220666,SRR-28211392,SMAN,TNWMANS,TNW,5,SMAN2,Civil Item
23/07/2024,,1,SMAN2SCARE,SMAN2SCARE,TRCH,nan,RVSCIVAA,TRENCH RD X S/S VISUAL INSECTION,VICIVTC05,Do you want to report Trench or crossing?,TRENCH,nan,S-2220666,SRR-28211395,SMAN,TNWMANS,TNW,5,SMAN2,Civil Item
23/07/2024,,1,SMAN2SCARE,SMAN2SCARE,TRCH,nan,RVSCIVAA,TRENCH RD X S/S VISUAL INSECTION,VICIVTC05,Do you want to report Trench or crossing?,TRENCH,nan,S-2220666,SRR-28211398,SMAN,TNWMANS,TNW,5,SMAN2,Civil Item
23/07/2024,,1,SMAN2SCARE,SMAN2SCARE,TRCH,nan,RVSCIVAA,TRENCH RD X S/S VISUAL INSECTION,VICIVTC05,Do you want to report Trench or crossing?,TRENCH,nan,S-2220666,SRR-28211401,SMAN,TNWMANS,TNW,5,SMAN2,Civil Item
23/07/2024,,1,SMAN2SCARE,SMAN2SCARE,TRCH,nan,RVSCIVAA,TRENCH RD X S/S VISUAL INSECTION,VICIVTC05,Do you want to report Trench or crossing?,TRENCH,nan,S-2220666,SRR-28211404,SMAN,TNWMANS,TNW,5,SMAN2,Civil Item
23/07/2024,,1,SMAN2SCARE,SMAN2SCARE,TRCH,nan,RVSCIVAA,TRENCH RD X S/S VISUAL INSECTION,VICIVTC05,Do you want to report Trench or crossing?,VEHICLE CROSSING,nan,S-2220666,SRR-28211407,SMAN,TNWMANS,TNW,5,SMAN2,Civil Item
23/07/2024,,1,SMAN2SCARE,SMAN2SCARE,TRCH,nan,RVSCIVAA,TRENCH RD X S/S VISUAL INSECTION,VICIVTC05,Do you want to report Trench or crossing?,TRENCH,nan,S-2220666,SRR-28211410,SMAN,TNWMANS,TNW,5,SMAN2,Civil Item
26/07/2024,,1,SMAN2SCARE,SMAN2SCARE,TRCH,nan,RVSCIVAA,TRENCH RD X S/S VISUAL INSECTION,VICIVTC05,Do you want to report Trench or crossing?,TRENCH,nan,S-2227005,SRR-28286676,SMAN,TNWMANS,TNW,5,SMAN2,Civil Item
26/07/2024,,1,SMAN2SCARE,SMAN2SCARE,TRCH,nan,RVSCIVAA,TRENCH RD X S/S VISUAL INSECTION,VICIVTC05,Do you want to report Trench or crossing?,TRENCH,nan,S-2227008,SRR-28286706,SMAN,TNWMANS,TNW,5,SMAN2,Civil Item
26/07/2024,,1,SMAN1SCARE,SMAN1SCARE,TRCH,nan,RVSCIVAA,TRENCH RD X S/S VISUAL INSECTION,VICIVTC05,Do you want to report Trench or crossing?,TRENCH,nan,S-2227041,SRR-28287411,SMAN,TNWMANS,TNW,5,SMAN1,Civil Item
26/07/2024,,1,SMAN1SCARE,SMAN1SCARE,TRCH,nan,RVSCIVAA,TRENCH RD X S/S VISUAL INSECTION,VICIVTC05,Do you want to report Trench or crossing?,TRENCH,nan,S-2227044,SRR-28287441,SMAN,TNWMANS,TNW,5,SMAN1,Civil Item
26/07/2024,,1,SMAN1SCARE,SMAN1SCARE,TRCH,nan,RVSCIVAA,TRENCH RD X S/S VISUAL INSECTION,VICIVTC05,Do you want to report Trench or crossing?,TRENCH,nan,S-2227047,SRR-28287471,SMAN,TNWMANS,TNW,5,SMAN1,Civil Item
28/07/2024,,1,SMAN1SCARE,SMAN1SCARE,TRCH,nan,RVSCIVAA,TRENCH RD X S/S VISUAL INSECTION,VICIVTC05,Do you want to report Trench or crossing?,TRENCH,nan,S-2227491,SRR-28293125,SMAN,TNWMANS,TNW,5,SMAN1,Civil Item
29/07/2024,1.0,4,NORT2STECH,NORT2STECH,GAN,nan,RVSGANAA,GANTRY S/S VISUAL INSPECTION,VICIVGA01,Do you want to report any condition deterioration of the asset?,YES,nan,S-2228026,SRR-28300809,NORT,TNETEES,TNE,11,NORT2,Civil Item
29/07/2024,1.0,4,BOLN1STECH,BOLN1STECH,GAN,nan,RVSGANAA,GANTRY S/S VISUAL INSPECTION,VICIVGA01,Do you want to report any condition deterioration of the asset?,YES,nan,S-2230043,SRR-28322781,BOLN,TSEESUX,TSE,11,BOLN1,Civil Item
29/07/2024,,1,FAWL4SCARE,FAWL4SCARE,TRCH,nan,RVSCIVAA,TRENCH RD X S/S VISUAL INSECTION,VICIVTC05,Do you want to report Trench or crossing?,TRENCH,nan,S-2230395,SRR-28325677,FAWL,TSESOLT,TSE,5,FAWL4,Civil Item
29/07/2024,0.0,4,FAWL4STECH,FAWL4STECH,GAN,nan,RVSGANAA,GANTRY S/S VISUAL INSPECTION,VICIVGA01,Do you want to report any condition deterioration of the asset?,NO,nan,S-2230421,SRR-28325837,FAWL,TSESOLT,TSE,11,FAWL4,Civil Item
29/07/2024,,1,BOLN4SCARE,BOLN4SCARE,TRCH,nan,RVSCIVAA,TRENCH RD X S/S VISUAL INSECTION,VICIVTC05,Do you want to report Trench or crossing?,TRENCH,nan,S-2231135,SRR-28329762,BOLN,TSEESUX,TSE,5,BOLN4,Civil Item
29/07/2024,,1,BOLN4SCARE,BOLN4SCARE,TRCH,nan,RVSCIVAA,TRENCH RD X S/S VISUAL INSECTION,VICIVTC05,Do you want to report Trench or crossing?,TRENCH,nan,S-2231135,SRR-28329765,BOLN,TSEESUX,TSE,5,BOLN4,Civil Item
29/07/2024,,1,BOLN4SCARE,BOLN4SCARE,TRCH,nan,RVSCIVAA,TRENCH RD X S/S VISUAL INSECTION,VICIVTC05,Do you want to report Trench or crossing?,TRENCH,nan,S-2231135,SRR-28329768,BOLN,TSEESUX,TSE,5,BOLN4,Civil Item
30/07/2024,,1,WBUR4SCARE,WBUR4SCARE,TRCH,nan,RVSCIVAA,TRENCH RD X S/S VISUAL INSECTION,VICIVTC05,Do you want to report Trench or crossing?,TRENCH,nan,S-2232225,SRR-28339348,WBUR,TNETVAL,TNE,5,WBUR4,Civil Item
30/07/2024,1.0,4,BOLN4STECH,BOLN4STECH,GAN,nan,RVSGANAA,GANTRY S/S VISUAL INSPECTION,VICIVGA01,Do you want to report any condition deterioration of the asset?,YES,nan,S-2235387,SRR-28370695,BOLN,TSEESUX,TSE,11,BOLN4,Civil Item
30/07/2024,,1,BOLN4SCARE,BOLN4SCARE,TRCH,nan,RVSCIVAA,TRENCH RD X S/S VISUAL INSECTION,VICIVTC05,Do you want to report Trench or crossing?,TRENCH,nan,S-2235961,SRR-28373519,BOLN,TSEESUX,TSE,5,BOLN4,Civil Item
31/07/2024,1.0,4,FAWL4STECH,FAWL4STECH,GAN,nan,RVSGANAA,GANTRY S/S VISUAL INSPECTION,VICIVGA01,Do you want to report any condition deterioration of the asset?,YES,nan,S-2237904,SRR-28398816,FAWL,TSESOLT,TSE,11,FAWL4,Civil Item
02/08/2024,,1,BOLN4SCARE,BOLN4SCARE,TRCH,nan,RVSCIVAA,TRENCH RD X S/S VISUAL INSECTION,VICIVTC05,Do you want to report Trench or crossing?,TRENCH,nan,S-2243622,SRR-28467065,BOLN,TSEESUX,TSE,5,BOLN4,Civil Item
02/08/2024,,1,BOLN4SCARE,BOLN4SCARE,TRCH,nan,RVSCIVAA,TRENCH RD X S/S VISUAL INSECTION,VICIVTC05,Do you want to report Trench or crossing?,TRENCH,nan,S-2243625,SRR-28467095,BOLN,TSEESUX,TSE,5,BOLN4,Civil Item
02/08/2024,,1,BOLN1SCARE,BOLN1SCARE,TRCH,nan,RVSCIVAA,TRENCH RD X S/S VISUAL INSECTION,VICIVTC05,Do you want to report Trench or crossing?,TRENCH,nan,S-2243666,SRR-28467764,BOLN,TSEESUX,TSE,5,BOLN1,Civil Item
02/08/2024,,1,BOLN1SCARE,BOLN1SCARE,TRCH,nan,RVSCIVAA,TRENCH RD X S/S VISUAL INSECTION,VICIVTC05,Do you want to report Trench or crossing?,TRENCH,nan,S-2243669,SRR-28467794,BOLN,TSEESUX,TSE,5,BOLN1,Civil Item
02/08/2024,,1,BOLN1SCARE,BOLN1SCARE,TRCH,nan,RVSCIVAA,TRENCH RD X S/S VISUAL INSECTION,VICIVTC05,Do you want to report Trench or crossing?,TRENCH,nan,S-2243673,SRR-28467833,BOLN,TSEESUX,TSE,5,BOLN1,Civil Item
02/08/2024,,1,BOLN1SCARE,BOLN1SCARE,TRCH,nan,RVSCIVAA,TRENCH RD X S/S VISUAL INSECTION,VICIVTC05,Do you want to report Trench or crossing?,TRENCH,nan,S-2243676,SRR-28467863,BOLN,TSEESUX,TSE,5,BOLN1,Civil Item
02/08/2024,,1,FAWL1SCARE,FAWL1SCARE,TRCH,nan,RVSCIVAA,TRENCH RD X S/S VISUAL INSECTION,VICIVTC05,Do you want to report Trench or crossing?,TRENCH,nan,S-2243685,SRR-28468044,FAWL,TSESOLT,TSE,5,FAWL1,Civil Item
02/08/2024,,1,FAWL1SCARE,FAWL1SCARE,TRCH,nan,RVSCIVAA,TRENCH RD X S/S VISUAL INSECTION,VICIVTC05,Do you want to report Trench or crossing?,TRENCH,nan,S-2243688,SRR-28468074,FAWL,TSESOLT,TSE,5,FAWL1,Civil Item
02/08/2024,,1,FAWL1SCARE,FAWL1SCARE,TRCH,nan,RVSCIVAA,TRENCH RD X S/S VISUAL INSECTION,VICIVTC05,Do you want to report Trench or crossing?,TRENCH,nan,S-2243691,SRR-28468104,FAWL,TSESOLT,TSE,5,FAWL1,Civil Item
02/08/2024,,1,FAWL4SCARE,FAWL4SCARE,TRCH,nan,RVSCIVAA,TRENCH RD X S/S VISUAL INSECTION,VICIVTC05,Do you want to report Trench or crossing?,TRENCH,nan,S-2243714,SRR-28468562,FAWL,TSESOLT,TSE,5,FAWL4,Civil Item
02/08/2024,,1,FAWL4SCARE,FAWL4SCARE,TRCH,nan,RVSCIVAA,TRENCH RD X S/S VISUAL INSECTION,VICIVTC05,Do you want to report Trench or crossing?,TRENCH,nan,S-2243717,SRR-28468592,FAWL,TSESOLT,TSE,5,FAWL4,Civil Item
30/07/2024,1.0,4,BOLN4STECH,BOLN4STECH,GAN,nan,RVSGANAA,GANTRY S/S VISUAL INSPECTION,VICIVGA01,Do you want to report any condition deterioration of the asset?,YES,nan,S-2244721,SRR-28479522,BOLN,TSEESUX,TSE,11,BOLN4,Civil Item
05/08/2024,1.0,4,LOVE4STECH,LOVE4STECH,GAN,nan,RVSGANAA,GANTRY S/S VISUAL INSPECTION,VICIVGA01,Do you want to report any condition deterioration of the asset?,YES,nan,S-2246224,SRR-28494605,LOVE,TSESOLT,TSE,11,LOVE4,Civil Item
05/08/2024,,1,FAWL4SCARE,FAWL4SCARE,TRCH,nan,RVSCIVAA,TRENCH RD X S/S VISUAL INSECTION,VICIVTC05,Do you want to report Trench or crossing?,TRENCH,nan,S-2247324,SRR-28506137,FAWL,TSESOLT,TSE,5,FAWL4,Civil Item
05/08/2024,,1,FAWL1SCARE,FAWL1SCARE,TRCH,nan,RVSCIVAA,TRENCH RD X S/S VISUAL INSECTION,VICIVTC05,Do you want to report Trench or crossing?,TRENCH,nan,S-2247602,SRR-28507060,FAWL,TSESOLT,TSE,5,FAWL1,Civil Item
06/08/2024,,1,LOVE1SCARE,LOVE1SCARE,TRCH,nan,RVSCIVAA,TRENCH RD X S/S VISUAL INSECTION,VICIVTC05,Do you want to report Trench or crossing?,TRENCH,nan,S-2248184,SRR-28512130,LOVE,TSESOLT,TSE,5,LOVE1,Civil Item
06/08/2024,0.0,4,LOVE4STECH,LOVE4STECH,GAN,nan,RVSGANAA,GANTRY S/S VISUAL INSPECTION,VICIVGA01,Do you want to report any condition deterioration of the asset?,NO,nan,S-2248198,SRR-28512198,LOVE,TSESOLT,TSE,11,LOVE4,Civil Item
06/08/2024,,1,LOVE4SCARE,LOVE4SCARE,TRCH,nan,RVSCIVAA,TRENCH RD X S/S VISUAL INSECTION,VICIVTC05,Do you want to report Trench or crossing?,TRENCH,nan,S-2248216,SRR-28512297,LOVE,TSESOLT,TSE,5,LOVE4,Civil Item
06/08/2024,0.0,4,LOVE1STECH,LOVE1STECH,GAN,nan,RVSGANAA,GANTRY S/S VISUAL INSPECTION,VICIVGA01,Do you want to report any condition deterioration of the asset?,NO,nan,S-2248544,SRR-28516668,LOVE,TSESOLT,TSE,11,LOVE1,Civil Item
06/08/2024,,1,NINF4SCARE,NINF4SCARE,TRCH,nan,RVSCIVAA,TRENCH RD X S/S VISUAL INSECTION,VICIVTC05,Do you want to report Trench or crossing?,TRENCH,nan,S-2248851,SRR-28519478,NINF,TSEESUX,TSE,5,NINF4,Civil Item
06/08/2024,,1,NINF4SCARE,NINF4SCARE,TRCH,nan,RVSCIVAA,TRENCH RD X S/S VISUAL INSECTION,VICIVTC05,Do you want to report Trench or crossing?,TRENCH,nan,S-2248851,SRR-28519481,NINF,TSEESUX,TSE,5,NINF4,Civil Item
06/08/2024,,1,NINF4SCARE,NINF4SCARE,TRCH,nan,RVSCIVAA,TRENCH RD X S/S VISUAL INSECTION,VICIVTC05,Do you want to report Trench or crossing?,TRENCH,nan,S-2248851,SRR-28519484,NINF,TSEESUX,TSE,5,NINF4,Civil Item
06/08/2024,,1,NINF4SCARE,NINF4SCARE,TRCH,nan,RVSCIVAA,TRENCH RD X S/S VISUAL INSECTION,VICIVTC05,Do you want to report Trench or crossing?,TRENCH,nan,S-2248851,SRR-28519487,NINF,TSEESUX,TSE,5,NINF4,Civil Item
06/08/2024,,1,NINF4SCARE,NINF4SCARE,TRCH,nan,RVSCIVAA,TRENCH RD X S/S VISUAL INSECTION,VICIVTC05,Do you want to report Trench or crossing?,TRENCH,nan,S-2248851,SRR-28519490,NINF,TSEESUX,TSE,5,NINF4,Civil Item
06/08/2024,,1,NINF4SCARE,NINF4SCARE,TRCH,nan,RVSCIVAA,TRENCH RD X S/S VISUAL INSECTION,VICIVTC05,Do you want to report Trench or crossing?,TRENCH,nan,S-2248851,SRR-28519493,NINF,TSEESUX,TSE,5,NINF4,Civil Item
06/08/2024,,1,NINF4SCARE,NINF4SCARE,TRCH,nan,RVSCIVAA,TRENCH RD X S/S VISUAL INSECTION,VICIVTC05,Do you want to report Trench or crossing?,VEHICLE CROSSING,nan,S-2248851,SRR-28519496,NINF,TSEESUX,TSE,5,NINF4,Civil Item
06/08/2024,,1,NINF4SCARE,NINF4SCARE,TRCH,nan,RVSCIVAA,TRENCH RD X S/S VISUAL INSECTION,VICIVTC05,Do you want to report Trench or crossing?,TRENCH,nan,S-2248851,SRR-28519499,NINF,TSEESUX,TSE,5,NINF4,Civil Item
06/08/2024,,1,NINF4SCARE,NINF4SCARE,TRCH,nan,RVSCIVAA,TRENCH RD X S/S VISUAL INSECTION,VICIVTC05,Do you want to report Trench or crossing?,TRENCH,nan,S-2248851,SRR-28519502,NINF,TSEESUX,TSE,5,NINF4,Civil Item
06/08/2024,,1,NINF4SCARE,NINF4SCARE,TRCH,nan,RVSCIVAA,TRENCH RD X S/S VISUAL INSECTION,VICIVTC05,Do you want to report Trench or crossing?,TRENCH,nan,S-2248851,SRR-28519505,NINF,TSEESUX,TSE,5,NINF4,Civil Item
06/08/2024,1.0,4,NINF1STECH,NINF1STECH,GAN,nan,RVSGANAA,GANTRY S/S VISUAL INSPECTION,VICIVGA01,Do you want to report any condition deterioration of the asset?,YES,nan,S-2249428,SRR-28525459,NINF,TSEESUX,TSE,11,NINF1,Civil Item
06/08/2024,1.0,4,LOVE1STECH,LOVE1STECH,GAN,nan,RVSGANAA,GANTRY S/S VISUAL INSPECTION,VICIVGA01,Do you want to report any condition deterioration of the asset?,YES,nan,S-2249659,SRR-28528678,LOVE,TSESOLT,TSE,11,LOVE1,Civil Item
06/08/2024,,1,LOVE4SCARE,LOVE4SCARE,TRCH,nan,RVSCIVAA,TRENCH RD X S/S VISUAL INSECTION,VICIVTC05,Do you want to report Trench or crossing?,TRENCH,nan,S-2249975,SRR-28530592,LOVE,TSESOLT,TSE,5,LOVE4,Civil Item
06/08/2024,,1,LOVE4SCARE,LOVE4SCARE,TRCH,nan,RVSCIVAA,TRENCH RD X S/S VISUAL INSECTION,VICIVTC05,Do you want to report Trench or crossing?,TRENCH,nan,S-2249975,SRR-28530595,LOVE,TSESOLT,TSE,5,LOVE4,Civil Item
06/08/2024,,1,LOVE4SCARE,LOVE4SCARE,TRCH,nan,RVSCIVAA,TRENCH RD X S/S VISUAL INSECTION,VICIVTC05,Do you want to report Trench or crossing?,TRENCH,nan,S-2249975,SRR-28530598,LOVE,TSESOLT,TSE,5,LOVE4,Civil Item
09/08/2024,,1,NINF4SCARE,NINF4SCARE,TRCH,nan,RVSCIVAA,TRENCH RD X S/S VISUAL INSECTION,VICIVTC05,Do you want to report Trench or crossing?,TRENCH,nan,S-2255189,SRR-28610056,NINF,TSEESUX,TSE,5,NINF4,Civil Item
09/08/2024,,1,NINF4SCARE,NINF4SCARE,TRCH,nan,RVSCIVAA,TRENCH RD X S/S VISUAL INSECTION,VICIVTC05,Do you want to report Trench or crossing?,TRENCH,nan,S-2255192,SRR-28610086,NINF,TSEESUX,TSE,5,NINF4,Civil Item
09/08/2024,,1,NINF1SCARE,NINF1SCARE,TRCH,nan,RVSCIVAA,TRENCH RD X S/S VISUAL INSECTION,VICIVTC05,Do you want to report Trench or crossing?,TRENCH,nan,S-2255213,SRR-28610558,NINF,TSEESUX,TSE,5,NINF1,Civil Item
09/08/2024,,1,NINF1SCARE,NINF1SCARE,TRCH,nan,RVSCIVAA,TRENCH RD X S/S VISUAL INSECTION,VICIVTC05,Do you want to report Trench or crossing?,TRENCH,nan,S-2255217,SRR-28610589,NINF,TSEESUX,TSE,5,NINF1,Civil Item
09/08/2024,,1,NINF1SCARE,NINF1SCARE,TRCH,nan,RVSCIVAA,TRENCH RD X S/S VISUAL INSECTION,VICIVTC05,Do you want to report Trench or crossing?,TRENCH,nan,S-2255221,SRR-28610620,NINF,TSEESUX,TSE,5,NINF1,Civil Item
09/08/2024,,1,NINF1SCARE,NINF1SCARE,TRCH,nan,RVSCIVAA,TRENCH RD X S/S VISUAL INSECTION,VICIVTC05,Do you want to report Trench or crossing?,TRENCH,nan,S-2255225,SRR-28610653,NINF,TSEESUX,TSE,5,NINF1,Civil Item
09/08/2024,,1,LOVE1SCARE,LOVE1SCARE,TRCH,nan,RVSCIVAA,TRENCH RD X S/S VISUAL INSECTION,VICIVTC05,Do you want to report Trench or crossing?,TRENCH,nan,S-2255236,SRR-28610812,LOVE,TSESOLT,TSE,5,LOVE1,Civil Item
09/08/2024,,1,LOVE1SCARE,LOVE1SCARE,TRCH,nan,RVSCIVAA,TRENCH RD X S/S VISUAL INSECTION,VICIVTC05,Do you want to report Trench or crossing?,TRENCH,nan,S-2255239,SRR-28610842,LOVE,TSESOLT,TSE,5,LOVE1,Civil Item
09/08/2024,,1,LOVE1SCARE,LOVE1SCARE,TRCH,nan,RVSCIVAA,TRENCH RD X S/S VISUAL INSECTION,VICIVTC05,Do you want to report Trench or crossing?,TRENCH,nan,S-2255242,SRR-28610872,LOVE,TSESOLT,TSE,5,LOVE1,Civil Item
09/08/2024,,1,LOVE4SCARE,LOVE4SCARE,TRCH,nan,RVSCIVAA,TRENCH RD X S/S VISUAL INSECTION,VICIVTC05,Do you want to report Trench or crossing?,TRENCH,nan,S-2255263,SRR-28611304,LOVE,TSESOLT,TSE,5,LOVE4,Civil Item
09/08/2024,,1,LOVE4SCARE,LOVE4SCARE,TRCH,nan,RVSCIVAA,TRENCH RD X S/S VISUAL INSECTION,VICIVTC05,Do you want to report Trench or crossing?,TRENCH,nan,S-2255280,SRR-28611707,LOVE,TSESOLT,TSE,5,LOVE4,Civil Item
06/08/2024,1.0,4,NINF4STECH,NINF4STECH,GAN,nan,RVSGANAA,GANTRY S/S VISUAL INSPECTION,VICIVGA01,Do you want to report any condition deterioration of the asset?,YES,nan,S-2256119,SRR-28622734,NINF,TSEESUX,TSE,11,NINF4,Civil Item
12/08/2024,0.0,4,NFLE4STECH,NFLE4STECH,GAN,nan,RVSGANAA,GANTRY S/S VISUAL INSPECTION,VICIVGA01,Do you want to report any condition deterioration of the asset?,NO,nan,S-2257939,SRR-28640333,NFLE,TSENOKT,TSE,11,NFLE4,Civil Item
12/08/2024,,1,NFLE4SCARE,NFLE4SCARE,TRCH,nan,RVSCIVAA,TRENCH RD X S/S VISUAL INSECTION,VICIVTC05,Do you want to report Trench or crossing?,TRENCH,nan,S-2258174,SRR-28641500,NFLE,TSENOKT,TSE,5,NFLE4,Civil Item
12/08/2024,,1,NFLE4SCARE,NFLE4SCARE,TRCH,nan,RVSCIVAA,TRENCH RD X S/S VISUAL INSECTION,VICIVTC05,Do you want to report Trench or crossing?,TRENCH,nan,S-2258181,SRR-28641531,NFLE,TSENOKT,TSE,5,NFLE4,Civil Item
12/08/2024,0.0,4,NFLE4STECH,NFLE4STECH,GAN,nan,RVSGANAA,GANTRY S/S VISUAL INSPECTION,VICIVGA01,Do you want to report any condition deterioration of the asset?,NO,nan,S-2258468,SRR-28643053,NFLE,TSENOKT,TSE,11,NFLE4,Civil Item
12/08/2024,1.0,4,NFLE1STECH,NFLE1STECH,GAN,nan,RVSGANAA,GANTRY S/S VISUAL INSPECTION,VICIVGA01,Do you want to report any condition deterioration of the asset?,YES,nan,S-2258848,SRR-28646461,NFLE,TSENOKT,TSE,11,NFLE1,Civil Item
12/08/2024,0.0,4,NFLE1STECH,NFLE1STECH,GAN,nan,RVSGANAA,GANTRY S/S VISUAL INSPECTION,VICIVGA01,Do you want to report any condition deterioration of the asset?,NO,nan,S-2259183,SRR-28653131,NFLE,TSENOKT,TSE,11,NFLE1,Civil Item
12/08/2024,,1,NFLE1SCARE,NFLE1SCARE,TRCH,nan,RVSCIVAA,TRENCH RD X S/S VISUAL INSECTION,VICIVTC05,Do you want to report Trench or crossing?,TRENCH,nan,S-2259190,SRR-28653158,NFLE,TSENOKT,TSE,5,NFLE1,Civil Item
14/08/2024,0.0,4,ALVE4STECH,ALVE4STECH,GAN,nan,RVSGANAA,GANTRY S/S VISUAL INSPECTION,VICIVGA01,Do you want to report any condition deterioration of the asset?,NO,nan,S-2261296,SRR-28684555,ALVE,TSWTAMA,TSW,11,ALVE4,Civil Item
14/08/2024,,1,ALVE4SCARE,ALVE4SCARE,TRCH,nan,RVSCIVAA,TRENCH RD X S/S VISUAL INSECTION,VICIVTC05,Do you want to report Trench or crossing?,TRENCH,nan,S-2261505,SRR-28685469,ALVE,TSWTAMA,TSW,5,ALVE4,Civil Item
14/08/2024,0.0,4,ALVE1STECH,ALVE1STECH,GAN,nan,RVSGANAA,GANTRY S/S VISUAL INSPECTION,VICIVGA01,Do you want to report any condition deterioration of the asset?,NO,nan,S-2261694,SRR-28686128,ALVE,TSWTAMA,TSW,11,ALVE1,Civil Item
14/08/2024,,1,ALVE1SCARE,ALVE1SCARE,TRCH,nan,RVSCIVAA,TRENCH RD X S/S VISUAL INSECTION,VICIVTC05,Do you want to report Trench or crossing?,TRENCH,nan,S-2261768,SRR-28686377,ALVE,TSWTAMA,TSW,5,ALVE1,Civil Item
15/08/2024,0.0,4,WOTU0STECH,WOTU0STECH,GAN,nan,RVSGANAA,GANTRY S/S VISUAL INSPECTION,VICIVGA01,Do you want to report any condition deterioration of the asset?,NO,nan,S-2263300,SRR-28710873,WOTU,TNWMANN,TNW,11,WOTU0,Civil Item
15/08/2024,,1,WOTU4SCARE,WOTU4SCARE,TRCH,nan,RVSCIVAA,TRENCH RD X S/S VISUAL INSECTION,VICIVTC05,Do you want to report Trench or crossing?,TRENCH,nan,S-2263311,SRR-28711031,WOTU,TNWMANN,TNW,5,WOTU4,Civil Item
15/08/2024,1.0,4,WOTU4STECH,WOTU4STECH,GAN,nan,RVSGANAA,GANTRY S/S VISUAL INSPECTION,VICIVGA01,Do you want to report any condition deterioration of the asset?,YES,nan,S-2263314,SRR-28711055,WOTU,TNWMANN,TNW,11,WOTU4,Civil Item
16/08/2024,,1,NFLE1SCARE,NFLE1SCARE,TRCH,nan,RVSCIVAA,TRENCH RD X S/S VISUAL INSECTION,VICIVTC05,Do you want to report Trench or crossing?,TRENCH,nan,S-2264137,SRR-28724584,NFLE,TSENOKT,TSE,5,NFLE1,Civil Item
16/08/2024,,1,NFLE1SCARE,NFLE1SCARE,TRCH,nan,RVSCIVAA,TRENCH RD X S/S VISUAL INSECTION,VICIVTC05,Do you want to report Trench or crossing?,TRENCH,nan,S-2264141,SRR-28724619,NFLE,TSENOKT,TSE,5,NFLE1,Civil Item
16/08/2024,,1,NFLE1SCARE,NFLE1SCARE,TRCH,nan,RVSCIVAA,TRENCH RD X S/S VISUAL INSECTION,VICIVTC05,Do you want to report Trench or crossing?,TRENCH,nan,S-2264146,SRR-28724656,NFLE,TSENOKT,TSE,5,NFLE1,Civil Item
16/08/2024,,1,NFLE4SCARE,NFLE4SCARE,TRCH,nan,RVSCIVAA,TRENCH RD X S/S VISUAL INSECTION,VICIVTC05,Do you want to report Trench or crossing?,TRENCH,nan,S-2264176,SRR-28725128,NFLE,TSENOKT,TSE,5,NFLE4,Civil Item
16/08/2024,,1,NFLE4SCARE,NFLE4SCARE,TRCH,nan,RVSCIVAA,TRENCH RD X S/S VISUAL INSECTION,VICIVTC05,Do you want to report Trench or crossing?,TRENCH,nan,S-2264211,SRR-28725328,NFLE,TSENOKT,TSE,5,NFLE4,Civil Item
16/08/2024,,1,ALVE1SCARE,ALVE1SCARE,TRCH,nan,RVSCIVAA,TRENCH RD X S/S VISUAL INSECTION,VICIVTC05,Do you want to report Trench or crossing?,TRENCH,nan,S-2264233,SRR-28725751,ALVE,TSWTAMA,TSW,5,ALVE1,Civil Item
16/08/2024,,1,ALVE1SCARE,ALVE1SCARE,TRCH,nan,RVSCIVAA,TRENCH RD X S/S VISUAL INSECTION,VICIVTC05,Do you want to report Trench or crossing?,TRENCH,nan,S-2264239,SRR-28725805,ALVE,TSWTAMA,TSW,5,ALVE1,Civil Item
16/08/2024,,1,ALVE1SCARE,ALVE1SCARE,TRCH,nan,RVSCIVAA,TRENCH RD X S/S VISUAL INSECTION,VICIVTC05,Do you want to report Trench or crossing?,TRENCH,nan,S-2264251,SRR-28725862,ALVE,TSWTAMA,TSW,5,ALVE1,Civil Item
16/08/2024,,1,ALVE4SCARE,ALVE4SCARE,TRCH,nan,RVSCIVAA,TRENCH RD X S/S VISUAL INSECTION,VICIVTC05,Do you want to report Trench or crossing?,TRENCH,nan,S-2264277,SRR-28726347,ALVE,TSWTAMA,TSW,5,ALVE4,Civil Item
16/08/2024,,1,ALVE4SCARE,ALVE4SCARE,TRCH,nan,RVSCIVAA,TRENCH RD X S/S VISUAL INSECTION,VICIVTC05,Do you want to report Trench or crossing?,TRENCH,nan,S-2264288,SRR-28726505,ALVE,TSWTAMA,TSW,5,ALVE4,Civil Item
16/08/2024,,1,ALVE4SCARE,ALVE4SCARE,TRCH,nan,RVSCIVAA,TRENCH RD X S/S VISUAL INSECTION,VICIVTC05,Do you want to report Trench or crossing?,TRENCH,nan,S-2264291,SRR-28726535,ALVE,TSWTAMA,TSW,5,ALVE4,Civil Item
16/08/2024,,1,WOTU4SCARE,WOTU4SCARE,TRCH,nan,RVSCIVAA,TRENCH RD X S/S VISUAL INSECTION,VICIVTC05,Do you want to report Trench or crossing?,TRENCH,nan,S-2264343,SRR-28727650,WOTU,TNWMANN,TNW,5,WOTU4,Civil Item
16/08/2024,,1,WOTU4SCARE,WOTU4SCARE,TRCH,nan,RVSCIVAA,TRENCH RD X S/S VISUAL INSECTION,VICIVTC05,Do you want to report Trench or crossing?,TRENCH,nan,S-2264348,SRR-28727713,WOTU,TNWMANN,TNW,5,WOTU4,Civil Item
16/08/2024,,1,WOTU4SCARE,WOTU4SCARE,TRCH,nan,RVSCIVAA,TRENCH RD X S/S VISUAL INSECTION,VICIVTC05,Do you want to report Trench or crossing?,TRENCH,nan,S-2264351,SRR-28727743,WOTU,TNWMANN,TNW,5,WOTU4,Civil Item
19/08/2024,,1,SELL4BSCARE,SELL4BSCARE,TRCH,nan,RVSCIVAA,TRENCH RD X S/S VISUAL INSECTION,VICIVTC05,Do you want to report Trench or crossing?,TRENCH,nan,S-2265790,SRR-28745499,SELL,TSEEAKT,TSE,5,SELL4,Civil Item
19/08/2024,,1,SELL4BSCARE,SELL4BSCARE,TRCH,nan,RVSCIVAA,TRENCH RD X S/S VISUAL INSECTION,VICIVTC05,Do you want to report Trench or crossing?,VEHICLE CROSSING,nan,S-2265790,SRR-28745502,SELL,TSEEAKT,TSE,5,SELL4,Civil Item
19/08/2024,,1,SELL4BSCARE,SELL4BSCARE,TRCH,nan,RVSCIVAA,TRENCH RD X S/S VISUAL INSECTION,VICIVTC05,Do you want to report Trench or crossing?,TRENCH,nan,S-2266272,SRR-28747978,SELL,TSEEAKT,TSE,5,SELL4,Civil Item
19/08/2024,0.0,4,SELL4BSTECH,SELL4BSTECH,GAN,nan,RVSGANAA,GANTRY S/S VISUAL INSPECTION,VICIVGA01,Do you want to report any condition deterioration of the asset?,NO,nan,S-2266392,SRR-28748571,SELL,TSEEAKT,TSE,11,SELL4,Civil Item
20/08/2024,,1,EXET4SCARE,EXET4SCARE,TRCH,nan,RVSCIVAA,TRENCH RD X S/S VISUAL INSECTION,VICIVTC05,Do you want to report Trench or crossing?,TRENCH,nan,S-2268875,SRR-28779639,EXET,TSWMEWE,TSW,5,EXET4,Civil Item
20/08/2024,,1,EXET4SCARE,EXET4SCARE,TRCH,nan,RVSCIVAA,TRENCH RD X S/S VISUAL INSECTION,VICIVTC05,Do you want to report Trench or crossing?,TRENCH,nan,S-2268875,SRR-28779642,EXET,TSWMEWE,TSW,5,EXET4,Civil Item
20/08/2024,,1,EXET4SCARE,EXET4SCARE,TRCH,nan,RVSCIVAA,TRENCH RD X S/S VISUAL INSECTION,VICIVTC05,Do you want to report Trench or crossing?,TRENCH,nan,S-2268875,SRR-28779645,EXET,TSWMEWE,TSW,5,EXET4,Civil Item
20/08/2024,,1,EXET4SCARE,EXET4SCARE,TRCH,nan,RVSCIVAA,TRENCH RD X S/S VISUAL INSECTION,VICIVTC05,Do you want to report Trench or crossing?,TRENCH,nan,S-2268875,SRR-28779648,EXET,TSWMEWE,TSW,5,EXET4,Civil Item
20/08/2024,,1,EXET4SCARE,EXET4SCARE,TRCH,nan,RVSCIVAA,TRENCH RD X S/S VISUAL INSECTION,VICIVTC05,Do you want to report Trench or crossing?,TRENCH,nan,S-2268875,SRR-28779651,EXET,TSWMEWE,TSW,5,EXET4,Civil Item
20/08/2024,,1,EXET4SCARE,EXET4SCARE,TRCH,nan,RVSCIVAA,TRENCH RD X S/S VISUAL INSECTION,VICIVTC05,Do you want to report Trench or crossing?,TRENCH,nan,S-2268875,SRR-28779654,EXET,TSWMEWE,TSW,5,EXET4,Civil Item
20/08/2024,,1,EXET4SCARE,EXET4SCARE,TRCH,nan,RVSCIVAA,TRENCH RD X S/S VISUAL INSECTION,VICIVTC05,Do you want to report Trench or crossing?,TRENCH,nan,S-2268875,SRR-28779657,EXET,TSWMEWE,TSW,5,EXET4,Civil Item
20/08/2024,,1,EXET4SCARE,EXET4SCARE,TRCH,nan,RVSCIVAA,TRENCH RD X S/S VISUAL INSECTION,VICIVTC05,Do you want to report Trench or crossing?,TRENCH,nan,S-2268875,SRR-28779660,EXET,TSWMEWE,TSW,5,EXET4,Civil Item
20/08/2024,,1,EXET4SCARE,EXET4SCARE,TRCH,nan,RVSCIVAA,TRENCH RD X S/S VISUAL INSECTION,VICIVTC05,Do you want to report Trench or crossing?,TRENCH,nan,S-2268875,SRR-28779663,EXET,TSWMEWE,TSW,5,EXET4,Civil Item
20/08/2024,,1,EXET4SCARE,EXET4SCARE,TRCH,nan,RVSCIVAA,TRENCH RD X S/S VISUAL INSECTION,VICIVTC05,Do you want to report Trench or crossing?,TRENCH,nan,S-2268875,SRR-28779666,EXET,TSWMEWE,TSW,5,EXET4,Civil Item
20/08/2024,,1,EXET4SCARE,EXET4SCARE,TRCH,nan,RVSCIVAA,TRENCH RD X S/S VISUAL INSECTION,VICIVTC05,Do you want to report Trench or crossing?,TRENCH,nan,S-2268875,SRR-28779669,EXET,TSWMEWE,TSW,5,EXET4,Civil Item
20/08/2024,,1,EXET4SCARE,EXET4SCARE,TRCH,nan,RVSCIVAA,TRENCH RD X S/S VISUAL INSECTION,VICIVTC05,Do you want to report Trench or crossing?,TRENCH,nan,S-2268875,SRR-28779672,EXET,TSWMEWE,TSW,5,EXET4,Civil Item
20/08/2024,,1,EXET4SCARE,EXET4SCARE,TRCH,nan,RVSCIVAA,TRENCH RD X S/S VISUAL INSECTION,VICIVTC05,Do you want to report Trench or crossing?,TRENCH,nan,S-2268875,SRR-28779675,EXET,TSWMEWE,TSW,5,EXET4,Civil Item
20/08/2024,,1,EXET4SCARE,EXET4SCARE,TRCH,nan,RVSCIVAA,TRENCH RD X S/S VISUAL INSECTION,VICIVTC05,Do you want to report Trench or crossing?,TRENCH,nan,S-2268875,SRR-28779678,EXET,TSWMEWE,TSW,5,EXET4,Civil Item
20/08/2024,,1,EXET4SCARE,EXET4SCARE,TRCH,nan,RVSCIVAA,TRENCH RD X S/S VISUAL INSECTION,VICIVTC05,Do you want to report Trench or crossing?,TRENCH,nan,S-2268875,SRR-28779681,EXET,TSWMEWE,TSW,5,EXET4,Civil Item
20/08/2024,,1,EXET4SCARE,EXET4SCARE,TRCH,nan,RVSCIVAA,TRENCH RD X S/S VISUAL INSECTION,VICIVTC05,Do you want to report Trench or crossing?,TRENCH,nan,S-2268875,SRR-28779684,EXET,TSWMEWE,TSW,5,EXET4,Civil Item
20/08/2024,,1,EXET4SCARE,EXET4SCARE,TRCH,nan,RVSCIVAA,TRENCH RD X S/S VISUAL INSECTION,VICIVTC05,Do you want to report Trench or crossing?,TRENCH,nan,S-2268875,SRR-28779687,EXET,TSWMEWE,TSW,5,EXET4,Civil Item
20/08/2024,,1,EXET4SCARE,EXET4SCARE,TRCH,nan,RVSCIVAA,TRENCH RD X S/S VISUAL INSECTION,VICIVTC05,Do you want to report Trench or crossing?,TRENCH,nan,S-2268875,SRR-28779690,EXET,TSWMEWE,TSW,5,EXET4,Civil Item
20/08/2024,,1,EXET4SCARE,EXET4SCARE,TRCH,nan,RVSCIVAA,TRENCH RD X S/S VISUAL INSECTION,VICIVTC05,Do you want to report Trench or crossing?,TRENCH,nan,S-2268875,SRR-28779693,EXET,TSWMEWE,TSW,5,EXET4,Civil Item
20/08/2024,,1,EXET4SCARE,EXET4SCARE,TRCH,nan,RVSCIVAA,TRENCH RD X S/S VISUAL INSECTION,VICIVTC05,Do you want to report Trench or crossing?,TRENCH,nan,S-2268875,SRR-28779696,EXET,TSWMEWE,TSW,5,EXET4,Civil Item
20/08/2024,,1,EXET4SCARE,EXET4SCARE,TRCH,nan,RVSCIVAA,TRENCH RD X S/S VISUAL INSECTION,VICIVTC05,Do you want to report Trench or crossing?,TRENCH,nan,S-2268875,SRR-28779699,EXET,TSWMEWE,TSW,5,EXET4,Civil Item
20/08/2024,,1,EXET4SCARE,EXET4SCARE,TRCH,nan,RVSCIVAA,TRENCH RD X S/S VISUAL INSECTION,VICIVTC05,Do you want to report Trench or crossing?,TRENCH,nan,S-2268875,SRR-28779702,EXET,TSWMEWE,TSW,5,EXET4,Civil Item
20/08/2024,,1,EXET4SCARE,EXET4SCARE,TRCH,nan,RVSCIVAA,TRENCH RD X S/S VISUAL INSECTION,VICIVTC05,Do you want to report Trench or crossing?,TRENCH,nan,S-2268875,SRR-28779705,EXET,TSWMEWE,TSW,5,EXET4,Civil Item
20/08/2024,,1,EXET4SCARE,EXET4SCARE,TRCH,nan,RVSCIVAA,TRENCH RD X S/S VISUAL INSECTION,VICIVTC05,Do you want to report Trench or crossing?,TRENCH,nan,S-2268875,SRR-28779708,EXET,TSWMEWE,TSW,5,EXET4,Civil Item
20/08/2024,,1,EXET4SCARE,EXET4SCARE,TRCH,nan,RVSCIVAA,TRENCH RD X S/S VISUAL INSECTION,VICIVTC05,Do you want to report Trench or crossing?,TRENCH,nan,S-2268875,SRR-28779711,EXET,TSWMEWE,TSW,5,EXET4,Civil Item
20/08/2024,,1,EXET4SCARE,EXET4SCARE,TRCH,nan,RVSCIVAA,TRENCH RD X S/S VISUAL INSECTION,VICIVTC05,Do you want to report Trench or crossing?,TRENCH,nan,S-2268875,SRR-28779714,EXET,TSWMEWE,TSW,5,EXET4,Civil Item
20/08/2024,,1,EXET4SCARE,EXET4SCARE,TRCH,nan,RVSCIVAA,TRENCH RD X S/S VISUAL INSECTION,VICIVTC05,Do you want to report Trench or crossing?,TRENCH,nan,S-2268875,SRR-28779717,EXET,TSWMEWE,TSW,5,EXET4,Civil Item
20/08/2024,0.0,4,EXET1STECH,EXET1STECH,GAN,nan,RVSGANAA,GANTRY S/S VISUAL INSPECTION,VICIVGA01,Do you want to report any condition deterioration of the asset?,NO,nan,S-2269527,SRR-28789269,EXET,TSWMEWE,TSW,11,EXET1,Civil Item
20/08/2024,1.0,4,EXET4STECH,EXET4STECH,GAN,nan,RVSGANAA,GANTRY S/S VISUAL INSPECTION,VICIVGA01,Do you want to report any condition deterioration of the asset?,YES,nan,S-2269546,SRR-28789507,EXET,TSWMEWE,TSW,11,EXET4,Civil Item
20/08/2024,,1,EXET1SCARE,EXET1SCARE,TRCH,nan,RVSCIVAA,TRENCH RD X S/S VISUAL INSECTION,VICIVTC05,Do you want to report Trench or crossing?,TRENCH,nan,S-2269671,SRR-28790728,EXET,TSWMEWE,TSW,5,EXET1,Civil Item
20/08/2024,0.0,4,EXET4STECH,EXET4STECH,GAN,nan,RVSGANAA,GANTRY S/S VISUAL INSPECTION,VICIVGA01,Do you want to report any condition deterioration of the asset?,NO,nan,S-2269784,SRR-28791725,EXET,TSWMEWE,TSW,11,EXET4,Civil Item
20/08/2024,,1,EXET4SCARE,EXET4SCARE,TRCH,nan,RVSCIVAA,TRENCH RD X S/S VISUAL INSECTION,VICIVTC05,Do you want to report Trench or crossing?,TRENCH,nan,S-2269796,SRR-28791776,EXET,TSWMEWE,TSW,5,EXET4,Civil Item
21/08/2024,1.0,4,ABHA4STECH,ABHA4STECH,GAN,nan,RVSGANAA,GANTRY S/S VISUAL INSPECTION,VICIVGA01,Do you want to report any condition deterioration of the asset?,YES,nan,S-2271741,SRR-28816467,ABHA,TSWTAMA,TSW,11,ABHA4,Civil Item
21/08/2024,1.0,4,ABHA1STECH,ABHA1STECH,GAN,nan,RVSGANAA,GANTRY S/S VISUAL INSPECTION,VICIVGA01,Do you want to report any condition deterioration of the asset?,YES,nan,S-2272052,SRR-28819658,ABHA,TSWTAMA,TSW,11,ABHA1,Civil Item
21/08/2024,,1,ABHA1SCARE,ABHA1SCARE,TRCH,nan,RVSCIVAA,TRENCH RD X S/S VISUAL INSECTION,VICIVTC05,Do you want to report Trench or crossing?,VEHICLE CROSSING,nan,S-2272089,SRR-28820000,ABHA,TSWTAMA,TSW,5,ABHA1,Civil Item
23/08/2024,,1,SELL1SCARE,SELL1SCARE,TRCH,nan,RVSCIVAA,TRENCH RD X S/S VISUAL INSECTION,VICIVTC05,Do you want to report Trench or crossing?,TRENCH,nan,S-2273724,SRR-28846481,SELL,TSEEAKT,TSE,5,SELL1,Civil Item
23/08/2024,,1,SELL1SCARE,SELL1SCARE,TRCH,nan,RVSCIVAA,TRENCH RD X S/S VISUAL INSECTION,VICIVTC05,Do you want to report Trench or crossing?,TRENCH,nan,S-2273729,SRR-28846538,SELL,TSEEAKT,TSE,5,SELL1,Civil Item
23/08/2024,,1,SELL1SCARE,SELL1SCARE,TRCH,nan,RVSCIVAA,TRENCH RD X S/S VISUAL INSECTION,VICIVTC05,Do you want to report Trench or crossing?,TRENCH,nan,S-2273737,SRR-28846668,SELL,TSEEAKT,TSE,5,SELL1,Civil Item
23/08/2024,,1,SELL1SCARE,SELL1SCARE,TRCH,nan,RVSCIVAA,TRENCH RD X S/S VISUAL INSECTION,VICIVTC05,Do you want to report Trench or crossing?,TRENCH,nan,S-2273741,SRR-28846714,SELL,TSEEAKT,TSE,5,SELL1,Civil Item
23/08/2024,,1,SELL4BSCARE,SELL4BSCARE,TRCH,nan,RVSCIVAA,TRENCH RD X S/S VISUAL INSECTION,VICIVTC05,Do you want to report Trench or crossing?,TRENCH,nan,S-2273780,SRR-28847657,SELL,TSEEAKT,TSE,5,SELL4,Civil Item
23/08/2024,,1,EXET4SCARE,EXET4SCARE,TRCH,nan,RVSCIVAA,TRENCH RD X S/S VISUAL INSECTION,VICIVTC05,Do you want to report Trench or crossing?,TRENCH,nan,S-2273822,SRR-28848622,EXET,TSWMEWE,TSW,5,EXET4,Civil Item
23/08/2024,,1,EXET4SCARE,EXET4SCARE,TRCH,nan,RVSCIVAA,TRENCH RD X S/S VISUAL INSECTION,VICIVTC05,Do you want to report Trench or crossing?,TRENCH,nan,S-2273825,SRR-28848652,EXET,TSWMEWE,TSW,5,EXET4,Civil Item
23/08/2024,,1,EXET1SCARE,EXET1SCARE,TRCH,nan,RVSCIVAA,TRENCH RD X S/S VISUAL INSECTION,VICIVTC05,Do you want to report Trench or crossing?,TRENCH,nan,S-2273864,SRR-28849503,EXET,TSWMEWE,TSW,5,EXET1,Civil Item
23/08/2024,,1,EXET1SCARE,EXET1SCARE,TRCH,nan,RVSCIVAA,TRENCH RD X S/S VISUAL INSECTION,VICIVTC05,Do you want to report Trench or crossing?,TRENCH,nan,S-2273867,SRR-28849533,EXET,TSWMEWE,TSW,5,EXET1,Civil Item
23/08/2024,,1,EXET1SCARE,EXET1SCARE,TRCH,nan,RVSCIVAA,TRENCH RD X S/S VISUAL INSECTION,VICIVTC05,Do you want to report Trench or crossing?,TRENCH,nan,S-2273870,SRR-28849563,EXET,TSWMEWE,TSW,5,EXET1,Civil Item
23/08/2024,,1,ABHA4SCARE,ABHA4SCARE,TRCH,nan,RVSCIVAA,TRENCH RD X S/S VISUAL INSECTION,VICIVTC05,Do you want to report Trench or crossing?,TRENCH,nan,S-2273900,SRR-28850118,ABHA,TSWTAMA,TSW,5,ABHA4,Civil Item
23/08/2024,,1,ABHA4SCARE,ABHA4SCARE,TRCH,nan,RVSCIVAA,TRENCH RD X S/S VISUAL INSECTION,VICIVTC05,Do you want to report Trench or crossing?,TRENCH,nan,S-2273903,SRR-28850148,ABHA,TSWTAMA,TSW,5,ABHA4,Civil Item
23/08/2024,,1,ABHA4SCARE,ABHA4SCARE,TRCH,nan,RVSCIVAA,TRENCH RD X S/S VISUAL INSECTION,VICIVTC05,Do you want to report Trench or crossing?,TRENCH,nan,S-2273906,SRR-28850178,ABHA,TSWTAMA,TSW,5,ABHA4,Civil Item
23/08/2024,,1,ABHA1SCARE,ABHA1SCARE,TRCH,nan,RVSCIVAA,TRENCH RD X S/S VISUAL INSECTION,VICIVTC05,Do you want to report Trench or crossing?,TRENCH,nan,S-2273941,SRR-28850718,ABHA,TSWTAMA,TSW,5,ABHA1,Civil Item
23/08/2024,,1,ABHA1SCARE,ABHA1SCARE,TRCH,nan,RVSCIVAA,TRENCH RD X S/S VISUAL INSECTION,VICIVTC05,Do you want to report Trench or crossing?,TRENCH,nan,S-2273944,SRR-28850748,ABHA,TSWTAMA,TSW,5,ABHA1,Civil Item
23/08/2024,,1,ABHA1SCARE,ABHA1SCARE,TRCH,nan,RVSCIVAA,TRENCH RD X S/S VISUAL INSECTION,VICIVTC05,Do you want to report Trench or crossing?,TRENCH,nan,S-2273947,SRR-28850778,ABHA,TSWTAMA,TSW,5,ABHA1,Civil Item
23/08/2024,,1,SELL4SCARE,SELL4SCARE,TRCH,nan,RVSCIVAA,TRENCH RD X S/S VISUAL INSECTION,VICIVTC05,Do you want to report Trench or crossing?,TRENCH,nan,S-2274036,SRR-28852029,SELL,TSEEAKT,TSE,5,SELL4,Civil Item
23/08/2024,,1,SELL4SCARE,SELL4SCARE,TRCH,nan,RVSCIVAA,TRENCH RD X S/S VISUAL INSECTION,VICIVTC05,Do you want to report Trench or crossing?,TRENCH,nan,S-2274040,SRR-28852062,SELL,TSEEAKT,TSE,5,SELL4,Civil Item
23/08/2024,,1,SELL4SCARE,SELL4SCARE,TRCH,nan,RVSCIVAA,TRENCH RD X S/S VISUAL INSECTION,VICIVTC05,Do you want to report Trench or crossing?,TRENCH,nan,S-2274043,SRR-28852092,SELL,TSEEAKT,TSE,5,SELL4,Civil Item
23/08/2024,,1,SELL4SCARE,SELL4SCARE,TRCH,nan,RVSCIVAA,TRENCH RD X S/S VISUAL INSECTION,VICIVTC05,Do you want to report Trench or crossing?,TRENCH,nan,S-2274046,SRR-28852122,SELL,TSEEAKT,TSE,5,SELL4,Civil Item
29/08/2024,,1,ABHA4SCARE,ABHA4SCARE,TRCH,nan,RVSCIVAA,TRENCH RD X S/S VISUAL INSECTION,VICIVTC05,Do you want to report Trench or crossing?,TRENCH,nan,S-2278179,SRR-28925823,ABHA,TSWTAMA,TSW,5,ABHA4,Civil Item
29/08/2024,,1,NINF4SCARE,NINF4SCARE,TRCH,nan,RVSCIVAA,TRENCH RD X S/S VISUAL INSECTION,VICIVTC05,Do you want to report Trench or crossing?,TRENCH,nan,S-2278298,SRR-28926694,NINF,TSEESUX,TSE,5,NINF4,Civil Item
29/08/2024,1.0,4,TAUN4STECH,TAUN4STECH,GAN,nan,RVSGANAA,GANTRY S/S VISUAL INSPECTION,VICIVGA01,Do you want to report any condition deterioration of the asset?,YES,nan,S-2278643,SRR-28931672,TAUN,TSWMEWE,TSW,11,TAUN4,Civil Item
29/08/2024,1.0,4,TAUN1STECH,TAUN1STECH,GAN,nan,RVSGANAA,GANTRY S/S VISUAL INSPECTION,VICIVGA01,Do you want to report any condition deterioration of the asset?,YES,nan,S-2278934,SRR-28936719,TAUN,TSWMEWE,TSW,11,TAUN1,Civil Item
29/08/2024,,1,TAUN1SCARE,TAUN1SCARE,TRCH,nan,RVSCIVAA,TRENCH RD X S/S VISUAL INSECTION,VICIVTC05,Do you want to report Trench or crossing?,TRENCH,nan,S-2278995,SRR-28937243,TAUN,TSWMEWE,TSW,5,TAUN1,Civil Item
29/08/2024,,1,TAUN4SCARE,TAUN4SCARE,TRCH,nan,RVSCIVAA,TRENCH RD X S/S VISUAL INSECTION,VICIVTC05,Do you want to report Trench or crossing?,TRENCH,nan,S-2279009,SRR-28937426,TAUN,TSWMEWE,TSW,5,TAUN4,Civil Item
31/08/2024,,1,TAUN1SCARE,TAUN1SCARE,TRCH,nan,RVSCIVAA,TRENCH RD X S/S VISUAL INSECTION,VICIVTC05,Do you want to report Trench or crossing?,TRENCH,nan,S-2281085,SRR-28970611,TAUN,TSWMEWE,TSW,5,TAUN1,Civil Item
31/08/2024,,1,TAUN1SCARE,TAUN1SCARE,TRCH,nan,RVSCIVAA,TRENCH RD X S/S VISUAL INSECTION,VICIVTC05,Do you want to report Trench or crossing?,TRENCH,nan,S-2281087,SRR-28970616,TAUN,TSWMEWE,TSW,5,TAUN1,Civil Item
31/08/2024,,1,TAUN1SCARE,TAUN1SCARE,TRCH,nan,RVSCIVAA,TRENCH RD X S/S VISUAL INSECTION,VICIVTC05,Do you want to report Trench or crossing?,TRENCH,nan,S-2281089,SRR-28970621,TAUN,TSWMEWE,TSW,5,TAUN1,Civil Item
31/08/2024,,1,TAUN4SCARE,TAUN4SCARE,TRCH,nan,RVSCIVAA,TRENCH RD X S/S VISUAL INSECTION,VICIVTC05,Do you want to report Trench or crossing?,TRENCH,nan,S-2281091,SRR-28970626,TAUN,TSWMEWE,TSW,5,TAUN4,Civil Item
31/08/2024,,1,TAUN4SCARE,TAUN4SCARE,TRCH,nan,RVSCIVAA,TRENCH RD X S/S VISUAL INSECTION,VICIVTC05,Do you want to report Trench or crossing?,TRENCH,nan,S-2281093,SRR-28970631,TAUN,TSWMEWE,TSW,5,TAUN4,Civil Item
02/09/2024,,1,AUST4SCARE,AUST4SCARE,TRCH,nan,RVSCIVAA,TRENCH RD X S/S VISUAL INSECTION,VICIVTC05,Do you want to report Trench or crossing?,TRENCH,nan,S-2283039,SRR-28993056,AUST,TSWSEVN,TSW,5,AUST4,Civil Item
02/09/2024,,1,AUST4SCARE,AUST4SCARE,TRCH,nan,RVSCIVAA,TRENCH RD X S/S VISUAL INSECTION,VICIVTC05,Do you want to report Trench or crossing?,TRENCH,nan,S-2283039,SRR-28993059,AUST,TSWSEVN,TSW,5,AUST4,Civil Item
02/09/2024,,1,NEWH4SCARE,NEWH4SCARE,TRCH,nan,RVSCIVAA,TRENCH RD X S/S VISUAL INSECTION,VICIVTC05,Do you want to report Trench or crossing?,TRENCH,nan,S-2284251,SRR-29002577,NEWH,TSWSEVN,TSW,5,NEWH4,Civil Item
03/09/2024,1.0,4,GACC4STECH,GACC4STECH,GAN,nan,RVSGANAA,GANTRY S/S VISUAL INSPECTION,VICIVGA01,Do you want to report any condition deterioration of the asset?,YES,nan,S-2285958,SRR-29020689,GACC,TNWNWAL,TNW,11,GACC4,Civil Item
04/09/2024,0.0,4,BAGB2STECH,BAGB2STECH,GAN,nan,RVSGANAA,GANTRY S/S VISUAL INSPECTION,VICIVGA01,Do you want to report any condition deterioration of the asset?,NO,nan,S-2289828,SRR-29069616,BAGB,TSWSWAW,TSW,11,BAGB2,Civil Item
04/09/2024,,1,BAGB2SCARE,BAGB2SCARE,TRCH,nan,RVSCIVAA,TRENCH RD X S/S VISUAL INSECTION,VICIVTC05,Do you want to report Trench or crossing?,TRENCH,nan,S-2289982,SRR-29071068,BAGB,TSWSWAW,TSW,5,BAGB2,Civil Item
04/09/2024,,1,BAGB2SCARE,BAGB2SCARE,TRCH,nan,RVSCIVAA,TRENCH RD X S/S VISUAL INSECTION,VICIVTC05,Do you want to report Trench or crossing?,TRENCH,nan,S-2290064,SRR-29071809,BAGB,TSWSWAW,TSW,5,BAGB2,Civil Item
04/09/2024,,1,AUST4SCARE,AUST4SCARE,TRCH,nan,RVSCIVAA,TRENCH RD X S/S VISUAL INSECTION,VICIVTC05,Do you want to report Trench or crossing?,TRENCH,nan,S-2291332,SRR-29088029,AUST,TSWSEVN,TSW,5,AUST4,Civil Item
04/09/2024,,1,AUST4SCARE,AUST4SCARE,TRCH,nan,RVSCIVAA,TRENCH RD X S/S VISUAL INSECTION,VICIVTC05,Do you want to report Trench or crossing?,TRENCH,nan,S-2291339,SRR-29088188,AUST,TSWSEVN,TSW,5,AUST4,Civil Item
04/09/2024,,1,AUST4SCARE,AUST4SCARE,TRCH,nan,RVSCIVAA,TRENCH RD X S/S VISUAL INSECTION,VICIVTC05,Do you want to report Trench or crossing?,TRENCH,nan,S-2291345,SRR-29088199,AUST,TSWSEVN,TSW,5,AUST4,Civil Item
04/09/2024,,1,NEWH4SCARE,NEWH4SCARE,TRCH,nan,RVSCIVAA,TRENCH RD X S/S VISUAL INSECTION,VICIVTC05,Do you want to report Trench or crossing?,TRENCH,nan,S-2291363,SRR-29088255,NEWH,TSWSEVN,TSW,5,NEWH4,Civil Item
04/09/2024,,1,NEWH4SCARE,NEWH4SCARE,TRCH,nan,RVSCIVAA,TRENCH RD X S/S VISUAL INSECTION,VICIVTC05,Do you want to report Trench or crossing?,TRENCH,nan,S-2291365,SRR-29088260,NEWH,TSWSEVN,TSW,5,NEWH4,Civil Item
04/09/2024,,1,NEWH4SCARE,NEWH4SCARE,TRCH,nan,RVSCIVAA,TRENCH RD X S/S VISUAL INSECTION,VICIVTC05,Do you want to report Trench or crossing?,TRENCH,nan,S-2291367,SRR-29088265,NEWH,TSWSEVN,TSW,5,NEWH4,Civil Item
04/09/2024,,1,PORH1SCARE,PORH1SCARE,TRCH,nan,RVSCIVAA,TRENCH RD X S/S VISUAL INSECTION,VICIVTC05,Do you want to report Trench or crossing?,TRENCH,nan,S-2291392,SRR-29088351,PORH,TSWSEVN,TSW,5,PORH1,Civil Item
04/09/2024,,1,PORH1SCARE,PORH1SCARE,TRCH,nan,RVSCIVAA,TRENCH RD X S/S VISUAL INSECTION,VICIVTC05,Do you want to report Trench or crossing?,TRENCH,nan,S-2291395,SRR-29088361,PORH,TSWSEVN,TSW,5,PORH1,Civil Item
04/09/2024,,1,PORH1SCARE,PORH1SCARE,TRCH,nan,RVSCIVAA,TRENCH RD X S/S VISUAL INSECTION,VICIVTC05,Do you want to report Trench or crossing?,TRENCH,nan,S-2291399,SRR-29088376,PORH,TSWSEVN,TSW,5,PORH1,Civil Item
04/09/2024,,1,PORH1SCARE,PORH1SCARE,TRCH,nan,RVSCIVAA,TRENCH RD X S/S VISUAL INSECTION,VICIVTC05,Do you want to report Trench or crossing?,TRENCH,nan,S-2291401,SRR-29088381,PORH,TSWSEVN,TSW,5,PORH1,Civil Item
04/09/2024,,1,INCE1SCARE,INCE1SCARE,TRCH,nan,RVSCIVAA,TRENCH RD X S/S VISUAL INSECTION,VICIVTC05,Do you want to report Trench or crossing?,TRENCH,nan,S-2291419,SRR-29088465,INCE,TNWCHIR,TNW,5,INCE1,Civil Item
04/09/2024,,1,INCE1SCARE,INCE1SCARE,TRCH,nan,RVSCIVAA,TRENCH RD X S/S VISUAL INSECTION,VICIVTC05,Do you want to report Trench or crossing?,TRENCH,nan,S-2291423,SRR-29088475,INCE,TNWCHIR,TNW,5,INCE1,Civil Item
04/09/2024,,1,INCE1SCARE,INCE1SCARE,TRCH,nan,RVSCIVAA,TRENCH RD X S/S VISUAL INSECTION,VICIVTC05,Do you want to report Trench or crossing?,TRENCH,nan,S-2291427,SRR-29088486,INCE,TNWCHIR,TNW,5,INCE1,Civil Item
04/09/2024,,1,INCE1SCARE,INCE1SCARE,TRCH,nan,RVSCIVAA,TRENCH RD X S/S VISUAL INSECTION,VICIVTC05,Do you want to report Trench or crossing?,TRENCH,nan,S-2291430,SRR-29088496,INCE,TNWCHIR,TNW,5,INCE1,Civil Item
04/09/2024,,1,GACC4SCARE,GACC4SCARE,TRCH,nan,RVSCIVAA,TRENCH RD X S/S VISUAL INSECTION,VICIVTC05,Do you want to report Trench or crossing?,TRENCH,nan,S-2291435,SRR-29088514,GACC,TNWNWAL,TNW,5,GACC4,Civil Item
04/09/2024,,1,GACC4SCARE,GACC4SCARE,TRCH,nan,RVSCIVAA,TRENCH RD X S/S VISUAL INSECTION,VICIVTC05,Do you want to report Trench or crossing?,TRENCH,nan,S-2291438,SRR-29088522,GACC,TNWNWAL,TNW,5,GACC4,Civil Item
04/09/2024,,1,GACC4SCARE,GACC4SCARE,TRCH,nan,RVSCIVAA,TRENCH RD X S/S VISUAL INSECTION,VICIVTC05,Do you want to report Trench or crossing?,TRENCH,nan,S-2291440,SRR-29088527,GACC,TNWNWAL,TNW,5,GACC4,Civil Item
04/09/2024,,1,GACC4SCARE,GACC4SCARE,TRCH,nan,RVSCIVAA,TRENCH RD X S/S VISUAL INSECTION,VICIVTC05,Do you want to report Trench or crossing?,TRENCH,nan,S-2291443,SRR-29088536,GACC,TNWNWAL,TNW,5,GACC4,Civil Item
06/09/2024,,1,BAGB2SCARE,BAGB2SCARE,TRCH,nan,RVSCIVAA,TRENCH RD X S/S VISUAL INSECTION,VICIVTC05,Do you want to report Trench or crossing?,TRENCH,nan,S-2295441,SRR-29142627,BAGB,TSWSWAW,TSW,5,BAGB2,Civil Item
06/09/2024,,1,BAGB2SCARE,BAGB2SCARE,TRCH,nan,RVSCIVAA,TRENCH RD X S/S VISUAL INSECTION,VICIVTC05,Do you want to report Trench or crossing?,TRENCH,nan,S-2295461,SRR-29142852,BAGB,TSWSWAW,TSW,5,BAGB2,Civil Item
09/09/2024,1.0,4,CHIC4STECH,CHIC4STECH,GAN,nan,RVSGANAA,GANTRY S/S VISUAL INSPECTION,VICIVGA01,Do you want to report any condition deterioration of the asset?,YES,nan,S-2299059,SRR-29187514,CHIC,TSWMEWE,TSW,11,CHIC4,Civil Item
09/09/2024,,1,CHIC4SCARE,CHIC4SCARE,TRCH,nan,RVSCIVAA,TRENCH RD X S/S VISUAL INSECTION,VICIVTC05,Do you want to report Trench or crossing?,TRENCH,nan,S-2299391,SRR-29190310,CHIC,TSWMEWE,TSW,5,CHIC4,Civil Item
09/09/2024,,1,CHIC4SCARE,CHIC4SCARE,TRCH,nan,RVSCIVAA,TRENCH RD X S/S VISUAL INSECTION,VICIVTC05,Do you want to report Trench or crossing?,TRENCH,nan,S-2299391,SRR-29190313,CHIC,TSWMEWE,TSW,5,CHIC4,Civil Item
09/09/2024,,1,CHIC4SCARE,CHIC4SCARE,TRCH,nan,RVSCIVAA,TRENCH RD X S/S VISUAL INSECTION,VICIVTC05,Do you want to report Trench or crossing?,TRENCH,nan,S-2299391,SRR-29190316,CHIC,TSWMEWE,TSW,5,CHIC4,Civil Item
09/09/2024,,1,CHIC4SCARE,CHIC4SCARE,TRCH,nan,RVSCIVAA,TRENCH RD X S/S VISUAL INSECTION,VICIVTC05,Do you want to report Trench or crossing?,TRENCH,nan,S-2299391,SRR-29190319,CHIC,TSWMEWE,TSW,5,CHIC4,Civil Item
09/09/2024,,1,CHIC4SCARE,CHIC4SCARE,TRCH,nan,RVSCIVAA,TRENCH RD X S/S VISUAL INSECTION,VICIVTC05,Do you want to report Trench or crossing?,TRENCH,nan,S-2299391,SRR-29190322,CHIC,TSWMEWE,TSW,5,CHIC4,Civil Item
09/09/2024,1.0,4,CHIC1STECH,CHIC1STECH,GAN,nan,RVSGANAA,GANTRY S/S VISUAL INSPECTION,VICIVGA01,Do you want to report any condition deterioration of the asset?,YES,nan,S-2299982,SRR-29195654,CHIC,TSWMEWE,TSW,11,CHIC1,Civil Item
11/09/2024,,1,CHIC4SCARE,CHIC4SCARE,TRCH,nan,RVSCIVAA,TRENCH RD X S/S VISUAL INSECTION,VICIVTC05,Do you want to report Trench or crossing?,TRENCH,nan,S-2305507,SRR-29262638,CHIC,TSWMEWE,TSW,5,CHIC4,Civil Item
11/09/2024,,1,CHIC4SCARE,CHIC4SCARE,TRCH,nan,RVSCIVAA,TRENCH RD X S/S VISUAL INSECTION,VICIVTC05,Do you want to report Trench or crossing?,TRENCH,nan,S-2305519,SRR-29262929,CHIC,TSWMEWE,TSW,5,CHIC4,Civil Item
11/09/2024,,1,CHIC4SCARE,CHIC4SCARE,TRCH,nan,RVSCIVAA,TRENCH RD X S/S VISUAL INSECTION,VICIVTC05,Do you want to report Trench or crossing?,TRENCH,nan,S-2305531,SRR-29263220,CHIC,TSWMEWE,TSW,5,CHIC4,Civil Item
11/09/2024,,1,CHIC1SCARE,CHIC1SCARE,TRCH,nan,RVSCIVAA,TRENCH RD X S/S VISUAL INSECTION,VICIVTC05,Do you want to report Trench or crossing?,TRENCH,nan,S-2305580,SRR-29264576,CHIC,TSWMEWE,TSW,5,CHIC1,Civil Item
11/09/2024,,1,CHIC1SCARE,CHIC1SCARE,TRCH,nan,RVSCIVAA,TRENCH RD X S/S VISUAL INSECTION,VICIVTC05,Do you want to report Trench or crossing?,TRENCH,nan,S-2305588,SRR-29264644,CHIC,TSWMEWE,TSW,5,CHIC1,Civil Item
11/09/2024,,1,CHIC1SCARE,CHIC1SCARE,TRCH,nan,RVSCIVAA,TRENCH RD X S/S VISUAL INSECTION,VICIVTC05,Do you want to report Trench or crossing?,TRENCH,nan,S-2305593,SRR-29264658,CHIC,TSWMEWE,TSW,5,CHIC1,Civil Item
11/09/2024,,1,CHIC1SCARE,CHIC1SCARE,TRCH,nan,RVSCIVAA,TRENCH RD X S/S VISUAL INSECTION,VICIVTC05,Do you want to report Trench or crossing?,TRENCH,nan,S-2305596,SRR-29264668,CHIC,TSWMEWE,TSW,5,CHIC1,Civil Item
16/09/2024,,1,SELL4BSCARE,SELL4BSCARE,TRCH,nan,RVSCIVAA,TRENCH RD X S/S VISUAL INSECTION,VICIVTC05,Do you want to report Trench or crossing?,TRENCH,nan,S-2311966,SRR-29336217,SELL,TSEEAKT,TSE,5,SELL4,Civil Item
16/09/2024,,1,PYLE1SCARE,PYLE1SCARE,TRCH,nan,RVSCIVAA,TRENCH RD X S/S VISUAL INSECTION,VICIVTC05,Do you want to report Trench or crossing?,TRENCH,nan,S-2312428,SRR-29340402,PYLE,TSWSWAW,TSW,5,PYLE1,Civil Item
16/09/2024,1.0,4,PYLE2STECH,PYLE2STECH,GAN,nan,RVSGANAA,GANTRY S/S VISUAL INSPECTION,VICIVGA01,Do you want to report any condition deterioration of the asset?,YES,nan,S-2312490,SRR-29340964,PYLE,TSWSWAW,TSW,11,PYLE2,Civil Item
16/09/2024,,1,PYLE2SCARE,PYLE2SCARE,TRCH,nan,RVSCIVAA,TRENCH RD X S/S VISUAL INSECTION,VICIVTC05,Do you want to report Trench or crossing?,TRENCH,nan,S-2312738,SRR-29342292,PYLE,TSWSWAW,TSW,5,PYLE2,Civil Item
16/09/2024,1.0,4,BUST2STECH,BUST2STECH,GAN,nan,RVSGANAA,GANTRY S/S VISUAL INSPECTION,VICIVGA01,Do you want to report any condition deterioration of the asset?,YES,nan,S-2313859,SRR-29351095,BUST,TCNSTAF,TCN,11,BUST2,Civil Item
16/09/2024,,1,PYLE2SCARE,PYLE2SCARE,TRCH,nan,RVSCIVAA,TRENCH RD X S/S VISUAL INSECTION,VICIVTC05,Do you want to report Trench or crossing?,TRENCH,nan,S-2314261,SRR-29355598,PYLE,TSWSWAW,TSW,5,PYLE2,Civil Item
16/09/2024,1.0,4,BUST1STECH,BUST1STECH,GAN,nan,RVSGANAA,GANTRY S/S VISUAL INSPECTION,VICIVGA01,Do you want to report any condition deterioration of the asset?,YES,nan,S-2314844,SRR-29362015,BUST,TCNSTAF,TCN,11,BUST1,Civil Item
16/09/2024,,1,BUST2SCARE,BUST2SCARE,TRCH,nan,RVSCIVAA,TRENCH RD X S/S VISUAL INSECTION,VICIVTC05,Do you want to report Trench or crossing?,TRENCH,nan,S-2314897,SRR-29362787,BUST,TCNSTAF,TCN,5,BUST2,Civil Item
16/09/2024,,1,BUST2SCARE,BUST2SCARE,TRCH,nan,RVSCIVAA,TRENCH RD X S/S VISUAL INSECTION,VICIVTC05,Do you want to report Trench or crossing?,TRENCH,nan,S-2314897,SRR-29362790,BUST,TCNSTAF,TCN,5,BUST2,Civil Item
16/09/2024,,1,BUST2SCARE,BUST2SCARE,TRCH,nan,RVSCIVAA,TRENCH RD X S/S VISUAL INSECTION,VICIVTC05,Do you want to report Trench or crossing?,TRENCH,nan,S-2314897,SRR-29362793,BUST,TCNSTAF,TCN,5,BUST2,Civil Item
16/09/2024,,1,BUST2SCARE,BUST2SCARE,TRCH,nan,RVSCIVAA,TRENCH RD X S/S VISUAL INSECTION,VICIVTC05,Do you want to report Trench or crossing?,TRENCH,nan,S-2314897,SRR-29362796,BUST,TCNSTAF,TCN,5,BUST2,Civil Item
16/09/2024,,1,BUST2SCARE,BUST2SCARE,TRCH,nan,RVSCIVAA,TRENCH RD X S/S VISUAL INSECTION,VICIVTC05,Do you want to report Trench or crossing?,TRENCH,nan,S-2314897,SRR-29362799,BUST,TCNSTAF,TCN,5,BUST2,Civil Item
16/09/2024,,1,BUST2SCARE,BUST2SCARE,TRCH,nan,RVSCIVAA,TRENCH RD X S/S VISUAL INSECTION,VICIVTC05,Do you want to report Trench or crossing?,TRENCH,nan,S-2314897,SRR-29362802,BUST,TCNSTAF,TCN,5,BUST2,Civil Item
21/09/2024,,1,PYLE2SCARE,PYLE2SCARE,TRCH,nan,RVSCIVAA,TRENCH RD X S/S VISUAL INSECTION,VICIVTC05,Do you want to report Trench or crossing?,TRENCH,nan,S-2324848,SRR-29495026,PYLE,TSWSWAW,TSW,5,PYLE2,Civil Item
21/09/2024,,1,PYLE2SCARE,PYLE2SCARE,TRCH,nan,RVSCIVAA,TRENCH RD X S/S VISUAL INSECTION,VICIVTC05,Do you want to report Trench or crossing?,TRENCH,nan,S-2324850,SRR-29495031,PYLE,TSWSWAW,TSW,5,PYLE2,Civil Item
21/09/2024,,1,PYLE1SCARE,PYLE1SCARE,TRCH,nan,RVSCIVAA,TRENCH RD X S/S VISUAL INSECTION,VICIVTC05,Do you want to report Trench or crossing?,TRENCH,nan,S-2324854,SRR-29495038,PYLE,TSWSWAW,TSW,5,PYLE1,Civil Item
21/09/2024,,1,PYLE1SCARE,PYLE1SCARE,TRCH,nan,RVSCIVAA,TRENCH RD X S/S VISUAL INSECTION,VICIVTC05,Do you want to report Trench or crossing?,TRENCH,nan,S-2324856,SRR-29495043,PYLE,TSWSWAW,TSW,5,PYLE1,Civil Item
21/09/2024,,1,PYLE1SCARE,PYLE1SCARE,TRCH,nan,RVSCIVAA,TRENCH RD X S/S VISUAL INSECTION,VICIVTC05,Do you want to report Trench or crossing?,TRENCH,nan,S-2324858,SRR-29495048,PYLE,TSWSWAW,TSW,5,PYLE1,Civil Item
21/09/2024,,1,BUST1SCARE,BUST1SCARE,TRCH,nan,RVSCIVAA,TRENCH RD X S/S VISUAL INSECTION,VICIVTC05,Do you want to report Trench or crossing?,TRENCH,nan,S-2324863,SRR-29495056,BUST,TCNSTAF,TCN,5,BUST1,Civil Item
21/09/2024,,1,BUST1SCARE,BUST1SCARE,TRCH,nan,RVSCIVAA,TRENCH RD X S/S VISUAL INSECTION,VICIVTC05,Do you want to report Trench or crossing?,TRENCH,nan,S-2324865,SRR-29495061,BUST,TCNSTAF,TCN,5,BUST1,Civil Item
21/09/2024,,1,BUST1SCARE,BUST1SCARE,TRCH,nan,RVSCIVAA,TRENCH RD X S/S VISUAL INSECTION,VICIVTC05,Do you want to report Trench or crossing?,TRENCH,nan,S-2324867,SRR-29495066,BUST,TCNSTAF,TCN,5,BUST1,Civil Item
21/09/2024,,1,BUST1SCARE,BUST1SCARE,TRCH,nan,RVSCIVAA,TRENCH RD X S/S VISUAL INSECTION,VICIVTC05,Do you want to report Trench or crossing?,TRENCH,nan,S-2324869,SRR-29495071,BUST,TCNSTAF,TCN,5,BUST1,Civil Item
21/09/2024,,1,BUST2SCARE,BUST2SCARE,TRCH,nan,RVSCIVAA,TRENCH RD X S/S VISUAL INSECTION,VICIVTC05,Do you want to report Trench or crossing?,TRENCH,nan,S-2324871,SRR-29495076,BUST,TCNSTAF,TCN,5,BUST2,Civil Item
21/09/2024,,1,BUST2SCARE,BUST2SCARE,TRCH,nan,RVSCIVAA,TRENCH RD X S/S VISUAL INSECTION,VICIVTC05,Do you want to report Trench or crossing?,TRENCH,nan,S-2324873,SRR-29495081,BUST,TCNSTAF,TCN,5,BUST2,Civil Item
21/09/2024,,1,BUST2SCARE,BUST2SCARE,TRCH,nan,RVSCIVAA,TRENCH RD X S/S VISUAL INSECTION,VICIVTC05,Do you want to report Trench or crossing?,TRENCH,nan,S-2324875,SRR-29495086,BUST,TCNSTAF,TCN,5,BUST2,Civil Item
01/10/2024,1.0,4,BEDD2STECH,BEDD2STECH,GAN,nan,RVSGANAA,GANTRY S/S VISUAL INSPECTION,VICIVGA01,Do you want to report any condition deterioration of the asset?,YES,nan,S-2340807,SRR-29649485,BEDD,TLNSOTH,TLN,11,BEDD2,Civil Item
04/10/2024,,1,ELLA1SCARE,ELLA1SCARE,TRCH,nan,RVSCIVAA,TRENCH RD X S/S VISUAL INSECTION,VICIVTC05,Do you want to report Trench or crossing?,TRENCH,nan,S-2353476,SRR-29786540,ELLA,TNELEDS,TNE,5,ELLA1,Civil Item
04/10/2024,,1,ELLA1SCARE,ELLA1SCARE,TRCH,nan,RVSCIVAA,TRENCH RD X S/S VISUAL INSECTION,VICIVTC05,Do you want to report Trench or crossing?,TRENCH,nan,S-2353486,SRR-29786599,ELLA,TNELEDS,TNE,5,ELLA1,Civil Item
04/10/2024,,1,ELLA1SCARE,ELLA1SCARE,TRCH,nan,RVSCIVAA,TRENCH RD X S/S VISUAL INSECTION,VICIVTC05,Do you want to report Trench or crossing?,TRENCH,nan,S-2353495,SRR-29786625,ELLA,TNELEDS,TNE,5,ELLA1,Civil Item
04/10/2024,,1,ELLA1SCARE,ELLA1SCARE,TRCH,nan,RVSCIVAA,TRENCH RD X S/S VISUAL INSECTION,VICIVTC05,Do you want to report Trench or crossing?,TRENCH,nan,S-2353500,SRR-29786639,ELLA,TNELEDS,TNE,5,ELLA1,Civil Item
04/10/2024,,1,ELLA2SCARE,ELLA2SCARE,TRCH,nan,RVSCIVAA,TRENCH RD X S/S VISUAL INSECTION,VICIVTC05,Do you want to report Trench or crossing?,TRENCH,nan,S-2353523,SRR-29786756,ELLA,TNELEDS,TNE,5,ELLA2,Civil Item
04/10/2024,,1,ELLA2SCARE,ELLA2SCARE,TRCH,nan,RVSCIVAA,TRENCH RD X S/S VISUAL INSECTION,VICIVTC05,Do you want to report Trench or crossing?,TRENCH,nan,S-2353526,SRR-29786766,ELLA,TNELEDS,TNE,5,ELLA2,Civil Item
04/10/2024,,1,ELLA2SCARE,ELLA2SCARE,TRCH,nan,RVSCIVAA,TRENCH RD X S/S VISUAL INSECTION,VICIVTC05,Do you want to report Trench or crossing?,TRENCH,nan,S-2353530,SRR-29786807,ELLA,TNELEDS,TNE,5,ELLA2,Civil Item
04/10/2024,,1,ELLA2SCARE,ELLA2SCARE,TRCH,nan,RVSCIVAA,TRENCH RD X S/S VISUAL INSECTION,VICIVTC05,Do you want to report Trench or crossing?,TRENCH,nan,S-2353533,SRR-29786817,ELLA,TNELEDS,TNE,5,ELLA2,Civil Item
07/10/2024,1.0,4,TEMP2STECH,TEMP2STECH,GAN,nan,RVSGANAA,GANTRY S/S VISUAL INSPECTION,VICIVGA01,Do you want to report any condition deterioration of the asset?,YES,nan,S-2354404,SRR-29800133,TEMP,TNESHEF,TNE,11,TEMP2,Civil Item
07/10/2024,,1,TEMP2SCARE,TEMP2SCARE,TRCH,nan,RVSCIVAA,TRENCH RD X S/S VISUAL INSECTION,VICIVTC05,Do you want to report Trench or crossing?,TRENCH,nan,S-2354447,SRR-29800657,TEMP,TNESHEF,TNE,5,TEMP2,Civil Item
07/10/2024,1.0,4,ALDW2STECH,ALDW2STECH,GAN,nan,RVSGANAA,GANTRY S/S VISUAL INSPECTION,VICIVGA01,Do you want to report any condition deterioration of the asset?,YES,nan,S-2356383,SRR-29815651,ALDW,TNESHUM,TNE,11,ALDW2,Civil Item
07/10/2024,,1,ALDW2SCARE,ALDW2SCARE,TRCH,nan,RVSCIVAA,TRENCH RD X S/S VISUAL INSECTION,VICIVTC05,Do you want to report Trench or crossing?,TRENCH,nan,S-2356501,SRR-29816455,ALDW,TNESHUM,TNE,5,ALDW2,Civil Item
08/10/2024,1.0,4,THUR2STECH,THUR2STECH,GAN,nan,RVSGANAA,GANTRY S/S VISUAL INSPECTION,VICIVGA01,Do you want to report any condition deterioration of the asset?,YES,nan,S-2358262,SRR-29833741,THUR,TNESHUM,TNE,11,THUR2,Civil Item
08/10/2024,,1,THUR2SCARE,THUR2SCARE,TRCH,nan,RVSCIVAA,TRENCH RD X S/S VISUAL INSECTION,VICIVTC05,Do you want to report Trench or crossing?,TRENCH,nan,S-2358307,SRR-29834270,THUR,TNESHUM,TNE,5,THUR2,Civil Item
08/10/2024,,1,WMEL2SCARE,WMEL2SCARE,TRCH,nan,RVSCIVAA,TRENCH RD X S/S VISUAL INSECTION,VICIVTC05,Do you want to report Trench or crossing?,TRENCH,nan,S-2360042,SRR-29851062,WMEL,TNESHEF,TNE,5,WMEL2,Civil Item
08/10/2024,0.0,4,WMEL2STECH,WMEL2STECH,GAN,nan,RVSGANAA,GANTRY S/S VISUAL INSPECTION,VICIVGA01,Do you want to report any condition deterioration of the asset?,NO,nan,S-2360097,SRR-29851467,WMEL,TNESHEF,TNE,11,WMEL2,Civil Item
10/10/2024,,1,ALDW2SCARE,ALDW2SCARE,TRCH,nan,RVSCIVAA,TRENCH RD X S/S VISUAL INSECTION,VICIVTC05,Do you want to report Trench or crossing?,TRENCH,nan,S-2368469,SRR-29936615,ALDW,TNESHUM,TNE,5,ALDW2,Civil Item
10/10/2024,,1,ALDW2SCARE,ALDW2SCARE,TRCH,nan,RVSCIVAA,TRENCH RD X S/S VISUAL INSECTION,VICIVTC05,Do you want to report Trench or crossing?,TRENCH,nan,S-2368472,SRR-29936625,ALDW,TNESHUM,TNE,5,ALDW2,Civil Item
10/10/2024,,1,ALDW2SCARE,ALDW2SCARE,TRCH,nan,RVSCIVAA,TRENCH RD X S/S VISUAL INSECTION,VICIVTC05,Do you want to report Trench or crossing?,TRENCH,nan,S-2368476,SRR-29936636,ALDW,TNESHUM,TNE,5,ALDW2,Civil Item
10/10/2024,,1,THUR2SCARE,THUR2SCARE,TRCH,nan,RVSCIVAA,TRENCH RD X S/S VISUAL INSECTION,VICIVTC05,Do you want to report Trench or crossing?,TRENCH,nan,S-2368492,SRR-29937046,THUR,TNESHUM,TNE,5,THUR2,Civil Item
10/10/2024,,1,THUR2SCARE,THUR2SCARE,TRCH,nan,RVSCIVAA,TRENCH RD X S/S VISUAL INSECTION,VICIVTC05,Do you want to report Trench or crossing?,TRENCH,nan,S-2368495,SRR-29937056,THUR,TNESHUM,TNE,5,THUR2,Civil Item
10/10/2024,,1,THUR2SCARE,THUR2SCARE,TRCH,nan,RVSCIVAA,TRENCH RD X S/S VISUAL INSECTION,VICIVTC05,Do you want to report Trench or crossing?,TRENCH,nan,S-2368498,SRR-29937066,THUR,TNESHUM,TNE,5,THUR2,Civil Item
10/10/2024,,1,WMEL2SCARE,WMEL2SCARE,TRCH,nan,RVSCIVAA,TRENCH RD X S/S VISUAL INSECTION,VICIVTC05,Do you want to report Trench or crossing?,TRENCH,nan,S-2368554,SRR-29937737,WMEL,TNESHEF,TNE,5,WMEL2,Civil Item
10/10/2024,,1,WMEL2SCARE,WMEL2SCARE,TRCH,nan,RVSCIVAA,TRENCH RD X S/S VISUAL INSECTION,VICIVTC05,Do you want to report Trench or crossing?,TRENCH,nan,S-2368557,SRR-29937747,WMEL,TNESHEF,TNE,5,WMEL2,Civil Item
10/10/2024,,1,WMEL2SCARE,WMEL2SCARE,TRCH,nan,RVSCIVAA,TRENCH RD X S/S VISUAL INSECTION,VICIVTC05,Do you want to report Trench or crossing?,TRENCH,nan,S-2368560,SRR-29937757,WMEL,TNESHEF,TNE,5,WMEL2,Civil Item
10/10/2024,,1,WMEL1SCARE,WMEL1SCARE,TRCH,nan,RVSCIVAA,TRENCH RD X S/S VISUAL INSECTION,VICIVTC05,Do you want to report Trench or crossing?,TRENCH,nan,S-2368580,SRR-29937840,WMEL,TNESHEF,TNE,5,WMEL1,Civil Item
10/10/2024,,1,WMEL1SCARE,WMEL1SCARE,TRCH,nan,RVSCIVAA,TRENCH RD X S/S VISUAL INSECTION,VICIVTC05,Do you want to report Trench or crossing?,TRENCH,nan,S-2368583,SRR-29937850,WMEL,TNESHEF,TNE,5,WMEL1,Civil Item
10/10/2024,,1,WMEL1SCARE,WMEL1SCARE,TRCH,nan,RVSCIVAA,TRENCH RD X S/S VISUAL INSECTION,VICIVTC05,Do you want to report Trench or crossing?,TRENCH,nan,S-2368586,SRR-29937860,WMEL,TNESHEF,TNE,5,WMEL1,Civil Item
10/10/2024,,1,WMEL1SCARE,WMEL1SCARE,TRCH,nan,RVSCIVAA,TRENCH RD X S/S VISUAL INSECTION,VICIVTC05,Do you want to report Trench or crossing?,TRENCH,nan,S-2368589,SRR-29937870,WMEL,TNESHEF,TNE,5,WMEL1,Civil Item
10/10/2024,,1,TEMP2SCARE,TEMP2SCARE,TRCH,nan,RVSCIVAA,TRENCH RD X S/S VISUAL INSECTION,VICIVTC05,Do you want to report Trench or crossing?,TRENCH,nan,S-2368616,SRR-29937991,TEMP,TNESHEF,TNE,5,TEMP2,Civil Item
10/10/2024,,1,TEMP2SCARE,TEMP2SCARE,TRCH,nan,RVSCIVAA,TRENCH RD X S/S VISUAL INSECTION,VICIVTC05,Do you want to report Trench or crossing?,TRENCH,nan,S-2368619,SRR-29938001,TEMP,TNESHEF,TNE,5,TEMP2,Civil Item
10/10/2024,,1,TEMP2SCARE,TEMP2SCARE,TRCH,nan,RVSCIVAA,TRENCH RD X S/S VISUAL INSECTION,VICIVTC05,Do you want to report Trench or crossing?,TRENCH,nan,S-2368622,SRR-29938011,TEMP,TNESHEF,TNE,5,TEMP2,Civil Item
14/10/2024,1.0,4,GRST2BSTECH,GRST2BSTECH,GAN,nan,RVSGANAA,GANTRY S/S VISUAL INSPECTION,VICIVGA01,Do you want to report any condition deterioration of the asset?,YES,nan,S-2372899,SRR-29973918,GRST,TNETEES,TNE,11,GRST2,Civil Item
14/10/2024,1.0,4,WBOL2STECH,WBOL2STECH,GAN,nan,RVSGANAA,GANTRY S/S VISUAL INSPECTION,VICIVGA01,Do you want to report any condition deterioration of the asset?,YES,nan,S-2373216,SRR-29976156,WBOL,TNEWEAR,TNE,11,WBOL2,Civil Item
14/10/2024,,1,WBOL2SCARE,WBOL2SCARE,TRCH,nan,RVSCIVAA,TRENCH RD X S/S VISUAL INSECTION,VICIVTC05,Do you want to report Trench or crossing?,TRENCH,nan,S-2373605,SRR-29978130,WBOL,TNEWEAR,TNE,5,WBOL2,Civil Item
14/10/2024,1.0,4,GRST2ASTECH,GRST2ASTECH,GAN,nan,RVSGANAA,GANTRY S/S VISUAL INSPECTION,VICIVGA01,Do you want to report any condition deterioration of the asset?,YES,nan,S-2374179,SRR-29981705,GRST,TNETEES,TNE,11,GRST2,Civil Item
15/10/2024,1.0,4,TODP2STECH,TODP2STECH,GAN,nan,RVSGANAA,GANTRY S/S VISUAL INSPECTION,VICIVGA01,Do you want to report any condition deterioration of the asset?,YES,nan,S-2375931,SRR-29993422,TODP,TNETEES,TNE,11,TODP2,Civil Item
15/10/2024,,1,WILT2SCARE,WILT2SCARE,TRCH,nan,RVSCIVAA,TRENCH RD X S/S VISUAL INSECTION,VICIVTC05,Do you want to report Trench or crossing?,TRENCH,nan,S-2375993,SRR-29993727,WILT,TNETEES,TNE,5,WILT2,Civil Item
15/10/2024,,1,TODP2SCARE,TODP2SCARE,TRCH,nan,RVSCIVAA,TRENCH RD X S/S VISUAL INSECTION,VICIVTC05,Do you want to report Trench or crossing?,TRENCH,nan,S-2376231,SRR-29995565,TODP,TNETEES,TNE,5,TODP2,Civil Item
15/10/2024,,1,TODP2SCARE,TODP2SCARE,TRCH,nan,RVSCIVAA,TRENCH RD X S/S VISUAL INSECTION,VICIVTC05,Do you want to report Trench or crossing?,TRENCH,nan,S-2376617,SRR-29998168,TODP,TNETEES,TNE,5,TODP2,Civil Item
18/10/2024,,1,TODP2SCARE,TODP2SCARE,TRCH,nan,RVSCIVAA,TRENCH RD X S/S VISUAL INSECTION,VICIVTC05,Do you want to report Trench or crossing?,TRENCH,nan,S-2389805,SRR-30118640,TODP,TNETEES,TNE,5,TODP2,Civil Item
18/10/2024,,1,TODP2SCARE,TODP2SCARE,TRCH,nan,RVSCIVAA,TRENCH RD X S/S VISUAL INSECTION,VICIVTC05,Do you want to report Trench or crossing?,TRENCH,nan,S-2389807,SRR-30118645,TODP,TNETEES,TNE,5,TODP2,Civil Item
18/10/2024,,1,TODP6SCARE,TODP6SCARE,TRCH,nan,RVSCIVAA,TRENCH RD X S/S VISUAL INSECTION,VICIVTC05,Do you want to report Trench or crossing?,TRENCH,nan,S-2389812,SRR-30118653,TODP,TNETEES,TNE,5,TODP6,Civil Item
18/10/2024,,1,TODP6SCARE,TODP6SCARE,TRCH,nan,RVSCIVAA,TRENCH RD X S/S VISUAL INSECTION,VICIVTC05,Do you want to report Trench or crossing?,TRENCH,nan,S-2389814,SRR-30118658,TODP,TNETEES,TNE,5,TODP6,Civil Item
18/10/2024,,1,TODP6SCARE,TODP6SCARE,TRCH,nan,RVSCIVAA,TRENCH RD X S/S VISUAL INSECTION,VICIVTC05,Do you want to report Trench or crossing?,TRENCH,nan,S-2389816,SRR-30118663,TODP,TNETEES,TNE,5,TODP6,Civil Item
18/10/2024,,1,TODP6SCARE,TODP6SCARE,TRCH,nan,RVSCIVAA,TRENCH RD X S/S VISUAL INSECTION,VICIVTC05,Do you want to report Trench or crossing?,TRENCH,nan,S-2389818,SRR-30118668,TODP,TNETEES,TNE,5,TODP6,Civil Item
18/10/2024,,1,WILT2SCARE,WILT2SCARE,TRCH,nan,RVSCIVAA,TRENCH RD X S/S VISUAL INSECTION,VICIVTC05,Do you want to report Trench or crossing?,TRENCH,nan,S-2389824,SRR-30118677,WILT,TNETEES,TNE,5,WILT2,Civil Item
18/10/2024,,1,WILT2SCARE,WILT2SCARE,TRCH,nan,RVSCIVAA,TRENCH RD X S/S VISUAL INSECTION,VICIVTC05,Do you want to report Trench or crossing?,TRENCH,nan,S-2389826,SRR-30118682,WILT,TNETEES,TNE,5,WILT2,Civil Item
18/10/2024,,1,WILT2SCARE,WILT2SCARE,TRCH,nan,RVSCIVAA,TRENCH RD X S/S VISUAL INSECTION,VICIVTC05,Do you want to report Trench or crossing?,TRENCH,nan,S-2389828,SRR-30118687,WILT,TNETEES,TNE,5,WILT2,Civil Item
18/10/2024,,1,WILT6SCARE,WILT6SCARE,TRCH,nan,RVSCIVAA,TRENCH RD X S/S VISUAL INSECTION,VICIVTC05,Do you want to report Trench or crossing?,TRENCH,nan,S-2389834,SRR-30118696,WILT,TNETEES,TNE,5,WILT6,Civil Item
18/10/2024,,1,WILT6SCARE,WILT6SCARE,TRCH,nan,RVSCIVAA,TRENCH RD X S/S VISUAL INSECTION,VICIVTC05,Do you want to report Trench or crossing?,TRENCH,nan,S-2389836,SRR-30118701,WILT,TNETEES,TNE,5,WILT6,Civil Item
18/10/2024,,1,WILT6SCARE,WILT6SCARE,TRCH,nan,RVSCIVAA,TRENCH RD X S/S VISUAL INSECTION,VICIVTC05,Do you want to report Trench or crossing?,TRENCH,nan,S-2389838,SRR-30118706,WILT,TNETEES,TNE,5,WILT6,Civil Item
18/10/2024,,1,WILT6SCARE,WILT6SCARE,TRCH,nan,RVSCIVAA,TRENCH RD X S/S VISUAL INSECTION,VICIVTC05,Do you want to report Trench or crossing?,TRENCH,nan,S-2389840,SRR-30118711,WILT,TNETEES,TNE,5,WILT6,Civil Item
18/10/2024,,1,GRST2ASCARE,GRST2ASCARE,TRCH,nan,RVSCIVAA,TRENCH RD X S/S VISUAL INSECTION,VICIVTC05,Do you want to report Trench or crossing?,TRENCH,nan,S-2389846,SRR-30118720,GRST,TNETEES,TNE,5,GRST2,Civil Item
18/10/2024,,1,GRST2ASCARE,GRST2ASCARE,TRCH,nan,RVSCIVAA,TRENCH RD X S/S VISUAL INSECTION,VICIVTC05,Do you want to report Trench or crossing?,TRENCH,nan,S-2389848,SRR-30118725,GRST,TNETEES,TNE,5,GRST2,Civil Item
18/10/2024,,1,GRST2ASCARE,GRST2ASCARE,TRCH,nan,RVSCIVAA,TRENCH RD X S/S VISUAL INSECTION,VICIVTC05,Do you want to report Trench or crossing?,TRENCH,nan,S-2389850,SRR-30118730,GRST,TNETEES,TNE,5,GRST2,Civil Item
18/10/2024,,1,GRST2ASCARE,GRST2ASCARE,TRCH,nan,RVSCIVAA,TRENCH RD X S/S VISUAL INSECTION,VICIVTC05,Do you want to report Trench or crossing?,TRENCH,nan,S-2389852,SRR-30118735,GRST,TNETEES,TNE,5,GRST2,Civil Item
18/10/2024,,1,GRST2BSCARE,GRST2BSCARE,TRCH,nan,RVSCIVAA,TRENCH RD X S/S VISUAL INSECTION,VICIVTC05,Do you want to report Trench or crossing?,TRENCH,nan,S-2389854,SRR-30118740,GRST,TNETEES,TNE,5,GRST2,Civil Item
18/10/2024,,1,GRST2BSCARE,GRST2BSCARE,TRCH,nan,RVSCIVAA,TRENCH RD X S/S VISUAL INSECTION,VICIVTC05,Do you want to report Trench or crossing?,TRENCH,nan,S-2389856,SRR-30118745,GRST,TNETEES,TNE,5,GRST2,Civil Item
18/10/2024,,1,GRST2BSCARE,GRST2BSCARE,TRCH,nan,RVSCIVAA,TRENCH RD X S/S VISUAL INSECTION,VICIVTC05,Do you want to report Trench or crossing?,TRENCH,nan,S-2389858,SRR-30118750,GRST,TNETEES,TNE,5,GRST2,Civil Item
18/10/2024,,1,GRST2BSCARE,GRST2BSCARE,TRCH,nan,RVSCIVAA,TRENCH RD X S/S VISUAL INSECTION,VICIVTC05,Do you want to report Trench or crossing?,TRENCH,nan,S-2389861,SRR-30118796,GRST,TNETEES,TNE,5,GRST2,Civil Item
18/10/2024,,1,GRTO2SCARE,GRTO2SCARE,TRCH,nan,RVSCIVAA,TRENCH RD X S/S VISUAL INSECTION,VICIVTC05,Do you want to report Trench or crossing?,TRENCH,nan,S-2389866,SRR-30118804,GRTO,TNETEES,TNE,5,GRTO2,Civil Item
18/10/2024,,1,GRTO2SCARE,GRTO2SCARE,TRCH,nan,RVSCIVAA,TRENCH RD X S/S VISUAL INSECTION,VICIVTC05,Do you want to report Trench or crossing?,TRENCH,nan,S-2389868,SRR-30118809,GRTO,TNETEES,TNE,5,GRTO2,Civil Item
18/10/2024,,1,GRTO2SCARE,GRTO2SCARE,TRCH,nan,RVSCIVAA,TRENCH RD X S/S VISUAL INSECTION,VICIVTC05,Do you want to report Trench or crossing?,TRENCH,nan,S-2389870,SRR-30118814,GRTO,TNETEES,TNE,5,GRTO2,Civil Item
18/10/2024,,1,GRTO2SCARE,GRTO2SCARE,TRCH,nan,RVSCIVAA,TRENCH RD X S/S VISUAL INSECTION,VICIVTC05,Do you want to report Trench or crossing?,TRENCH,nan,S-2389872,SRR-30118819,GRTO,TNETEES,TNE,5,GRTO2,Civil Item
18/10/2024,,1,GRTO6SCARE,GRTO6SCARE,TRCH,nan,RVSCIVAA,TRENCH RD X S/S VISUAL INSECTION,VICIVTC05,Do you want to report Trench or crossing?,TRENCH,nan,S-2389878,SRR-30118828,GRTO,TNETEES,TNE,5,GRTO6,Civil Item
18/10/2024,,1,GRTO6SCARE,GRTO6SCARE,TRCH,nan,RVSCIVAA,TRENCH RD X S/S VISUAL INSECTION,VICIVTC05,Do you want to report Trench or crossing?,TRENCH,nan,S-2389880,SRR-30118833,GRTO,TNETEES,TNE,5,GRTO6,Civil Item
18/10/2024,,1,GRTO6SCARE,GRTO6SCARE,TRCH,nan,RVSCIVAA,TRENCH RD X S/S VISUAL INSECTION,VICIVTC05,Do you want to report Trench or crossing?,TRENCH,nan,S-2389882,SRR-30118838,GRTO,TNETEES,TNE,5,GRTO6,Civil Item
18/10/2024,,1,GRTO6SCARE,GRTO6SCARE,TRCH,nan,RVSCIVAA,TRENCH RD X S/S VISUAL INSECTION,VICIVTC05,Do you want to report Trench or crossing?,TRENCH,nan,S-2389884,SRR-30118843,GRTO,TNETEES,TNE,5,GRTO6,Civil Item
18/10/2024,,1,GRST6SCARE,GRST6SCARE,TRCH,nan,RVSCIVAA,TRENCH RD X S/S VISUAL INSECTION,VICIVTC05,Do you want to report Trench or crossing?,TRENCH,nan,S-2389894,SRR-30118856,GRST,TNETEES,TNE,5,GRST6,Civil Item
18/10/2024,,1,GRST6SCARE,GRST6SCARE,TRCH,nan,RVSCIVAA,TRENCH RD X S/S VISUAL INSECTION,VICIVTC05,Do you want to report Trench or crossing?,TRENCH,nan,S-2389896,SRR-30118861,GRST,TNETEES,TNE,5,GRST6,Civil Item
18/10/2024,,1,GRST6SCARE,GRST6SCARE,TRCH,nan,RVSCIVAA,TRENCH RD X S/S VISUAL INSECTION,VICIVTC05,Do you want to report Trench or crossing?,TRENCH,nan,S-2389898,SRR-30118866,GRST,TNETEES,TNE,5,GRST6,Civil Item
18/10/2024,,1,GRST6SCARE,GRST6SCARE,TRCH,nan,RVSCIVAA,TRENCH RD X S/S VISUAL INSECTION,VICIVTC05,Do you want to report Trench or crossing?,TRENCH,nan,S-2389900,SRR-30118871,GRST,TNETEES,TNE,5,GRST6,Civil Item
18/10/2024,,1,WBOL6SCARE,WBOL6SCARE,TRCH,nan,RVSCIVAA,TRENCH RD X S/S VISUAL INSECTION,VICIVTC05,Do you want to report Trench or crossing?,TRENCH,nan,S-2389902,SRR-30118876,WBOL,TNEWEAR,TNE,5,WBOL6,Civil Item
18/10/2024,,1,WBOL6SCARE,WBOL6SCARE,TRCH,nan,RVSCIVAA,TRENCH RD X S/S VISUAL INSECTION,VICIVTC05,Do you want to report Trench or crossing?,TRENCH,nan,S-2389904,SRR-30118881,WBOL,TNEWEAR,TNE,5,WBOL6,Civil Item
18/10/2024,,1,WBOL6SCARE,WBOL6SCARE,TRCH,nan,RVSCIVAA,TRENCH RD X S/S VISUAL INSECTION,VICIVTC05,Do you want to report Trench or crossing?,TRENCH,nan,S-2389906,SRR-30118886,WBOL,TNEWEAR,TNE,5,WBOL6,Civil Item
18/10/2024,,1,WBOL6SCARE,WBOL6SCARE,TRCH,nan,RVSCIVAA,TRENCH RD X S/S VISUAL INSECTION,VICIVTC05,Do you want to report Trench or crossing?,TRENCH,nan,S-2389908,SRR-30118891,WBOL,TNEWEAR,TNE,5,WBOL6,Civil Item
18/10/2024,,1,WBOL2SCARE,WBOL2SCARE,TRCH,nan,RVSCIVAA,TRENCH RD X S/S VISUAL INSECTION,VICIVTC05,Do you want to report Trench or crossing?,TRENCH,nan,S-2389917,SRR-30118903,WBOL,TNEWEAR,TNE,5,WBOL2,Civil Item
18/10/2024,,1,WBOL2SCARE,WBOL2SCARE,TRCH,nan,RVSCIVAA,TRENCH RD X S/S VISUAL INSECTION,VICIVTC05,Do you want to report Trench or crossing?,TRENCH,nan,S-2389919,SRR-30118908,WBOL,TNEWEAR,TNE,5,WBOL2,Civil Item
18/10/2024,,1,WBOL2SCARE,WBOL2SCARE,TRCH,nan,RVSCIVAA,TRENCH RD X S/S VISUAL INSECTION,VICIVTC05,Do you want to report Trench or crossing?,TRENCH,nan,S-2389921,SRR-30118913,WBOL,TNEWEAR,TNE,5,WBOL2,Civil Item
21/10/2024,1.0,4,THOM4STECH,THOM4STECH,GAN,nan,RVSGANAA,GANTRY S/S VISUAL INSPECTION,VICIVGA01,Do you want to report any condition deterioration of the asset?,YES,nan,S-2391154,SRR-30130521,THOM,TNESHUM,TNE,11,THOM4,Civil Item
21/10/2024,,1,THOM4SCARE,THOM4SCARE,TRCH,nan,RVSCIVAA,TRENCH RD X S/S VISUAL INSECTION,VICIVTC05,Do you want to report Trench or crossing?,TRENCH,nan,S-2391193,SRR-30130903,THOM,TNESHUM,TNE,5,THOM4,Civil Item
21/10/2024,1.0,4,MITY4STECH,MITY4STECH,GAN,nan,RVSGANAA,GANTRY S/S VISUAL INSPECTION,VICIVGA01,Do you want to report any condition deterioration of the asset?,YES,nan,S-2392635,SRR-30140346,MITY,TSWSEVN,TSW,11,MITY4,Civil Item
22/10/2024,,1,THOM2SCARE,THOM2SCARE,TRCH,nan,RVSCIVAA,TRENCH RD X S/S VISUAL INSECTION,VICIVTC05,Do you want to report Trench or crossing?,TRENCH,nan,S-2396349,SRR-30173155,THOM,TNESHUM,TNE,5,THOM2,Civil Item
22/10/2024,1.0,4,THOM2STECH,THOM2STECH,GAN,nan,RVSGANAA,GANTRY S/S VISUAL INSPECTION,VICIVGA01,Do you want to report any condition deterioration of the asset?,YES,nan,S-2396384,SRR-30173394,THOM,TNESHUM,TNE,11,THOM2,Civil Item
22/10/2024,,1,THOM4BSCARE,THOM4BSCARE,TRCH,nan,RVSCIVAA,TRENCH RD X S/S VISUAL INSECTION,VICIVTC05,Do you want to report Trench or crossing?,TRENCH,nan,S-2397210,SRR-30179595,THOM,TNESHUM,TNE,5,THOM4,Civil Item
22/10/2024,0.0,4,THOM4BSTECH,THOM4BSTECH,GAN,nan,RVSGANAA,GANTRY S/S VISUAL INSPECTION,VICIVGA01,Do you want to report any condition deterioration of the asset?,NO,nan,S-2397268,SRR-30180226,THOM,TNESHUM,TNE,11,THOM4,Civil Item
27/10/2024,,1,MITY1SCARE,MITY1SCARE,TRCH,nan,RVSCIVAA,TRENCH RD X S/S VISUAL INSECTION,VICIVTC05,Do you want to report Trench or crossing?,TRENCH,nan,S-2406925,SRR-30286781,MITY,TSWSEVN,TSW,5,MITY1,Civil Item
27/10/2024,,1,MITY1SCARE,MITY1SCARE,TRCH,nan,RVSCIVAA,TRENCH RD X S/S VISUAL INSECTION,VICIVTC05,Do you want to report Trench or crossing?,TRENCH,nan,S-2406927,SRR-30286786,MITY,TSWSEVN,TSW,5,MITY1,Civil Item
27/10/2024,,1,MITY1SCARE,MITY1SCARE,TRCH,nan,RVSCIVAA,TRENCH RD X S/S VISUAL INSECTION,VICIVTC05,Do you want to report Trench or crossing?,TRENCH,nan,S-2406929,SRR-30286791,MITY,TSWSEVN,TSW,5,MITY1,Civil Item
27/10/2024,,1,MITY1SCARE,MITY1SCARE,TRCH,nan,RVSCIVAA,TRENCH RD X S/S VISUAL INSECTION,VICIVTC05,Do you want to report Trench or crossing?,TRENCH,nan,S-2406931,SRR-30286796,MITY,TSWSEVN,TSW,5,MITY1,Civil Item
27/10/2024,0.0,4,MITY1STECH,MITY1STECH,GAN,nan,RVSGANAA,GANTRY S/S VISUAL INSPECTION,VICIVGA01,Do you want to report any condition deterioration of the asset?,NO,nan,S-2406933,SRR-30286803,MITY,TSWSEVN,TSW,11,MITY1,Civil Item
27/10/2024,,1,MITY4SCARE,MITY4SCARE,TRCH,nan,RVSCIVAA,TRENCH RD X S/S VISUAL INSECTION,VICIVTC05,Do you want to report Trench or crossing?,TRENCH,nan,S-2406937,SRR-30286808,MITY,TSWSEVN,TSW,5,MITY4,Civil Item
27/10/2024,,1,MITY4SCARE,MITY4SCARE,TRCH,nan,RVSCIVAA,TRENCH RD X S/S VISUAL INSECTION,VICIVTC05,Do you want to report Trench or crossing?,TRENCH,nan,S-2406939,SRR-30286813,MITY,TSWSEVN,TSW,5,MITY4,Civil Item
27/10/2024,,1,MITY4SCARE,MITY4SCARE,TRCH,nan,RVSCIVAA,TRENCH RD X S/S VISUAL INSECTION,VICIVTC05,Do you want to report Trench or crossing?,TRENCH,nan,S-2406941,SRR-30286818,MITY,TSWSEVN,TSW,5,MITY4,Civil Item
27/10/2024,,1,MITY4SCARE,MITY4SCARE,TRCH,nan,RVSCIVAA,TRENCH RD X S/S VISUAL INSECTION,VICIVTC05,Do you want to report Trench or crossing?,TRENCH,nan,S-2406943,SRR-30286823,MITY,TSWSEVN,TSW,5,MITY4,Civil Item
27/10/2024,,1,THOM6SCARE,THOM6SCARE,TRCH,nan,RVSCIVAA,TRENCH RD X S/S VISUAL INSECTION,VICIVTC05,Do you want to report Trench or crossing?,TRENCH,nan,S-2406948,SRR-30286831,THOM,TNESHUM,TNE,5,THOM6,Civil Item
27/10/2024,,1,THOM6SCARE,THOM6SCARE,TRCH,nan,RVSCIVAA,TRENCH RD X S/S VISUAL INSECTION,VICIVTC05,Do you want to report Trench or crossing?,TRENCH,nan,S-2406950,SRR-30286836,THOM,TNESHUM,TNE,5,THOM6,Civil Item
27/10/2024,,1,THOM6SCARE,THOM6SCARE,TRCH,nan,RVSCIVAA,TRENCH RD X S/S VISUAL INSECTION,VICIVTC05,Do you want to report Trench or crossing?,TRENCH,nan,S-2406952,SRR-30286841,THOM,TNESHUM,TNE,5,THOM6,Civil Item
27/10/2024,,1,THOM6SCARE,THOM6SCARE,TRCH,nan,RVSCIVAA,TRENCH RD X S/S VISUAL INSECTION,VICIVTC05,Do you want to report Trench or crossing?,TRENCH,nan,S-2406954,SRR-30286846,THOM,TNESHUM,TNE,5,THOM6,Civil Item
27/10/2024,,1,THOM2SCARE,THOM2SCARE,TRCH,nan,RVSCIVAA,TRENCH RD X S/S VISUAL INSECTION,VICIVTC05,Do you want to report Trench or crossing?,TRENCH,nan,S-2406959,SRR-30286854,THOM,TNESHUM,TNE,5,THOM2,Civil Item
27/10/2024,,1,THOM2SCARE,THOM2SCARE,TRCH,nan,RVSCIVAA,TRENCH RD X S/S VISUAL INSECTION,VICIVTC05,Do you want to report Trench or crossing?,TRENCH,nan,S-2406961,SRR-30286859,THOM,TNESHUM,TNE,5,THOM2,Civil Item
27/10/2024,,1,THOM2SCARE,THOM2SCARE,TRCH,nan,RVSCIVAA,TRENCH RD X S/S VISUAL INSECTION,VICIVTC05,Do you want to report Trench or crossing?,TRENCH,nan,S-2406963,SRR-30286864,THOM,TNESHUM,TNE,5,THOM2,Civil Item
27/10/2024,,1,THOM4SCARE,THOM4SCARE,TRCH,nan,RVSCIVAA,TRENCH RD X S/S VISUAL INSECTION,VICIVTC05,Do you want to report Trench or crossing?,TRENCH,nan,S-2406968,SRR-30286872,THOM,TNESHUM,TNE,5,THOM4,Civil Item
27/10/2024,,1,THOM4SCARE,THOM4SCARE,TRCH,nan,RVSCIVAA,TRENCH RD X S/S VISUAL INSECTION,VICIVTC05,Do you want to report Trench or crossing?,TRENCH,nan,S-2406970,SRR-30286877,THOM,TNESHUM,TNE,5,THOM4,Civil Item
27/10/2024,,1,THOM4SCARE,THOM4SCARE,TRCH,nan,RVSCIVAA,TRENCH RD X S/S VISUAL INSECTION,VICIVTC05,Do you want to report Trench or crossing?,TRENCH,nan,S-2406972,SRR-30286882,THOM,TNESHUM,TNE,5,THOM4,Civil Item
27/10/2024,,1,THOM4BSCARE,THOM4BSCARE,TRCH,nan,RVSCIVAA,TRENCH RD X S/S VISUAL INSECTION,VICIVTC05,Do you want to report Trench or crossing?,TRENCH,nan,S-2406977,SRR-30286890,THOM,TNESHUM,TNE,5,THOM4,Civil Item
27/10/2024,,1,THOM4BSCARE,THOM4BSCARE,TRCH,nan,RVSCIVAA,TRENCH RD X S/S VISUAL INSECTION,VICIVTC05,Do you want to report Trench or crossing?,TRENCH,nan,S-2406979,SRR-30286895,THOM,TNESHUM,TNE,5,THOM4,Civil Item
27/10/2024,,1,THOM4BSCARE,THOM4BSCARE,TRCH,nan,RVSCIVAA,TRENCH RD X S/S VISUAL INSECTION,VICIVTC05,Do you want to report Trench or crossing?,TRENCH,nan,S-2406981,SRR-30286900,THOM,TNESHUM,TNE,5,THOM4,Civil Item
28/10/2024,,1,HARM2SCARE,HARM2SCARE,TRCH,nan,RVSCIVAA,TRENCH RD X S/S VISUAL INSECTION,VICIVTC05,Do you want to report Trench or crossing?,TRENCH,nan,S-2408545,SRR-30301908,HARM,TNEWEAR,TNE,5,HARM2,Civil Item
28/10/2024,,1,HARM2SCARE,HARM2SCARE,TRCH,nan,RVSCIVAA,TRENCH RD X S/S VISUAL INSECTION,VICIVTC05,Do you want to report Trench or crossing?,TRENCH,nan,S-2408545,SRR-30301911,HARM,TNEWEAR,TNE,5,HARM2,Civil Item
28/10/2024,,1,HARM2SCARE,HARM2SCARE,TRCH,nan,RVSCIVAA,TRENCH RD X S/S VISUAL INSECTION,VICIVTC05,Do you want to report Trench or crossing?,TRENCH,nan,S-2408545,SRR-30301914,HARM,TNEWEAR,TNE,5,HARM2,Civil Item
28/10/2024,1.0,4,HARM2STECH,HARM2STECH,GAN,nan,RVSGANAA,GANTRY S/S VISUAL INSPECTION,VICIVGA01,Do you want to report any condition deterioration of the asset?,YES,nan,S-2408622,SRR-30303184,HARM,TNEWEAR,TNE,11,HARM2,Civil Item
29/10/2024,1.0,4,RAIN2STECH,RAIN2STECH,GAN,nan,RVSGANAA,GANTRY S/S VISUAL INSPECTION,VICIVGA01,Do you want to report any condition deterioration of the asset?,YES,nan,S-2412023,SRR-30332048,RAIN,TNWMERS,TNW,11,RAIN2,Civil Item
29/10/2024,,1,RAIN2SCARE,RAIN2SCARE,TRCH,nan,RVSCIVAA,TRENCH RD X S/S VISUAL INSECTION,VICIVTC05,Do you want to report Trench or crossing?,TRENCH,nan,S-2412087,SRR-30332543,RAIN,TNWMERS,TNW,5,RAIN2,Civil Item
29/10/2024,,1,RAIN2SCARE,RAIN2SCARE,TRCH,nan,RVSCIVAA,TRENCH RD X S/S VISUAL INSECTION,VICIVTC05,Do you want to report Trench or crossing?,TRENCH,nan,S-2412087,SRR-30332546,RAIN,TNWMERS,TNW,5,RAIN2,Civil Item
29/10/2024,,1,RAIN1SCARE,RAIN1SCARE,TRCH,nan,RVSCIVAA,TRENCH RD X S/S VISUAL INSECTION,VICIVTC05,Do you want to report Trench or crossing?,TRENCH,nan,S-2413143,SRR-30338151,RAIN,TNWMERS,TNW,5,RAIN1,Civil Item
04/11/2024,,1,RAIN2SCARE,RAIN2SCARE,TRCH,nan,RVSCIVAA,TRENCH RD X S/S VISUAL INSECTION,VICIVTC05,Do you want to report Trench or crossing?,TRENCH,nan,S-2422120,SRR-30438934,RAIN,TNWMERS,TNW,5,RAIN2,Civil Item
04/11/2024,,1,RAIN2SCARE,RAIN2SCARE,TRCH,nan,RVSCIVAA,TRENCH RD X S/S VISUAL INSECTION,VICIVTC05,Do you want to report Trench or crossing?,TRENCH,nan,S-2422122,SRR-30438939,RAIN,TNWMERS,TNW,5,RAIN2,Civil Item
04/11/2024,,1,RAIN2SCARE,RAIN2SCARE,TRCH,nan,RVSCIVAA,TRENCH RD X S/S VISUAL INSECTION,VICIVTC05,Do you want to report Trench or crossing?,TRENCH,nan,S-2422124,SRR-30438944,RAIN,TNWMERS,TNW,5,RAIN2,Civil Item
04/11/2024,,1,RAIN1SCARE,RAIN1SCARE,TRCH,nan,RVSCIVAA,TRENCH RD X S/S VISUAL INSECTION,VICIVTC05,Do you want to report Trench or crossing?,TRENCH,nan,S-2422134,SRR-30438978,RAIN,TNWMERS,TNW,5,RAIN1,Civil Item
04/11/2024,,1,RAIN1SCARE,RAIN1SCARE,TRCH,nan,RVSCIVAA,TRENCH RD X S/S VISUAL INSECTION,VICIVTC05,Do you want to report Trench or crossing?,TRENCH,nan,S-2422139,SRR-30438988,RAIN,TNWMERS,TNW,5,RAIN1,Civil Item
04/11/2024,,1,RAIN1SCARE,RAIN1SCARE,TRCH,nan,RVSCIVAA,TRENCH RD X S/S VISUAL INSECTION,VICIVTC05,Do you want to report Trench or crossing?,TRENCH,nan,S-2422143,SRR-30439014,RAIN,TNWMERS,TNW,5,RAIN1,Civil Item
04/11/2024,,1,HARM2SCARE,HARM2SCARE,TRCH,nan,RVSCIVAA,TRENCH RD X S/S VISUAL INSECTION,VICIVTC05,Do you want to report Trench or crossing?,TRENCH,nan,S-2422159,SRR-30439186,HARM,TNEWEAR,TNE,5,HARM2,Civil Item
04/11/2024,,1,HARM2SCARE,HARM2SCARE,TRCH,nan,RVSCIVAA,TRENCH RD X S/S VISUAL INSECTION,VICIVTC05,Do you want to report Trench or crossing?,TRENCH,nan,S-2422163,SRR-30439194,HARM,TNEWEAR,TNE,5,HARM2,Civil Item
04/11/2024,,1,HARM2SCARE,HARM2SCARE,TRCH,nan,RVSCIVAA,TRENCH RD X S/S VISUAL INSECTION,VICIVTC05,Do you want to report Trench or crossing?,TRENCH,nan,S-2422168,SRR-30439259,HARM,TNEWEAR,TNE,5,HARM2,Civil Item
14/11/2024,,1,BEDD2SCARE,BEDD2SCARE,TRCH,nan,RVSCIVAA,TRENCH RD X S/S VISUAL INSECTION,VICIVTC05,Do you want to report Trench or crossing?,TRENCH,nan,S-2443255,SRR-30734263,BEDD,TLNSOTH,TLN,5,BEDD2,Civil Item
14/11/2024,,1,BEDD2SCARE,BEDD2SCARE,TRCH,nan,RVSCIVAA,TRENCH RD X S/S VISUAL INSECTION,VICIVTC05,Do you want to report Trench or crossing?,TRENCH,nan,S-2443258,SRR-30734293,BEDD,TLNSOTH,TLN,5,BEDD2,Civil Item
14/11/2024,,1,BEDD2SCARE,BEDD2SCARE,TRCH,nan,RVSCIVAA,TRENCH RD X S/S VISUAL INSECTION,VICIVTC05,Do you want to report Trench or crossing?,TRENCH,nan,S-2443260,SRR-30734298,BEDD,TLNSOTH,TLN,5,BEDD2,Civil Item
14/11/2024,,1,BEDD4SCARE,BEDD4SCARE,TRCH,nan,RVSCIVAA,TRENCH RD X S/S VISUAL INSECTION,VICIVTC05,Do you want to report Trench or crossing?,TRENCH,nan,S-2443271,SRR-30734461,BEDD,TLNSOTH,TLN,5,BEDD4,Civil Item
14/11/2024,,1,BEDD4SCARE,BEDD4SCARE,TRCH,nan,RVSCIVAA,TRENCH RD X S/S VISUAL INSECTION,VICIVTC05,Do you want to report Trench or crossing?,TRENCH,nan,S-2443273,SRR-30734466,BEDD,TLNSOTH,TLN,5,BEDD4,Civil Item
14/11/2024,,1,BEDD4SCARE,BEDD4SCARE,TRCH,nan,RVSCIVAA,TRENCH RD X S/S VISUAL INSECTION,VICIVTC05,Do you want to report Trench or crossing?,TRENCH,nan,S-2443275,SRR-30734471,BEDD,TLNSOTH,TLN,5,BEDD4,Civil Item
14/11/2024,,1,BEDD4SCARE,BEDD4SCARE,TRCH,nan,RVSCIVAA,TRENCH RD X S/S VISUAL INSECTION,VICIVTC05,Do you want to report Trench or crossing?,TRENCH,nan,S-2443280,SRR-30734481,BEDD,TLNSOTH,TLN,5,BEDD4,Civil Item
13/01/2025,,1,COVE2SCARE,COVE2SCARE,TRCH,nan,RVSCIVAA,TRENCH RD X S/S VISUAL INSECTION,VICIVTC05,Do you want to report Trench or crossing?,TRENCH,nan,S-2521711,SRR-31646180,COVE,TCNWARW,TCN,5,COVE2,Civil Item
13/01/2025,,1,COVE2SCARE,COVE2SCARE,TRCH,nan,RVSCIVAA,TRENCH RD X S/S VISUAL INSECTION,VICIVTC05,Do you want to report Trench or crossing?,TRENCH,nan,S-2521711,SRR-31646183,COVE,TCNWARW,TCN,5,COVE2,Civil Item
13/01/2025,,1,COVE2SCARE,COVE2SCARE,TRCH,nan,RVSCIVAA,TRENCH RD X S/S VISUAL INSECTION,VICIVTC05,Do you want to report Trench or crossing?,TRENCH,nan,S-2521711,SRR-31646186,COVE,TCNWARW,TCN,5,COVE2,Civil Item
13/01/2025,,1,COVE2SCARE,COVE2SCARE,TRCH,nan,RVSCIVAA,TRENCH RD X S/S VISUAL INSECTION,VICIVTC05,Do you want to report Trench or crossing?,TRENCH,nan,S-2521711,SRR-31646189,COVE,TCNWARW,TCN,5,COVE2,Civil Item
13/01/2025,1.0,4,COVE2STECH,COVE2STECH,GAN,nan,RVSGANAA,GANTRY S/S VISUAL INSPECTION,VICIVGA01,Do you want to report any condition deterioration of the asset?,YES,nan,S-2522056,SRR-31649581,COVE,TCNWARW,TCN,11,COVE2,Civil Item
14/01/2025,1.0,4,BUSH2STECH,BUSH2STECH,GAN,nan,RVSGANAA,GANTRY S/S VISUAL INSPECTION,VICIVGA01,Do you want to report any condition deterioration of the asset?,YES,nan,S-2523277,SRR-31661175,BUSH,TCNSTAF,TCN,11,BUSH2,Civil Item
14/01/2025,,1,BUSH2SCARE,BUSH2SCARE,TRCH,nan,RVSCIVAA,TRENCH RD X S/S VISUAL INSECTION,VICIVTC05,Do you want to report Trench or crossing?,TRENCH,nan,S-2523466,SRR-31662496,BUSH,TCNSTAF,TCN,5,BUSH2,Civil Item
14/01/2025,,1,BUSH2SCARE,BUSH2SCARE,TRCH,nan,RVSCIVAA,TRENCH RD X S/S VISUAL INSECTION,VICIVTC05,Do you want to report Trench or crossing?,TRENCH,nan,S-2523466,SRR-31662499,BUSH,TCNSTAF,TCN,5,BUSH2,Civil Item
14/01/2025,,1,BUSH2SCARE,BUSH2SCARE,TRCH,nan,RVSCIVAA,TRENCH RD X S/S VISUAL INSECTION,VICIVTC05,Do you want to report Trench or crossing?,TRENCH,nan,S-2523466,SRR-31662502,BUSH,TCNSTAF,TCN,5,BUSH2,Civil Item
14/01/2025,,1,BUSH2SCARE,BUSH2SCARE,TRCH,nan,RVSCIVAA,TRENCH RD X S/S VISUAL INSECTION,VICIVTC05,Do you want to report Trench or crossing?,TRENCH,nan,S-2523466,SRR-31662505,BUSH,TCNSTAF,TCN,5,BUSH2,Civil Item
14/01/2025,,1,BUSH2SCARE,BUSH2SCARE,TRCH,nan,RVSCIVAA,TRENCH RD X S/S VISUAL INSECTION,VICIVTC05,Do you want to report Trench or crossing?,TRENCH,nan,S-2523466,SRR-31662508,BUSH,TCNSTAF,TCN,5,BUSH2,Civil Item
14/01/2025,,1,COVE2SCARE,COVE2SCARE,TRCH,nan,RVSCIVAA,TRENCH RD X S/S VISUAL INSECTION,VICIVTC05,Do you want to report Trench or crossing?,TRENCH,nan,S-2524831,SRR-31673121,COVE,TCNWARW,TCN,5,COVE2,Civil Item
14/01/2025,0.0,4,COVE2STECH,COVE2STECH,GAN,nan,RVSGANAA,GANTRY S/S VISUAL INSPECTION,VICIVGA01,Do you want to report any condition deterioration of the asset?,NO,nan,S-2524833,SRR-31673134,COVE,TCNWARW,TCN,11,COVE2,Civil Item
15/01/2025,,1,COVE2SCARE,COVE2SCARE,TRCH,nan,RVSCIVAA,TRENCH RD X S/S VISUAL INSECTION,VICIVTC05,Do you want to report Trench or crossing?,TRENCH,nan,S-2527319,SRR-31691891,COVE,TCNWARW,TCN,5,COVE2,Civil Item
15/01/2025,0.0,4,BUSH1STECH,BUSH1STECH,GAN,nan,RVSGANAA,GANTRY S/S VISUAL INSPECTION,VICIVGA01,Do you want to report any condition deterioration of the asset?,NO,nan,S-2527334,SRR-31691977,BUSH,TCNSTAF,TCN,11,BUSH1,Civil Item
15/01/2025,0.0,4,BUSH1STECH,BUSH1STECH,GAN,nan,RVSGANAA,GANTRY S/S VISUAL INSPECTION,VICIVGA01,Do you want to report any condition deterioration of the asset?,NO,nan,S-2527346,SRR-31692293,BUSH,TCNSTAF,TCN,11,BUSH1,Civil Item
15/01/2025,0.0,4,BUSH1STECH,BUSH1STECH,GAN,nan,RVSGANAA,GANTRY S/S VISUAL INSPECTION,VICIVGA01,Do you want to report any condition deterioration of the asset?,NO,nan,S-2527348,SRR-31692330,BUSH,TCNSTAF,TCN,11,BUSH1,Civil Item
15/01/2025,0.0,4,BUSH2STECH,BUSH2STECH,GAN,nan,RVSGANAA,GANTRY S/S VISUAL INSPECTION,VICIVGA01,Do you want to report any condition deterioration of the asset?,NO,nan,S-2527349,SRR-31692334,BUSH,TCNSTAF,TCN,11,BUSH2,Civil Item
15/01/2025,,1,BUSH2SCARE,BUSH2SCARE,TRCH,nan,RVSCIVAA,TRENCH RD X S/S VISUAL INSECTION,VICIVTC05,Do you want to report Trench or crossing?,TRENCH,nan,S-2527352,SRR-31692365,BUSH,TCNSTAF,TCN,5,BUSH2,Civil Item
15/01/2025,0.0,4,BUSH2STECH,BUSH2STECH,GAN,nan,RVSGANAA,GANTRY S/S VISUAL INSPECTION,VICIVGA01,Do you want to report any condition deterioration of the asset?,NO,nan,S-2527354,SRR-31692380,BUSH,TCNSTAF,TCN,11,BUSH2,Civil Item
15/01/2025,0.0,4,BUSH2STECH,BUSH2STECH,GAN,nan,RVSGANAA,GANTRY S/S VISUAL INSPECTION,VICIVGA01,Do you want to report any condition deterioration of the asset?,NO,nan,S-2527355,SRR-31692384,BUSH,TCNSTAF,TCN,11,BUSH2,Civil Item
15/01/2025,,1,BUSH2SCARE,BUSH2SCARE,TRCH,nan,RVSCIVAA,TRENCH RD X S/S VISUAL INSECTION,VICIVTC05,Do you want to report Trench or crossing?,TRENCH,nan,S-2527360,SRR-31692471,BUSH,TCNSTAF,TCN,5,BUSH2,Civil Item
15/01/2025,,1,BUSH2SCARE,BUSH2SCARE,TRCH,nan,RVSCIVAA,TRENCH RD X S/S VISUAL INSECTION,VICIVTC05,Do you want to report Trench or crossing?,TRENCH,nan,S-2527363,SRR-31692509,BUSH,TCNSTAF,TCN,5,BUSH2,Civil Item
20/01/2025,1.0,4,ENDE4STECH,ENDE4STECH,GAN,nan,RVSGANAA,GANTRY S/S VISUAL INSPECTION,VICIVGA01,Do you want to report any condition deterioration of the asset?,YES,nan,S-2534316,SRR-31776468,ENDE,TCNDERB,TCN,11,ENDE4,Civil Item
20/01/2025,0.0,4,COVE2STECH,COVE2STECH,GAN,nan,RVSGANAA,GANTRY S/S VISUAL INSPECTION,VICIVGA01,Do you want to report any condition deterioration of the asset?,NO,nan,S-2534365,SRR-31777014,COVE,TCNWARW,TCN,11,COVE2,Civil Item
20/01/2025,,1,ENDE4SCARE,ENDE4SCARE,TRCH,nan,RVSCIVAA,TRENCH RD X S/S VISUAL INSECTION,VICIVTC05,Do you want to report Trench or crossing?,TRENCH,nan,S-2534506,SRR-31778183,ENDE,TCNDERB,TCN,5,ENDE4,Civil Item
20/01/2025,,1,ENDE4SCARE,ENDE4SCARE,TRCH,nan,RVSCIVAA,TRENCH RD X S/S VISUAL INSECTION,VICIVTC05,Do you want to report Trench or crossing?,TRENCH,nan,S-2534506,SRR-31778186,ENDE,TCNDERB,TCN,5,ENDE4,Civil Item
20/01/2025,,1,ENDE4SCARE,ENDE4SCARE,TRCH,nan,RVSCIVAA,TRENCH RD X S/S VISUAL INSECTION,VICIVTC05,Do you want to report Trench or crossing?,TRENCH,nan,S-2534506,SRR-31778189,ENDE,TCNDERB,TCN,5,ENDE4,Civil Item
20/01/2025,,1,ENDE4SCARE,ENDE4SCARE,TRCH,nan,RVSCIVAA,TRENCH RD X S/S VISUAL INSECTION,VICIVTC05,Do you want to report Trench or crossing?,TRENCH,nan,S-2534506,SRR-31778192,ENDE,TCNDERB,TCN,5,ENDE4,Civil Item
20/01/2025,,1,ENDE4SCARE,ENDE4SCARE,TRCH,nan,RVSCIVAA,TRENCH RD X S/S VISUAL INSECTION,VICIVTC05,Do you want to report Trench or crossing?,TRENCH,nan,S-2534506,SRR-31778195,ENDE,TCNDERB,TCN,5,ENDE4,Civil Item
20/01/2025,,1,ENDE4SCARE,ENDE4SCARE,TRCH,nan,RVSCIVAA,TRENCH RD X S/S VISUAL INSECTION,VICIVTC05,Do you want to report Trench or crossing?,TRENCH,nan,S-2534506,SRR-31778198,ENDE,TCNDERB,TCN,5,ENDE4,Civil Item
20/01/2025,,1,ENDE4SCARE,ENDE4SCARE,TRCH,nan,RVSCIVAA,TRENCH RD X S/S VISUAL INSECTION,VICIVTC05,Do you want to report Trench or crossing?,TRENCH,nan,S-2534506,SRR-31778201,ENDE,TCNDERB,TCN,5,ENDE4,Civil Item
20/01/2025,,1,ENDE4SCARE,ENDE4SCARE,TRCH,nan,RVSCIVAA,TRENCH RD X S/S VISUAL INSECTION,VICIVTC05,Do you want to report Trench or crossing?,TRENCH,nan,S-2534506,SRR-31778204,ENDE,TCNDERB,TCN,5,ENDE4,Civil Item
20/01/2025,,1,ENDE4SCARE,ENDE4SCARE,TRCH,nan,RVSCIVAA,TRENCH RD X S/S VISUAL INSECTION,VICIVTC05,Do you want to report Trench or crossing?,TRENCH,nan,S-2534506,SRR-31778207,ENDE,TCNDERB,TCN,5,ENDE4,Civil Item
20/01/2025,,1,ENDE4SCARE,ENDE4SCARE,TRCH,nan,RVSCIVAA,TRENCH RD X S/S VISUAL INSECTION,VICIVTC05,Do you want to report Trench or crossing?,TRENCH,nan,S-2534506,SRR-31778210,ENDE,TCNDERB,TCN,5,ENDE4,Civil Item
20/01/2025,,1,ENDE4SCARE,ENDE4SCARE,TRCH,nan,RVSCIVAA,TRENCH RD X S/S VISUAL INSECTION,VICIVTC05,Do you want to report Trench or crossing?,TRENCH,nan,S-2534506,SRR-31778213,ENDE,TCNDERB,TCN,5,ENDE4,Civil Item
20/01/2025,,1,ENDE4SCARE,ENDE4SCARE,TRCH,nan,RVSCIVAA,TRENCH RD X S/S VISUAL INSECTION,VICIVTC05,Do you want to report Trench or crossing?,TRENCH,nan,S-2534506,SRR-31778216,ENDE,TCNDERB,TCN,5,ENDE4,Civil Item
20/01/2025,,1,ENDE4SCARE,ENDE4SCARE,TRCH,nan,RVSCIVAA,TRENCH RD X S/S VISUAL INSECTION,VICIVTC05,Do you want to report Trench or crossing?,TRENCH,nan,S-2534506,SRR-31778219,ENDE,TCNDERB,TCN,5,ENDE4,Civil Item
20/01/2025,,1,ENDE4SCARE,ENDE4SCARE,TRCH,nan,RVSCIVAA,TRENCH RD X S/S VISUAL INSECTION,VICIVTC05,Do you want to report Trench or crossing?,TRENCH,nan,S-2534506,SRR-31778222,ENDE,TCNDERB,TCN,5,ENDE4,Civil Item
20/01/2025,,1,ENDE4SCARE,ENDE4SCARE,TRCH,nan,RVSCIVAA,TRENCH RD X S/S VISUAL INSECTION,VICIVTC05,Do you want to report Trench or crossing?,TRENCH,nan,S-2534506,SRR-31778225,ENDE,TCNDERB,TCN,5,ENDE4,Civil Item
20/01/2025,1.0,4,KITW2STECH,KITW2STECH,GAN,nan,RVSGANAA,GANTRY S/S VISUAL INSPECTION,VICIVGA01,Do you want to report any condition deterioration of the asset?,YES,nan,S-2535004,SRR-31784463,KITW,TCNWARW,TCN,11,KITW2,Civil Item
20/01/2025,1.0,4,ENDE1STECH,ENDE1STECH,GAN,nan,RVSGANAA,GANTRY S/S VISUAL INSPECTION,VICIVGA01,Do you want to report any condition deterioration of the asset?,YES,nan,S-2535039,SRR-31784912,ENDE,TCNDERB,TCN,11,ENDE1,Civil Item
20/01/2025,,1,KITW2SCARE,KITW2SCARE,TRCH,nan,RVSCIVAA,TRENCH RD X S/S VISUAL INSECTION,VICIVTC05,Do you want to report Trench or crossing?,TRENCH,nan,S-2535241,SRR-31787491,KITW,TCNWARW,TCN,5,KITW2,Civil Item
20/01/2025,,1,KITW2SCARE,KITW2SCARE,TRCH,nan,RVSCIVAA,TRENCH RD X S/S VISUAL INSECTION,VICIVTC05,Do you want to report Trench or crossing?,TRENCH,nan,S-2535241,SRR-31787494,KITW,TCNWARW,TCN,5,KITW2,Civil Item
20/01/2025,,1,KITW2SCARE,KITW2SCARE,TRCH,nan,RVSCIVAA,TRENCH RD X S/S VISUAL INSECTION,VICIVTC05,Do you want to report Trench or crossing?,TRENCH,nan,S-2535241,SRR-31787497,KITW,TCNWARW,TCN,5,KITW2,Civil Item
20/01/2025,,1,KITW2SCARE,KITW2SCARE,TRCH,nan,RVSCIVAA,TRENCH RD X S/S VISUAL INSECTION,VICIVTC05,Do you want to report Trench or crossing?,TRENCH,nan,S-2535241,SRR-31787500,KITW,TCNWARW,TCN,5,KITW2,Civil Item
20/01/2025,,1,KITW2SCARE,KITW2SCARE,TRCH,nan,RVSCIVAA,TRENCH RD X S/S VISUAL INSECTION,VICIVTC05,Do you want to report Trench or crossing?,TRENCH,nan,S-2535241,SRR-31787503,KITW,TCNWARW,TCN,5,KITW2,Civil Item
20/01/2025,,1,KITW2SCARE,KITW2SCARE,TRCH,nan,RVSCIVAA,TRENCH RD X S/S VISUAL INSECTION,VICIVTC05,Do you want to report Trench or crossing?,TRENCH,nan,S-2535241,SRR-31787506,KITW,TCNWARW,TCN,5,KITW2,Civil Item
20/01/2025,,1,KITW1SCARE,KITW1SCARE,TRCH,nan,RVSCIVAA,TRENCH RD X S/S VISUAL INSECTION,VICIVTC05,Do you want to report Trench or crossing?,TRENCH,nan,S-2535531,SRR-31790131,KITW,TCNWARW,TCN,5,KITW1,Civil Item
20/01/2025,1.0,4,KITW1STECH,KITW1STECH,GAN,nan,RVSGANAA,GANTRY S/S VISUAL INSPECTION,VICIVGA01,Do you want to report any condition deterioration of the asset?,YES,nan,S-2535758,SRR-31791856,KITW,TCNWARW,TCN,11,KITW1,Civil Item
22/01/2025,,1,ENDE4SCARE,ENDE4SCARE,TRCH,nan,RVSCIVAA,TRENCH RD X S/S VISUAL INSECTION,VICIVTC05,Do you want to report Trench or crossing?,VEHICLE CROSSING,nan,S-2539015,SRR-31828999,ENDE,TCNDERB,TCN,5,ENDE4,Civil Item
22/01/2025,,1,ENDE4SCARE,ENDE4SCARE,TRCH,nan,RVSCIVAA,TRENCH RD X S/S VISUAL INSECTION,VICIVTC05,Do you want to report Trench or crossing?,VEHICLE CROSSING,nan,S-2539024,SRR-31829107,ENDE,TCNDERB,TCN,5,ENDE4,Civil Item
22/01/2025,,1,ENDE4SCARE,ENDE4SCARE,TRCH,nan,RVSCIVAA,TRENCH RD X S/S VISUAL INSECTION,VICIVTC05,Do you want to report Trench or crossing?,VEHICLE CROSSING,nan,S-2539033,SRR-31829149,ENDE,TCNDERB,TCN,5,ENDE4,Civil Item
22/01/2025,0.0,4,ENDE4STECH,ENDE4STECH,GAN,nan,RVSGANAA,GANTRY S/S VISUAL INSPECTION,VICIVGA01,Do you want to report any condition deterioration of the asset?,NO,nan,S-2539041,SRR-31829166,ENDE,TCNDERB,TCN,11,ENDE4,Civil Item
22/01/2025,0.0,4,ENDE4STECH,ENDE4STECH,GAN,nan,RVSGANAA,GANTRY S/S VISUAL INSPECTION,VICIVGA01,Do you want to report any condition deterioration of the asset?,NO,nan,S-2539046,SRR-31829178,ENDE,TCNDERB,TCN,11,ENDE4,Civil Item
22/01/2025,0.0,4,ENDE4STECH,ENDE4STECH,GAN,nan,RVSGANAA,GANTRY S/S VISUAL INSPECTION,VICIVGA01,Do you want to report any condition deterioration of the asset?,NO,nan,S-2539050,SRR-31829189,ENDE,TCNDERB,TCN,11,ENDE4,Civil Item
22/01/2025,0.0,4,ENDE1STECH,ENDE1STECH,GAN,nan,RVSGANAA,GANTRY S/S VISUAL INSPECTION,VICIVGA01,Do you want to report any condition deterioration of the asset?,NO,nan,S-2539060,SRR-31829262,ENDE,TCNDERB,TCN,11,ENDE1,Civil Item
22/01/2025,0.0,4,ENDE1STECH,ENDE1STECH,GAN,nan,RVSGANAA,GANTRY S/S VISUAL INSPECTION,VICIVGA01,Do you want to report any condition deterioration of the asset?,NO,nan,S-2539062,SRR-31829271,ENDE,TCNDERB,TCN,11,ENDE1,Civil Item
22/01/2025,0.0,4,ENDE1STECH,ENDE1STECH,GAN,nan,RVSGANAA,GANTRY S/S VISUAL INSPECTION,VICIVGA01,Do you want to report any condition deterioration of the asset?,NO,nan,S-2539066,SRR-31829288,ENDE,TCNDERB,TCN,11,ENDE1,Civil Item
22/01/2025,0.0,4,KITW2STECH,KITW2STECH,GAN,nan,RVSGANAA,GANTRY S/S VISUAL INSPECTION,VICIVGA01,Do you want to report any condition deterioration of the asset?,NO,nan,S-2539100,SRR-31829584,KITW,TCNWARW,TCN,11,KITW2,Civil Item
22/01/2025,0.0,4,KITW2STECH,KITW2STECH,GAN,nan,RVSGANAA,GANTRY S/S VISUAL INSPECTION,VICIVGA01,Do you want to report any condition deterioration of the asset?,NO,nan,S-2539109,SRR-31829675,KITW,TCNWARW,TCN,11,KITW2,Civil Item
22/01/2025,0.0,4,KITW2STECH,KITW2STECH,GAN,nan,RVSGANAA,GANTRY S/S VISUAL INSPECTION,VICIVGA01,Do you want to report any condition deterioration of the asset?,NO,nan,S-2539113,SRR-31829695,KITW,TCNWARW,TCN,11,KITW2,Civil Item
22/01/2025,,1,KITW2SCARE,KITW2SCARE,TRCH,nan,RVSCIVAA,TRENCH RD X S/S VISUAL INSECTION,VICIVTC05,Do you want to report Trench or crossing?,VEHICLE CROSSING,nan,S-2539158,SRR-31830105,KITW,TCNWARW,TCN,5,KITW2,Civil Item
22/01/2025,,1,KITW2SCARE,KITW2SCARE,TRCH,nan,RVSCIVAA,TRENCH RD X S/S VISUAL INSECTION,VICIVTC05,Do you want to report Trench or crossing?,VEHICLE CROSSING,nan,S-2539203,SRR-31830538,KITW,TCNWARW,TCN,5,KITW2,Civil Item
22/01/2025,,1,KITW2SCARE,KITW2SCARE,TRCH,nan,RVSCIVAA,TRENCH RD X S/S VISUAL INSECTION,VICIVTC05,Do you want to report Trench or crossing?,VEHICLE CROSSING,nan,S-2539207,SRR-31830560,KITW,TCNWARW,TCN,5,KITW2,Civil Item
22/01/2025,0.0,4,KITW1STECH,KITW1STECH,GAN,nan,RVSGANAA,GANTRY S/S VISUAL INSPECTION,VICIVGA01,Do you want to report any condition deterioration of the asset?,NO,nan,S-2539209,SRR-31830571,KITW,TCNWARW,TCN,11,KITW1,Civil Item
22/01/2025,0.0,4,KITW1STECH,KITW1STECH,GAN,nan,RVSGANAA,GANTRY S/S VISUAL INSPECTION,VICIVGA01,Do you want to report any condition deterioration of the asset?,NO,nan,S-2539213,SRR-31830609,KITW,TCNWARW,TCN,11,KITW1,Civil Item
22/01/2025,,1,KITW1SCARE,KITW1SCARE,TRCH,nan,RVSCIVAA,TRENCH RD X S/S VISUAL INSECTION,VICIVTC05,Do you want to report Trench or crossing?,VEHICLE CROSSING,nan,S-2539237,SRR-31830910,KITW,TCNWARW,TCN,5,KITW1,Civil Item
22/01/2025,,1,KITW1SCARE,KITW1SCARE,TRCH,nan,RVSCIVAA,TRENCH RD X S/S VISUAL INSECTION,VICIVTC05,Do you want to report Trench or crossing?,VEHICLE CROSSING,nan,S-2539243,SRR-31830992,KITW,TCNWARW,TCN,5,KITW1,Civil Item
22/01/2025,,1,KITW1SCARE,KITW1SCARE,TRCH,nan,RVSCIVAA,TRENCH RD X S/S VISUAL INSECTION,VICIVTC05,Do you want to report Trench or crossing?,VEHICLE CROSSING,nan,S-2539247,SRR-31831030,KITW,TCNWARW,TCN,5,KITW1,Civil Item
27/01/2025,,1,OLDB2SCARE,OLDB2SCARE,TRCH,nan,RVSCIVAA,TRENCH RD X S/S VISUAL INSECTION,VICIVTC05,Do you want to report Trench or crossing?,TRENCH,nan,S-2546075,SRR-31911071,OLDB,TCNWARW,TCN,5,OLDB2,Civil Item
27/01/2025,,1,OLDB2SCARE,OLDB2SCARE,TRCH,nan,RVSCIVAA,TRENCH RD X S/S VISUAL INSECTION,VICIVTC05,Do you want to report Trench or crossing?,TRENCH,nan,S-2546075,SRR-31911074,OLDB,TCNWARW,TCN,5,OLDB2,Civil Item
27/01/2025,1.0,4,OLDB2STECH,OLDB2STECH,GAN,nan,RVSGANAA,GANTRY S/S VISUAL INSPECTION,VICIVGA01,Do you want to report any condition deterioration of the asset?,YES,nan,S-2546119,SRR-31911656,OLDB,TCNWARW,TCN,11,OLDB2,Civil Item
27/01/2025,1.0,4,OLDB1STECH,OLDB1STECH,GAN,nan,RVSGANAA,GANTRY S/S VISUAL INSPECTION,VICIVGA01,Do you want to report any condition deterioration of the asset?,YES,nan,S-2546244,SRR-31912385,OLDB,TCNWARW,TCN,11,OLDB1,Civil Item
27/01/2025,,1,OCKH2SCARE,OCKH2SCARE,TRCH,nan,RVSCIVAA,TRENCH RD X S/S VISUAL INSECTION,VICIVTC05,Do you want to report Trench or crossing?,TRENCH,nan,S-2546507,SRR-31915110,OCKH,TCNSTAF,TCN,5,OCKH2,Civil Item
27/01/2025,,1,OCKH2SCARE,OCKH2SCARE,TRCH,nan,RVSCIVAA,TRENCH RD X S/S VISUAL INSECTION,VICIVTC05,Do you want to report Trench or crossing?,TRENCH,nan,S-2546507,SRR-31915113,OCKH,TCNSTAF,TCN,5,OCKH2,Civil Item
27/01/2025,,1,OCKH2SCARE,OCKH2SCARE,TRCH,nan,RVSCIVAA,TRENCH RD X S/S VISUAL INSECTION,VICIVTC05,Do you want to report Trench or crossing?,TRENCH,nan,S-2546507,SRR-31915116,OCKH,TCNSTAF,TCN,5,OCKH2,Civil Item
27/01/2025,,1,OCKH2SCARE,OCKH2SCARE,TRCH,nan,RVSCIVAA,TRENCH RD X S/S VISUAL INSECTION,VICIVTC05,Do you want to report Trench or crossing?,TRENCH,nan,S-2546507,SRR-31915119,OCKH,TCNSTAF,TCN,5,OCKH2,Civil Item
27/01/2025,1.0,4,OCKH2STECH,OCKH2STECH,GAN,nan,RVSGANAA,GANTRY S/S VISUAL INSPECTION,VICIVGA01,Do you want to report any condition deterioration of the asset?,YES,nan,S-2546609,SRR-31916653,OCKH,TCNSTAF,TCN,11,OCKH2,Civil Item
27/01/2025,1.0,4,OCKH1STECH,OCKH1STECH,GAN,nan,RVSGANAA,GANTRY S/S VISUAL INSPECTION,VICIVGA01,Do you want to report any condition deterioration of the asset?,YES,nan,S-2547193,SRR-31922126,OCKH,TCNSTAF,TCN,11,OCKH1,Civil Item
28/01/2025,0.0,4,OLDB1STECH,OLDB1STECH,GAN,nan,RVSGANAA,GANTRY S/S VISUAL INSPECTION,VICIVGA01,Do you want to report any condition deterioration of the asset?,NO,nan,S-2548401,SRR-31934745,OLDB,TCNWARW,TCN,11,OLDB1,Civil Item
28/01/2025,0.0,4,OLDB1STECH,OLDB1STECH,GAN,nan,RVSGANAA,GANTRY S/S VISUAL INSPECTION,VICIVGA01,Do you want to report any condition deterioration of the asset?,NO,nan,S-2548411,SRR-31934770,OLDB,TCNWARW,TCN,11,OLDB1,Civil Item
28/01/2025,0.0,4,OLDB1STECH,OLDB1STECH,GAN,nan,RVSGANAA,GANTRY S/S VISUAL INSPECTION,VICIVGA01,Do you want to report any condition deterioration of the asset?,NO,nan,S-2548413,SRR-31934779,OLDB,TCNWARW,TCN,11,OLDB1,Civil Item
28/01/2025,,1,OLDB1SCARE,OLDB1SCARE,TRCH,nan,RVSCIVAA,TRENCH RD X S/S VISUAL INSECTION,VICIVTC05,Do you want to report Trench or crossing?,TRENCH,nan,S-2548417,SRR-31934822,OLDB,TCNWARW,TCN,5,OLDB1,Civil Item
28/01/2025,,1,OLDB1SCARE,OLDB1SCARE,TRCH,nan,RVSCIVAA,TRENCH RD X S/S VISUAL INSECTION,VICIVTC05,Do you want to report Trench or crossing?,TRENCH,nan,S-2548420,SRR-31934832,OLDB,TCNWARW,TCN,5,OLDB1,Civil Item
28/01/2025,,1,OLDB1SCARE,OLDB1SCARE,TRCH,nan,RVSCIVAA,TRENCH RD X S/S VISUAL INSECTION,VICIVTC05,Do you want to report Trench or crossing?,TRENCH,nan,S-2548423,SRR-31934842,OLDB,TCNWARW,TCN,5,OLDB1,Civil Item
28/01/2025,,1,OLDB1SCARE,OLDB1SCARE,TRCH,nan,RVSCIVAA,TRENCH RD X S/S VISUAL INSECTION,VICIVTC05,Do you want to report Trench or crossing?,TRENCH,nan,S-2548427,SRR-31934857,OLDB,TCNWARW,TCN,5,OLDB1,Civil Item
28/01/2025,0.0,4,OLDB2STECH,OLDB2STECH,GAN,nan,RVSGANAA,GANTRY S/S VISUAL INSPECTION,VICIVGA01,Do you want to report any condition deterioration of the asset?,NO,nan,S-2548529,SRR-31935978,OLDB,TCNWARW,TCN,11,OLDB2,Civil Item
28/01/2025,0.0,4,OLDB2STECH,OLDB2STECH,GAN,nan,RVSGANAA,GANTRY S/S VISUAL INSPECTION,VICIVGA01,Do you want to report any condition deterioration of the asset?,NO,nan,S-2548532,SRR-31935992,OLDB,TCNWARW,TCN,11,OLDB2,Civil Item
28/01/2025,0.0,4,OLDB2STECH,OLDB2STECH,GAN,nan,RVSGANAA,GANTRY S/S VISUAL INSPECTION,VICIVGA01,Do you want to report any condition deterioration of the asset?,NO,nan,S-2548544,SRR-31936206,OLDB,TCNWARW,TCN,11,OLDB2,Civil Item
28/01/2025,,1,OLDB2SCARE,OLDB2SCARE,TRCH,nan,RVSCIVAA,TRENCH RD X S/S VISUAL INSECTION,VICIVTC05,Do you want to report Trench or crossing?,TRENCH,nan,S-2548551,SRR-31936246,OLDB,TCNWARW,TCN,5,OLDB2,Civil Item
28/01/2025,,1,OLDB2SCARE,OLDB2SCARE,TRCH,nan,RVSCIVAA,TRENCH RD X S/S VISUAL INSECTION,VICIVTC05,Do you want to report Trench or crossing?,TRENCH,nan,S-2548562,SRR-31936312,OLDB,TCNWARW,TCN,5,OLDB2,Civil Item
28/01/2025,,1,OLDB2SCARE,OLDB2SCARE,TRCH,nan,RVSCIVAA,TRENCH RD X S/S VISUAL INSECTION,VICIVTC05,Do you want to report Trench or crossing?,TRENCH,nan,S-2548567,SRR-31936334,OLDB,TCNWARW,TCN,5,OLDB2,Civil Item
28/01/2025,,1,OCKH2SCARE,OCKH2SCARE,TRCH,nan,RVSCIVAA,TRENCH RD X S/S VISUAL INSECTION,VICIVTC05,Do you want to report Trench or crossing?,TRENCH,nan,S-2548861,SRR-31941945,OCKH,TCNSTAF,TCN,5,OCKH2,Civil Item
28/01/2025,,1,OCKH2SCARE,OCKH2SCARE,TRCH,nan,RVSCIVAA,TRENCH RD X S/S VISUAL INSECTION,VICIVTC05,Do you want to report Trench or crossing?,TRENCH,nan,S-2548868,SRR-31942073,OCKH,TCNSTAF,TCN,5,OCKH2,Civil Item
28/01/2025,,1,OCKH2SCARE,OCKH2SCARE,TRCH,nan,RVSCIVAA,TRENCH RD X S/S VISUAL INSECTION,VICIVTC05,Do you want to report Trench or crossing?,TRENCH,nan,S-2548871,SRR-31942083,OCKH,TCNSTAF,TCN,5,OCKH2,Civil Item
28/01/2025,0.0,4,OCKH2STECH,OCKH2STECH,GAN,nan,RVSGANAA,GANTRY S/S VISUAL INSPECTION,VICIVGA01,Do you want to report any condition deterioration of the asset?,NO,nan,S-2548875,SRR-31942190,OCKH,TCNSTAF,TCN,11,OCKH2,Civil Item
28/01/2025,0.0,4,OCKH2STECH,OCKH2STECH,GAN,nan,RVSGANAA,GANTRY S/S VISUAL INSPECTION,VICIVGA01,Do you want to report any condition deterioration of the asset?,NO,nan,S-2548877,SRR-31942199,OCKH,TCNSTAF,TCN,11,OCKH2,Civil Item
28/01/2025,,1,OCKH1SCARE,OCKH1SCARE,TRCH,nan,RVSCIVAA,TRENCH RD X S/S VISUAL INSECTION,VICIVTC05,Do you want to report Trench or crossing?,TRENCH,nan,S-2548963,SRR-31943467,OCKH,TCNSTAF,TCN,5,OCKH1,Civil Item
28/01/2025,,1,OCKH1SCARE,OCKH1SCARE,TRCH,nan,RVSCIVAA,TRENCH RD X S/S VISUAL INSECTION,VICIVTC05,Do you want to report Trench or crossing?,TRENCH,nan,S-2549073,SRR-31946683,OCKH,TCNSTAF,TCN,5,OCKH1,Civil Item
28/01/2025,,1,OCKH1SCARE,OCKH1SCARE,TRCH,nan,RVSCIVAA,TRENCH RD X S/S VISUAL INSECTION,VICIVTC05,Do you want to report Trench or crossing?,TRENCH,nan,S-2549076,SRR-31946693,OCKH,TCNSTAF,TCN,5,OCKH1,Civil Item
28/01/2025,0.0,4,OCKH1STECH,OCKH1STECH,GAN,nan,RVSGANAA,GANTRY S/S VISUAL INSPECTION,VICIVGA01,Do you want to report any condition deterioration of the asset?,NO,nan,S-2549079,SRR-31946735,OCKH,TCNSTAF,TCN,11,OCKH1,Civil Item
28/01/2025,0.0,4,OCKH1STECH,OCKH1STECH,GAN,nan,RVSGANAA,GANTRY S/S VISUAL INSPECTION,VICIVGA01,Do you want to report any condition deterioration of the asset?,NO,nan,S-2549086,SRR-31946893,OCKH,TCNSTAF,TCN,11,OCKH1,Civil Item
04/02/2025,,1,COVE2SCARE,COVE2SCARE,TRCH,nan,RVSCIVAA,TRENCH RD X S/S VISUAL INSECTION,VICIVTC05,Do you want to report Trench or crossing?,TRENCH,nan,S-2556370,SRR-32044976,COVE,TCNWARW,TCN,5,COVE2,Civil Item
04/02/2025,,1,OCKH1SCARE,OCKH1SCARE,TRCH,nan,RVSCIVAA,TRENCH RD X S/S VISUAL INSECTION,VICIVTC05,Do you want to report Trench or crossing?,TRENCH,nan,S-2556384,SRR-32045129,OCKH,TCNSTAF,TCN,5,OCKH1,Civil Item
10/02/2025,,1,CHSI2SCARE,CHSI2SCARE,TRCH,nan,RVSCIVAA,TRENCH RD X S/S VISUAL INSECTION,VICIVTC05,Do you want to report Trench or crossing?,TRENCH,nan,S-2563066,SRR-32135152,CHSI,TLNWEST,TLN,5,CHSI2,Civil Item
10/02/2025,,1,CHSI2SCARE,CHSI2SCARE,TRCH,nan,RVSCIVAA,TRENCH RD X S/S VISUAL INSECTION,VICIVTC05,Do you want to report Trench or crossing?,TRENCH,nan,S-2563066,SRR-32135155,CHSI,TLNWEST,TLN,5,CHSI2,Civil Item
10/02/2025,,1,CHSI1SCARE,CHSI1SCARE,TRCH,nan,RVSCIVAA,TRENCH RD X S/S VISUAL INSECTION,VICIVTC05,Do you want to report Trench or crossing?,TRENCH,nan,S-2563183,SRR-32136528,CHSI,TLNWEST,TLN,5,CHSI1,Civil Item
10/02/2025,,1,CHSI1SCARE,CHSI1SCARE,TRCH,nan,RVSCIVAA,TRENCH RD X S/S VISUAL INSECTION,VICIVTC05,Do you want to report Trench or crossing?,TRENCH,nan,S-2563183,SRR-32136531,CHSI,TLNWEST,TLN,5,CHSI1,Civil Item
10/02/2025,1.0,4,CHSI1STECH,CHSI1STECH,GAN,nan,RVSGANAA,GANTRY S/S VISUAL INSPECTION,VICIVGA01,Do you want to report any condition deterioration of the asset?,YES,nan,S-2563197,SRR-32136691,CHSI,TLNWEST,TLN,11,CHSI1,Civil Item
10/02/2025,1.0,4,CHSI2STECH,CHSI2STECH,GAN,nan,RVSGANAA,GANTRY S/S VISUAL INSPECTION,VICIVGA01,Do you want to report any condition deterioration of the asset?,YES,nan,S-2563437,SRR-32139788,CHSI,TLNWEST,TLN,11,CHSI2,Civil Item
12/02/2025,,1,LOMF3SCARE,LOMF3SCARE,TRCH,nan,RVSCIVAA,TRENCH RD X S/S VISUAL INSECTION,VICIVTC05,Do you want to report Trench or crossing?,TRENCH,nan,S-2566423,SRR-32180307,LOMF,TCNWANG,TCN,5,LOMF3,Civil Item
12/02/2025,,1,CORM3SCARE,CORM3SCARE,TRCH,nan,RVSCIVAA,TRENCH RD X S/S VISUAL INSECTION,VICIVTC05,Do you want to report Trench or crossing?,TRENCH,nan,S-2566595,SRR-32183026,CORM,TCNWANG,TCN,5,CORM3,Civil Item
12/02/2025,,1,CORM3SCARE,CORM3SCARE,TRCH,nan,RVSCIVAA,TRENCH RD X S/S VISUAL INSECTION,VICIVTC05,Do you want to report Trench or crossing?,TRENCH,nan,S-2567000,SRR-32187981,CORM,TCNWANG,TCN,5,CORM3,Civil Item
12/02/2025,,1,CORM3SCARE,CORM3SCARE,TRCH,nan,RVSCIVAA,TRENCH RD X S/S VISUAL INSECTION,VICIVTC05,Do you want to report Trench or crossing?,VEHICLE CROSSING,nan,S-2567008,SRR-32188011,CORM,TCNWANG,TCN,5,CORM3,Civil Item
12/02/2025,,1,CORM3SCARE,CORM3SCARE,TRCH,nan,RVSCIVAA,TRENCH RD X S/S VISUAL INSECTION,VICIVTC05,Do you want to report Trench or crossing?,VEHICLE CROSSING,nan,S-2567019,SRR-32188094,CORM,TCNWANG,TCN,5,CORM3,Civil Item
12/02/2025,,1,LOMF3SCARE,LOMF3SCARE,TRCH,nan,RVSCIVAA,TRENCH RD X S/S VISUAL INSECTION,VICIVTC05,Do you want to report Trench or crossing?,VEHICLE CROSSING,nan,S-2567292,SRR-32191517,LOMF,TCNWANG,TCN,5,LOMF3,Civil Item
12/02/2025,,1,LOMF3SCARE,LOMF3SCARE,TRCH,nan,RVSCIVAA,TRENCH RD X S/S VISUAL INSECTION,VICIVTC05,Do you want to report Trench or crossing?,VEHICLE CROSSING,nan,S-2567307,SRR-32191678,LOMF,TCNWANG,TCN,5,LOMF3,Civil Item
12/02/2025,,1,LOMF3SCARE,LOMF3SCARE,TRCH,nan,RVSCIVAA,TRENCH RD X S/S VISUAL INSECTION,VICIVTC05,Do you want to report Trench or crossing?,VEHICLE CROSSING,nan,S-2567320,SRR-32191853,LOMF,TCNWANG,TCN,5,LOMF3,Civil Item
13/02/2025,,1,CHSI2SCARE,CHSI2SCARE,TRCH,nan,RVSCIVAA,TRENCH RD X S/S VISUAL INSECTION,VICIVTC05,Do you want to report Trench or crossing?,TRENCH,nan,S-2568952,SRR-32214395,CHSI,TLNWEST,TLN,5,CHSI2,Civil Item
13/02/2025,,1,CHSI2SCARE,CHSI2SCARE,TRCH,nan,RVSCIVAA,TRENCH RD X S/S VISUAL INSECTION,VICIVTC05,Do you want to report Trench or crossing?,TRENCH,nan,S-2568958,SRR-32214418,CHSI,TLNWEST,TLN,5,CHSI2,Civil Item
13/02/2025,,1,CHSI2SCARE,CHSI2SCARE,TRCH,nan,RVSCIVAA,TRENCH RD X S/S VISUAL INSECTION,VICIVTC05,Do you want to report Trench or crossing?,TRENCH,nan,S-2568967,SRR-32214452,CHSI,TLNWEST,TLN,5,CHSI2,Civil Item
13/02/2025,,1,PAFB4SCARE,PAFB4SCARE,TRCH,nan,RVSCIVAA,TRENCH RD X S/S VISUAL INSECTION,VICIVTC05,Do you want to report Trench or crossing?,TRENCH,nan,S-2568976,SRR-32214488,PAFB,TCNDERB,TCN,5,PAFB4,Civil Item
13/02/2025,,1,PAFB4SCARE,PAFB4SCARE,TRCH,nan,RVSCIVAA,TRENCH RD X S/S VISUAL INSECTION,VICIVTC05,Do you want to report Trench or crossing?,TRENCH,nan,S-2568980,SRR-32214503,PAFB,TCNDERB,TCN,5,PAFB4,Civil Item
13/02/2025,,1,PAFB4SCARE,PAFB4SCARE,TRCH,nan,RVSCIVAA,TRENCH RD X S/S VISUAL INSECTION,VICIVTC05,Do you want to report Trench or crossing?,TRENCH,nan,S-2568984,SRR-32214518,PAFB,TCNDERB,TCN,5,PAFB4,Civil Item
13/02/2025,,1,LOBU3SCARE,LOBU3SCARE,TRCH,nan,RVSCIVAA,TRENCH RD X S/S VISUAL INSECTION,VICIVTC05,Do you want to report Trench or crossing?,TRENCH,nan,S-2568989,SRR-32214545,LOBU,TCNDERB,TCN,5,LOBU3,Civil Item
13/02/2025,,1,LOBU3SCARE,LOBU3SCARE,TRCH,nan,RVSCIVAA,TRENCH RD X S/S VISUAL INSECTION,VICIVTC05,Do you want to report Trench or crossing?,TRENCH,nan,S-2568993,SRR-32214560,LOBU,TCNDERB,TCN,5,LOBU3,Civil Item
13/02/2025,,1,LOBU3SCARE,LOBU3SCARE,TRCH,nan,RVSCIVAA,TRENCH RD X S/S VISUAL INSECTION,VICIVTC05,Do you want to report Trench or crossing?,TRENCH,nan,S-2568997,SRR-32214575,LOBU,TCNDERB,TCN,5,LOBU3,Civil Item
13/02/2025,,1,CHSI1SCARE,CHSI1SCARE,TRCH,nan,RVSCIVAA,TRENCH RD X S/S VISUAL INSECTION,VICIVTC05,Do you want to report Trench or crossing?,TRENCH,nan,S-2569001,SRR-32214590,CHSI,TLNWEST,TLN,5,CHSI1,Civil Item
13/02/2025,,1,CHSI1SCARE,CHSI1SCARE,TRCH,nan,RVSCIVAA,TRENCH RD X S/S VISUAL INSECTION,VICIVTC05,Do you want to report Trench or crossing?,TRENCH,nan,S-2569005,SRR-32214605,CHSI,TLNWEST,TLN,5,CHSI1,Civil Item
13/02/2025,,1,CHSI1SCARE,CHSI1SCARE,TRCH,nan,RVSCIVAA,TRENCH RD X S/S VISUAL INSECTION,VICIVTC05,Do you want to report Trench or crossing?,TRENCH,nan,S-2569009,SRR-32214620,CHSI,TLNWEST,TLN,5,CHSI1,Civil Item
17/02/2025,1.0,4,REBR2STECH,REBR2STECH,GAN,nan,RVSGANAA,GANTRY S/S VISUAL INSPECTION,VICIVGA01,Do you want to report any condition deterioration of the asset?,YES,nan,S-2570640,SRR-32241381,REBR,TLNNEST,TLN,11,REBR2,Civil Item
17/02/2025,,1,REBR2SCARE,REBR2SCARE,TRCH,nan,RVSCIVAA,TRENCH RD X S/S VISUAL INSECTION,VICIVTC05,Do you want to report Trench or crossing?,TRENCH,nan,S-2570647,SRR-32241435,REBR,TLNNEST,TLN,5,REBR2,Civil Item
17/02/2025,1.0,4,BRIM2STECH,BRIM2STECH,GAN,nan,RVSGANAA,GANTRY S/S VISUAL INSPECTION,VICIVGA01,Do you want to report any condition deterioration of the asset?,YES,nan,S-2571662,SRR-32252563,BRIM,TLNNEST,TLN,11,BRIM2,Civil Item
18/02/2025,0.0,4,BRIM2STECH,BRIM2STECH,GAN,nan,RVSGANAA,GANTRY S/S VISUAL INSPECTION,VICIVGA01,Do you want to report any condition deterioration of the asset?,NO,nan,S-2572277,SRR-32260498,BRIM,TLNNEST,TLN,11,BRIM2,Civil Item
18/02/2025,,1,BRIM2SCARE,BRIM2SCARE,TRCH,nan,RVSCIVAA,TRENCH RD X S/S VISUAL INSECTION,VICIVTC05,Do you want to report Trench or crossing?,TRENCH,nan,S-2572280,SRR-32260527,BRIM,TLNNEST,TLN,5,BRIM2,Civil Item
18/02/2025,0.0,4,BRIM1STECH,BRIM1STECH,GAN,nan,RVSGANAA,GANTRY S/S VISUAL INSPECTION,VICIVGA01,Do you want to report any condition deterioration of the asset?,NO,nan,S-2572464,SRR-32262649,BRIM,TLNNEST,TLN,11,BRIM1,Civil Item
18/02/2025,,1,BRIM1SCARE,BRIM1SCARE,TRCH,nan,RVSCIVAA,TRENCH RD X S/S VISUAL INSECTION,VICIVTC05,Do you want to report Trench or crossing?,TRENCH,nan,S-2572469,SRR-32262691,BRIM,TLNNEST,TLN,5,BRIM1,Civil Item
18/02/2025,,1,WIEN2SCARE,WIEN2SCARE,TRCH,nan,RVSCIVAA,TRENCH RD X S/S VISUAL INSECTION,VICIVTC05,Do you want to report Trench or crossing?,TRENCH,nan,S-2572861,SRR-32270947,WIEN,TCNSTAF,TCN,5,WIEN2,Civil Item
18/02/2025,,1,WIEN1SCARE,WIEN1SCARE,TRCH,nan,RVSCIVAA,TRENCH RD X S/S VISUAL INSECTION,VICIVTC05,Do you want to report Trench or crossing?,TRENCH,nan,S-2572870,SRR-32270983,WIEN,TCNSTAF,TCN,5,WIEN1,Civil Item
18/02/2025,,1,WIEN2SCARE,WIEN2SCARE,TRCH,nan,RVSCIVAA,TRENCH RD X S/S VISUAL INSECTION,VICIVTC05,Do you want to report Trench or crossing?,TRENCH,nan,S-2572933,SRR-32271795,WIEN,TCNSTAF,TCN,5,WIEN2,Civil Item
18/02/2025,,1,WIEN2SCARE,WIEN2SCARE,TRCH,nan,RVSCIVAA,TRENCH RD X S/S VISUAL INSECTION,VICIVTC05,Do you want to report Trench or crossing?,TRENCH,nan,S-2572944,SRR-32272181,WIEN,TCNSTAF,TCN,5,WIEN2,Civil Item
18/02/2025,,1,WIEN1SCARE,WIEN1SCARE,TRCH,nan,RVSCIVAA,TRENCH RD X S/S VISUAL INSECTION,VICIVTC05,Do you want to report Trench or crossing?,TRENCH,nan,S-2572987,SRR-32272667,WIEN,TCNSTAF,TCN,5,WIEN1,Civil Item
18/02/2025,,1,WIEN1SCARE,WIEN1SCARE,TRCH,nan,RVSCIVAA,TRENCH RD X S/S VISUAL INSECTION,VICIVTC05,Do you want to report Trench or crossing?,TRENCH,nan,S-2573006,SRR-32272800,WIEN,TCNSTAF,TCN,5,WIEN1,Civil Item
18/02/2025,,1,WIEN1SCARE,WIEN1SCARE,TRCH,nan,RVSCIVAA,TRENCH RD X S/S VISUAL INSECTION,VICIVTC05,Do you want to report Trench or crossing?,TRENCH,nan,S-2573013,SRR-32272881,WIEN,TCNSTAF,TCN,5,WIEN1,Civil Item
19/02/2025,,1,BRIM2SCARE,BRIM2SCARE,TRCH,nan,RVSCIVAA,TRENCH RD X S/S VISUAL INSECTION,VICIVTC05,Do you want to report Trench or crossing?,TRENCH,nan,S-2574130,SRR-32287088,BRIM,TLNNEST,TLN,5,BRIM2,Civil Item
19/02/2025,,1,BRIM2SCARE,BRIM2SCARE,TRCH,nan,RVSCIVAA,TRENCH RD X S/S VISUAL INSECTION,VICIVTC05,Do you want to report Trench or crossing?,TRENCH,nan,S-2574169,SRR-32288646,BRIM,TLNNEST,TLN,5,BRIM2,Civil Item
19/02/2025,,1,REBR2SCARE,REBR2SCARE,TRCH,nan,RVSCIVAA,TRENCH RD X S/S VISUAL INSECTION,VICIVTC05,Do you want to report Trench or crossing?,TRENCH,nan,S-2574173,SRR-32288698,REBR,TLNNEST,TLN,5,REBR2,Civil Item
19/02/2025,,1,REBR2SCARE,REBR2SCARE,TRCH,nan,RVSCIVAA,TRENCH RD X S/S VISUAL INSECTION,VICIVTC05,Do you want to report Trench or crossing?,TRENCH,nan,S-2574182,SRR-32289068,REBR,TLNNEST,TLN,5,REBR2,Civil Item
19/02/2025,,1,BRIM1SCARE,BRIM1SCARE,TRCH,nan,RVSCIVAA,TRENCH RD X S/S VISUAL INSECTION,VICIVTC05,Do you want to report Trench or crossing?,TRENCH,nan,S-2574193,SRR-32289502,BRIM,TLNNEST,TLN,5,BRIM1,Civil Item
19/02/2025,,1,BRIM1SCARE,BRIM1SCARE,TRCH,nan,RVSCIVAA,TRENCH RD X S/S VISUAL INSECTION,VICIVTC05,Do you want to report Trench or crossing?,TRENCH,nan,S-2574200,SRR-32289609,BRIM,TLNNEST,TLN,5,BRIM1,Civil Item
19/02/2025,0.0,4,BRIM2STECH,BRIM2STECH,GAN,nan,RVSGANAA,GANTRY S/S VISUAL INSPECTION,VICIVGA01,Do you want to report any condition deterioration of the asset?,NO,nan,S-2574210,SRR-32289968,BRIM,TLNNEST,TLN,11,BRIM2,Civil Item
19/02/2025,0.0,4,BRIM2STECH,BRIM2STECH,GAN,nan,RVSGANAA,GANTRY S/S VISUAL INSPECTION,VICIVGA01,Do you want to report any condition deterioration of the asset?,NO,nan,S-2574218,SRR-32290336,BRIM,TLNNEST,TLN,11,BRIM2,Civil Item
19/02/2025,1.0,4,BRIM1STECH,BRIM1STECH,GAN,nan,RVSGANAA,GANTRY S/S VISUAL INSPECTION,VICIVGA01,Do you want to report any condition deterioration of the asset?,YES,nan,S-2575324,SRR-32299272,BRIM,TLNNEST,TLN,11,BRIM1,Civil Item
19/02/2025,,1,CARR2SCARE,CARR2SCARE,TRCH,nan,RVSCIVAA,TRENCH RD X S/S VISUAL INSECTION,VICIVTC05,Do you want to report Trench or crossing?,TRENCH,nan,S-2575443,SRR-32300327,CARR,TNWMANS,TNW,5,CARR2,Civil Item
19/02/2025,,1,CARR2SCARE,CARR2SCARE,TRCH,nan,RVSCIVAA,TRENCH RD X S/S VISUAL INSECTION,VICIVTC05,Do you want to report Trench or crossing?,TRENCH,nan,S-2575446,SRR-32300337,CARR,TNWMANS,TNW,5,CARR2,Civil Item
19/02/2025,,1,DAIN4SCARE,DAIN4SCARE,TRCH,nan,RVSCIVAA,TRENCH RD X S/S VISUAL INSECTION,VICIVTC05,Do you want to report Trench or crossing?,TRENCH,nan,S-2575471,SRR-32300527,DAIN,TNWMANS,TNW,5,DAIN4,Civil Item
19/02/2025,,1,DAIN4SCARE,DAIN4SCARE,TRCH,nan,RVSCIVAA,TRENCH RD X S/S VISUAL INSECTION,VICIVTC05,Do you want to report Trench or crossing?,TRENCH,nan,S-2575474,SRR-32300537,DAIN,TNWMANS,TNW,5,DAIN4,Civil Item
19/02/2025,,1,DAIN4SCARE,DAIN4SCARE,TRCH,nan,RVSCIVAA,TRENCH RD X S/S VISUAL INSECTION,VICIVTC05,Do you want to report Trench or crossing?,TRENCH,nan,S-2575478,SRR-32300556,DAIN,TNWMANS,TNW,5,DAIN4,Civil Item
24/02/2025,,1,LEIB4SCARE,LEIB4SCARE,TRCH,nan,RVSCIVAA,TRENCH RD X S/S VISUAL INSECTION,VICIVTC05,Do you want to report Trench or crossing?,TRENCH,nan,S-2578616,SRR-32343872,LEIB,TCNWANG,TCN,5,LEIB4,Civil Item
24/02/2025,,1,LEIB4SCARE,LEIB4SCARE,TRCH,nan,RVSCIVAA,TRENCH RD X S/S VISUAL INSECTION,VICIVTC05,Do you want to report Trench or crossing?,TRENCH,nan,S-2578616,SRR-32343875,LEIB,TCNWANG,TCN,5,LEIB4,Civil Item
24/02/2025,1.0,4,LEIB4STECH,LEIB4STECH,GAN,nan,RVSGANAA,GANTRY S/S VISUAL INSPECTION,VICIVGA01,Do you want to report any condition deterioration of the asset?,YES,nan,S-2578633,SRR-32344708,LEIB,TCNWANG,TCN,11,LEIB4,Civil Item
24/02/2025,,1,LEIB4SCARE,LEIB4SCARE,TRCH,nan,RVSCIVAA,TRENCH RD X S/S VISUAL INSECTION,VICIVTC05,Do you want to report Trench or crossing?,TRENCH,nan,S-2578900,SRR-32347998,LEIB,TCNWANG,TCN,5,LEIB4,Civil Item
24/02/2025,,1,LEIB4SCARE,LEIB4SCARE,TRCH,nan,RVSCIVAA,TRENCH RD X S/S VISUAL INSECTION,VICIVTC05,Do you want to report Trench or crossing?,TRENCH,nan,S-2578902,SRR-32348003,LEIB,TCNWANG,TCN,5,LEIB4,Civil Item
24/02/2025,,1,LEIB4SCARE,LEIB4SCARE,TRCH,nan,RVSCIVAA,TRENCH RD X S/S VISUAL INSECTION,VICIVTC05,Do you want to report Trench or crossing?,TRENCH,nan,S-2578907,SRR-32348022,LEIB,TCNWANG,TCN,5,LEIB4,Civil Item
26/02/2025,1.0,4,WWEY2STECH,WWEY2STECH,GAN,nan,RVSGANAA,GANTRY S/S VISUAL INSPECTION,VICIVGA01,Do you want to report any condition deterioration of the asset?,YES,nan,S-2581454,SRR-32381390,WWEY,TLNWEST,TLN,11,WWEY2,Civil Item
26/02/2025,1.0,4,WWEY4STECH,WWEY4STECH,GAN,nan,RVSGANAA,GANTRY S/S VISUAL INSPECTION,VICIVGA01,Do you want to report any condition deterioration of the asset?,YES,nan,S-2581516,SRR-32382415,WWEY,TLNWEST,TLN,11,WWEY4,Civil Item
26/02/2025,,1,WWEY2SCARE,WWEY2SCARE,TRCH,nan,RVSCIVAA,TRENCH RD X S/S VISUAL INSECTION,VICIVTC05,Do you want to report Trench or crossing?,TRENCH,nan,S-2581537,SRR-32382769,WWEY,TLNWEST,TLN,5,WWEY2,Civil Item
26/02/2025,,1,WWEY2SCARE,WWEY2SCARE,TRCH,nan,RVSCIVAA,TRENCH RD X S/S VISUAL INSECTION,VICIVTC05,Do you want to report Trench or crossing?,TRENCH,nan,S-2581537,SRR-32382772,WWEY,TLNWEST,TLN,5,WWEY2,Civil Item
26/02/2025,,1,WWEY2SCARE,WWEY2SCARE,TRCH,nan,RVSCIVAA,TRENCH RD X S/S VISUAL INSECTION,VICIVTC05,Do you want to report Trench or crossing?,TRENCH,nan,S-2581537,SRR-32382775,WWEY,TLNWEST,TLN,5,WWEY2,Civil Item
27/02/2025,,1,WWEY1BSCARE,WWEY1BSCARE,TRCH,nan,RVSCIVAA,TRENCH RD X S/S VISUAL INSECTION,VICIVTC05,Do you want to report Trench or crossing?,TRENCH,nan,S-2582728,SRR-32394142,WWEY,TLNWEST,TLN,5,WWEY1,Civil Item
27/02/2025,,1,WWEY1SCARE,WWEY1SCARE,TRCH,nan,RVSCIVAA,TRENCH RD X S/S VISUAL INSECTION,VICIVTC05,Do you want to report Trench or crossing?,TRENCH,nan,S-2582730,SRR-32394147,WWEY,TLNWEST,TLN,5,WWEY1,Civil Item
27/02/2025,,1,WWEY2SCARE,WWEY2SCARE,TRCH,nan,RVSCIVAA,TRENCH RD X S/S VISUAL INSECTION,VICIVTC05,Do you want to report Trench or crossing?,TRENCH,nan,S-2582732,SRR-32394152,WWEY,TLNWEST,TLN,5,WWEY2,Civil Item
27/02/2025,,1,WWEY4SCARE,WWEY4SCARE,TRCH,nan,RVSCIVAA,TRENCH RD X S/S VISUAL INSECTION,VICIVTC05,Do you want to report Trench or crossing?,TRENCH,nan,S-2582734,SRR-32394157,WWEY,TLNWEST,TLN,5,WWEY4,Civil Item
04/03/2025,,1,WIEN2SCARE,WIEN2SCARE,TRCH,nan,RVSCIVAA,TRENCH RD X S/S VISUAL INSECTION,VICIVTC05,Do you want to report Trench or crossing?,TRENCH,nan,S-2587020,SRR-32456294,WIEN,TCNSTAF,TCN,5,WIEN2,Civil Item
04/03/2025,1.0,4,BRAW2STECH,BRAW2STECH,GAN,nan,RVSGANAA,GANTRY S/S VISUAL INSPECTION,VICIVGA01,Do you want to report any condition deterioration of the asset?,YES,nan,S-2587717,SRR-32464416,BRAW,TNELEDS,TNE,11,BRAW2,Civil Item
04/03/2025,,1,BRAW2SCARE,BRAW2SCARE,TRCH,nan,RVSCIVAA,TRENCH RD X S/S VISUAL INSECTION,VICIVTC05,Do you want to report Trench or crossing?,TRENCH,nan,S-2587867,SRR-32466656,BRAW,TNELEDS,TNE,5,BRAW2,Civil Item
04/03/2025,,1,BRAW2SCARE,BRAW2SCARE,TRCH,nan,RVSCIVAA,TRENCH RD X S/S VISUAL INSECTION,VICIVTC05,Do you want to report Trench or crossing?,TRENCH,nan,S-2587867,SRR-32466659,BRAW,TNELEDS,TNE,5,BRAW2,Civil Item
04/03/2025,,1,BRAW2SCARE,BRAW2SCARE,TRCH,nan,RVSCIVAA,TRENCH RD X S/S VISUAL INSECTION,VICIVTC05,Do you want to report Trench or crossing?,TRENCH,nan,S-2587867,SRR-32466662,BRAW,TNELEDS,TNE,5,BRAW2,Civil Item
04/03/2025,,1,BRAW2SCARE,BRAW2SCARE,TRCH,nan,RVSCIVAA,TRENCH RD X S/S VISUAL INSECTION,VICIVTC05,Do you want to report Trench or crossing?,TRENCH,nan,S-2587867,SRR-32466665,BRAW,TNELEDS,TNE,5,BRAW2,Civil Item
04/03/2025,,1,BRAW2SCARE,BRAW2SCARE,TRCH,nan,RVSCIVAA,TRENCH RD X S/S VISUAL INSECTION,VICIVTC05,Do you want to report Trench or crossing?,TRENCH,nan,S-2587867,SRR-32466668,BRAW,TNELEDS,TNE,5,BRAW2,Civil Item
04/03/2025,,1,BRAW2SCARE,BRAW2SCARE,TRCH,nan,RVSCIVAA,TRENCH RD X S/S VISUAL INSECTION,VICIVTC05,Do you want to report Trench or crossing?,TRENCH,nan,S-2587867,SRR-32466671,BRAW,TNELEDS,TNE,5,BRAW2,Civil Item
04/03/2025,,1,BRAW2SCARE,BRAW2SCARE,TRCH,nan,RVSCIVAA,TRENCH RD X S/S VISUAL INSECTION,VICIVTC05,Do you want to report Trench or crossing?,TRENCH,nan,S-2587867,SRR-32466674,BRAW,TNELEDS,TNE,5,BRAW2,Civil Item
04/03/2025,,1,BRAW2SCARE,BRAW2SCARE,TRCH,nan,RVSCIVAA,TRENCH RD X S/S VISUAL INSECTION,VICIVTC05,Do you want to report Trench or crossing?,TRENCH,nan,S-2587867,SRR-32466677,BRAW,TNELEDS,TNE,5,BRAW2,Civil Item
04/03/2025,,1,BRAW4SCARE,BRAW4SCARE,TRCH,nan,RVSCIVAA,TRENCH RD X S/S VISUAL INSECTION,VICIVTC05,Do you want to report Trench or crossing?,TRENCH,nan,S-2587911,SRR-32466832,BRAW,TNELEDS,TNE,5,BRAW4,Civil Item
04/03/2025,0.0,4,BRAW4STECH,BRAW4STECH,GAN,nan,RVSGANAA,GANTRY S/S VISUAL INSPECTION,VICIVGA01,Do you want to report any condition deterioration of the asset?,NO,nan,S-2587928,SRR-32466913,BRAW,TNELEDS,TNE,11,BRAW4,Civil Item
04/03/2025,,1,BRAW1SCARE,BRAW1SCARE,TRCH,nan,RVSCIVAA,TRENCH RD X S/S VISUAL INSECTION,VICIVTC05,Do you want to report Trench or crossing?,TRENCH,nan,S-2589353,SRR-32478465,BRAW,TNELEDS,TNE,5,BRAW1,Civil Item
05/03/2025,,1,BRIM2SCARE,BRIM2SCARE,TRCH,nan,RVSCIVAA,TRENCH RD X S/S VISUAL INSECTION,VICIVTC05,Do you want to report Trench or crossing?,TRENCH,nan,S-2590999,SRR-32500596,BRIM,TLNNEST,TLN,5,BRIM2,Civil Item
05/03/2025,,1,REBR2SCARE,REBR2SCARE,TRCH,nan,RVSCIVAA,TRENCH RD X S/S VISUAL INSECTION,VICIVTC05,Do you want to report Trench or crossing?,TRENCH,nan,S-2591009,SRR-32500618,REBR,TLNNEST,TLN,5,REBR2,Civil Item
05/03/2025,,1,PAFB4SCARE,PAFB4SCARE,TRCH,nan,RVSCIVAA,TRENCH RD X S/S VISUAL INSECTION,VICIVTC05,Do you want to report Trench or crossing?,TRENCH,nan,S-2591028,SRR-32500694,PAFB,TCNDERB,TCN,5,PAFB4,Civil Item
05/03/2025,,1,LOBU3SCARE,LOBU3SCARE,TRCH,nan,RVSCIVAA,TRENCH RD X S/S VISUAL INSECTION,VICIVTC05,Do you want to report Trench or crossing?,TRENCH,nan,S-2591039,SRR-32500753,LOBU,TCNDERB,TCN,5,LOBU3,Civil Item
05/03/2025,,1,BRIM1SCARE,BRIM1SCARE,TRCH,nan,RVSCIVAA,TRENCH RD X S/S VISUAL INSECTION,VICIVTC05,Do you want to report Trench or crossing?,TRENCH,nan,S-2591046,SRR-32500781,BRIM,TLNNEST,TLN,5,BRIM1,Civil Item
05/03/2025,,1,LISD1SCARE,LISD1SCARE,TRCH,nan,RVSCIVAA,TRENCH RD X S/S VISUAL INSECTION,VICIVTC05,Do you want to report Trench or crossing?,TRENCH,nan,S-2591573,SRR-32508137,LISD,TNWMERS,TNW,5,LISD1,Civil Item
05/03/2025,,1,LISD2SCARE,LISD2SCARE,TRCH,nan,RVSCIVAA,TRENCH RD X S/S VISUAL INSECTION,VICIVTC05,Do you want to report Trench or crossing?,TRENCH,nan,S-2591575,SRR-32508142,LISD,TNWMERS,TNW,5,LISD2,Civil Item
06/03/2025,1.0,4,BRAW1STECH,BRAW1STECH,GAN,nan,RVSGANAA,GANTRY S/S VISUAL INSPECTION,VICIVGA01,Do you want to report any condition deterioration of the asset?,YES,nan,S-2594278,SRR-32547519,BRAW,TNELEDS,TNE,11,BRAW1,Civil Item
06/03/2025,,1,BRAW1SCARE,BRAW1SCARE,TRCH,nan,RVSCIVAA,TRENCH RD X S/S VISUAL INSECTION,VICIVTC05,Do you want to report Trench or crossing?,TRENCH,nan,S-2594281,SRR-32547535,BRAW,TNELEDS,TNE,5,BRAW1,Civil Item
06/03/2025,,1,BRAW2SCARE,BRAW2SCARE,TRCH,nan,RVSCIVAA,TRENCH RD X S/S VISUAL INSECTION,VICIVTC05,Do you want to report Trench or crossing?,TRENCH,nan,S-2594283,SRR-32547540,BRAW,TNELEDS,TNE,5,BRAW2,Civil Item
06/03/2025,,1,BRAW4SCARE,BRAW4SCARE,TRCH,nan,RVSCIVAA,TRENCH RD X S/S VISUAL INSECTION,VICIVTC05,Do you want to report Trench or crossing?,TRENCH,nan,S-2594288,SRR-32547612,BRAW,TNELEDS,TNE,5,BRAW4,Civil Item
10/03/2025,1.0,4,NEEP2STECH,NEEP2STECH,GAN,nan,RVSGANAA,GANTRY S/S VISUAL INSPECTION,VICIVGA01,Do you want to report any condition deterioration of the asset?,YES,nan,S-2597993,SRR-32590427,NEEP,TNESHEF,TNE,11,NEEP2,Civil Item
12/03/2025,,1,NEEP4SCARE,NEEP4SCARE,TRCH,nan,RVSCIVAA,TRENCH RD X S/S VISUAL INSECTION,VICIVTC05,Do you want to report Trench or crossing?,TRENCH,nan,S-2603796,SRR-32639726,NEEP,TNESHEF,TNE,5,NEEP4,Civil Item
12/03/2025,,1,NEEP4SCARE,NEEP4SCARE,TRCH,nan,RVSCIVAA,TRENCH RD X S/S VISUAL INSECTION,VICIVTC05,Do you want to report Trench or crossing?,TRENCH,nan,S-2603799,SRR-32639736,NEEP,TNESHEF,TNE,5,NEEP4,Civil Item
12/03/2025,,1,NEEP4SCARE,NEEP4SCARE,TRCH,nan,RVSCIVAA,TRENCH RD X S/S VISUAL INSECTION,VICIVTC05,Do you want to report Trench or crossing?,TRENCH,nan,S-2603802,SRR-32639746,NEEP,TNESHEF,TNE,5,NEEP4,Civil Item
12/03/2025,,1,NEEP2SCARE,NEEP2SCARE,TRCH,nan,RVSCIVAA,TRENCH RD X S/S VISUAL INSECTION,VICIVTC05,Do you want to report Trench or crossing?,TRENCH,nan,S-2603824,SRR-32639916,NEEP,TNESHEF,TNE,5,NEEP2,Civil Item
12/03/2025,,1,NEEP2SCARE,NEEP2SCARE,TRCH,nan,RVSCIVAA,TRENCH RD X S/S VISUAL INSECTION,VICIVTC05,Do you want to report Trench or crossing?,TRENCH,nan,S-2603828,SRR-32639972,NEEP,TNESHEF,TNE,5,NEEP2,Civil Item
12/03/2025,,1,NEEP2SCARE,NEEP2SCARE,TRCH,nan,RVSCIVAA,TRENCH RD X S/S VISUAL INSECTION,VICIVTC05,Do you want to report Trench or crossing?,TRENCH,nan,S-2603830,SRR-32639977,NEEP,TNESHEF,TNE,5,NEEP2,Civil Item
18/03/2025,,1,SWAN1SCARE,SWAN1SCARE,TRCH,nan,RVSCIVAA,TRENCH RD X S/S VISUAL INSECTION,VICIVTC05,Do you want to report Trench or crossing?,TRENCH,nan,S-2613767,SRR-32743838,SWAN,TSWSWAW,TSW,5,SWAN1,Civil Item
18/03/2025,,1,SWAN1SCARE,SWAN1SCARE,TRCH,nan,RVSCIVAA,TRENCH RD X S/S VISUAL INSECTION,VICIVTC05,Do you want to report Trench or crossing?,TRENCH,nan,S-2613789,SRR-32743922,SWAN,TSWSWAW,TSW,5,SWAN1,Civil Item
18/03/2025,,1,SWAN1SCARE,SWAN1SCARE,TRCH,nan,RVSCIVAA,TRENCH RD X S/S VISUAL INSECTION,VICIVTC05,Do you want to report Trench or crossing?,TRENCH,nan,S-2613801,SRR-32743949,SWAN,TSWSWAW,TSW,5,SWAN1,Civil Item
18/03/2025,,1,SWAN1SCARE,SWAN1SCARE,TRCH,nan,RVSCIVAA,TRENCH RD X S/S VISUAL INSECTION,VICIVTC05,Do you want to report Trench or crossing?,TRENCH,nan,S-2613814,SRR-32743986,SWAN,TSWSWAW,TSW,5,SWAN1,Civil Item
20/03/2025,,1,KIRK1SCARE,KIRK1SCARE,TRCH,nan,RVSCIVAA,TRENCH RD X S/S VISUAL INSECTION,VICIVTC05,Do you want to report Trench or crossing?,TRENCH,nan,S-2620275,SRR-32811285,KIRK,TNELEDS,TNE,5,KIRK1,Civil Item
20/03/2025,,1,KIRK1SCARE,KIRK1SCARE,TRCH,nan,RVSCIVAA,TRENCH RD X S/S VISUAL INSECTION,VICIVTC05,Do you want to report Trench or crossing?,TRENCH,nan,S-2620279,SRR-32811296,KIRK,TNELEDS,TNE,5,KIRK1,Civil Item
20/03/2025,,1,KIRK2SCARE,KIRK2SCARE,TRCH,nan,RVSCIVAA,TRENCH RD X S/S VISUAL INSECTION,VICIVTC05,Do you want to report Trench or crossing?,TRENCH,nan,S-2620299,SRR-32811319,KIRK,TNELEDS,TNE,5,KIRK2,Civil Item
20/03/2025,,1,KIRK2SCARE,KIRK2SCARE,TRCH,nan,RVSCIVAA,TRENCH RD X S/S VISUAL INSECTION,VICIVTC05,Do you want to report Trench or crossing?,TRENCH,nan,S-2620306,SRR-32811351,KIRK,TNELEDS,TNE,5,KIRK2,Civil Item
20/03/2025,,1,KIRK2SCARE,KIRK2SCARE,TRCH,nan,RVSCIVAA,TRENCH RD X S/S VISUAL INSECTION,VICIVTC05,Do you want to report Trench or crossing?,VEHICLE CROSSING,nan,S-2620310,SRR-32811359,KIRK,TNELEDS,TNE,5,KIRK2,Civil Item
20/03/2025,,1,KIRK1SCARE,KIRK1SCARE,TRCH,nan,RVSCIVAA,TRENCH RD X S/S VISUAL INSECTION,VICIVTC05,Do you want to report Trench or crossing?,VEHICLE CROSSING,nan,S-2620324,SRR-32811416,KIRK,TNELEDS,TNE,5,KIRK1,Civil Item
20/03/2025,1.0,4,KIRK2STECH,KIRK2STECH,GAN,nan,RVSGANAA,GANTRY S/S VISUAL INSPECTION,VICIVGA01,Do you want to report any condition deterioration of the asset?,YES,nan,S-2621338,SRR-32823825,KIRK,TNELEDS,TNE,11,KIRK2,Civil Item
20/03/2025,1.0,4,KIRK1STECH,KIRK1STECH,GAN,nan,RVSGANAA,GANTRY S/S VISUAL INSPECTION,VICIVGA01,Do you want to report any condition deterioration of the asset?,YES,nan,S-2621469,SRR-32824572,KIRK,TNELEDS,TNE,11,KIRK1,Civil Item
20/03/2025,,1,KIRK1SCARE,KIRK1SCARE,TRCH,nan,RVSCIVAA,TRENCH RD X S/S VISUAL INSECTION,VICIVTC05,Do you want to report Trench or crossing?,TRENCH,nan,S-2621473,SRR-32824589,KIRK,TNELEDS,TNE,5,KIRK1,Civil Item
20/03/2025,,1,KIRK2SCARE,KIRK2SCARE,TRCH,nan,RVSCIVAA,TRENCH RD X S/S VISUAL INSECTION,VICIVTC05,Do you want to report Trench or crossing?,TRENCH,nan,S-2621480,SRR-32824662,KIRK,TNELEDS,TNE,5,KIRK2,Civil Item
20/03/2025,,1,NEEP4SCARE,NEEP4SCARE,TRCH,nan,RVSCIVAA,TRENCH RD X S/S VISUAL INSECTION,VICIVTC05,Do you want to report Trench or crossing?,TRENCH,nan,S-2621515,SRR-32824931,NEEP,TNESHEF,TNE,5,NEEP4,Civil Item
20/03/2025,,1,NEEP2SCARE,NEEP2SCARE,TRCH,nan,RVSCIVAA,TRENCH RD X S/S VISUAL INSECTION,VICIVTC05,Do you want to report Trench or crossing?,TRENCH,nan,S-2621531,SRR-32825243,NEEP,TNESHEF,TNE,5,NEEP2,Civil Item
25/03/2025,1.0,4,PENN2STECH,PENN2STECH,GAN,nan,RVSGANAA,GANTRY S/S VISUAL INSPECTION,VICIVGA01,Do you want to report any condition deterioration of the asset?,YES,nan,S-2626421,SRR-32879373,PENN,TCNSTAF,TCN,11,PENN2,Civil Item
25/03/2025,,1,PENN2SCARE,PENN2SCARE,TRCH,nan,RVSCIVAA,TRENCH RD X S/S VISUAL INSECTION,VICIVTC05,Do you want to report Trench or crossing?,TRENCH,nan,S-2626446,SRR-32879569,PENN,TCNSTAF,TCN,5,PENN2,Civil Item
27/03/2025,,1,PENN2SCARE,PENN2SCARE,TRCH,nan,RVSCIVAA,TRENCH RD X S/S VISUAL INSECTION,VICIVTC05,Do you want to report Trench or crossing?,TRENCH,nan,S-2632088,SRR-32933173,PENN,TCNSTAF,TCN,5,PENN2,Civil Item
27/03/2025,,1,PENN2SCARE,PENN2SCARE,TRCH,nan,RVSCIVAA,TRENCH RD X S/S VISUAL INSECTION,VICIVTC05,Do you want to report Trench or crossing?,TRENCH,nan,S-2632091,SRR-32933183,PENN,TCNSTAF,TCN,5,PENN2,Civil Item
27/03/2025,,1,PENN2SCARE,PENN2SCARE,TRCH,nan,RVSCIVAA,TRENCH RD X S/S VISUAL INSECTION,VICIVTC05,Do you want to report Trench or crossing?,TRENCH,nan,S-2632094,SRR-32933196,PENN,TCNSTAF,TCN,5,PENN2,Civil Item
01/04/2025,,1,NORL2SCARE,NORL2SCARE,TRCH,nan,RVSCIVAA,TRENCH RD X S/S VISUAL INSECTION,VICIVTC05,Do you want to report Trench or crossing?,TRENCH,nan,S-2638186,SRR-32994156,NORL,TNESHEF,TNE,5,NORL2,Civil Item
01/04/2025,,1,SKLG2CSCARE,SKLG2CSCARE,TRCH,nan,RVSCIVAA,TRENCH RD X S/S VISUAL INSECTION,VICIVTC05,Do you want to report Trench or crossing?,TRENCH,nan,S-2638874,SRR-32999661,SKLG,TNELEDS,TNE,5,SKLG2,Civil Item
01/04/2025,,1,SKLG2CSCARE,SKLG2CSCARE,TRCH,nan,RVSCIVAA,TRENCH RD X S/S VISUAL INSECTION,VICIVTC05,Do you want to report Trench or crossing?,TRENCH,nan,S-2638874,SRR-32999664,SKLG,TNELEDS,TNE,5,SKLG2,Civil Item
01/04/2025,,1,SKLG2ASCARE,SKLG2ASCARE,TRCH,nan,RVSCIVAA,TRENCH RD X S/S VISUAL INSECTION,VICIVTC05,Do you want to report Trench or crossing?,TRENCH,nan,S-2639591,SRR-33006759,SKLG,TNELEDS,TNE,5,SKLG2,Civil Item
01/04/2025,,1,SKLG2ASCARE,SKLG2ASCARE,TRCH,nan,RVSCIVAA,TRENCH RD X S/S VISUAL INSECTION,VICIVTC05,Do you want to report Trench or crossing?,TRENCH,nan,S-2639591,SRR-33006762,SKLG,TNELEDS,TNE,5,SKLG2,Civil Item
03/04/2025,,1,SKLG2ASCARE,SKLG2ASCARE,TRCH,nan,RVSCIVAA,TRENCH RD X S/S VISUAL INSECTION,VICIVTC05,Do you want to report Trench or crossing?,TRENCH,nan,S-2646219,SRR-33080452,SKLG,TNELEDS,TNE,5,SKLG2,Civil Item
03/04/2025,,1,SKLG2ASCARE,SKLG2ASCARE,TRCH,nan,RVSCIVAA,TRENCH RD X S/S VISUAL INSECTION,VICIVTC05,Do you want to report Trench or crossing?,TRENCH,nan,S-2646226,SRR-33080493,SKLG,TNELEDS,TNE,5,SKLG2,Civil Item
03/04/2025,,1,SKLG2ASCARE,SKLG2ASCARE,TRCH,nan,RVSCIVAA,TRENCH RD X S/S VISUAL INSECTION,VICIVTC05,Do you want to report Trench or crossing?,TRENCH,nan,S-2646240,SRR-33080587,SKLG,TNELEDS,TNE,5,SKLG2,Civil Item
03/04/2025,,1,SKLG2CSCARE,SKLG2CSCARE,TRCH,nan,RVSCIVAA,TRENCH RD X S/S VISUAL INSECTION,VICIVTC05,Do you want to report Trench or crossing?,TRENCH,nan,S-2646322,SRR-33081340,SKLG,TNELEDS,TNE,5,SKLG2,Civil Item
03/04/2025,,1,SKLG2CSCARE,SKLG2CSCARE,TRCH,nan,RVSCIVAA,TRENCH RD X S/S VISUAL INSECTION,VICIVTC05,Do you want to report Trench or crossing?,TRENCH,nan,S-2646331,SRR-33081459,SKLG,TNELEDS,TNE,5,SKLG2,Civil Item
03/04/2025,,1,SKLG2CSCARE,SKLG2CSCARE,TRCH,nan,RVSCIVAA,TRENCH RD X S/S VISUAL INSECTION,VICIVTC05,Do you want to report Trench or crossing?,TRENCH,nan,S-2646338,SRR-33081530,SKLG,TNELEDS,TNE,5,SKLG2,Civil Item
03/04/2025,,1,SKLG1SCARE,SKLG1SCARE,TRCH,nan,RVSCIVAA,TRENCH RD X S/S VISUAL INSECTION,VICIVTC05,Do you want to report Trench or crossing?,TRENCH,nan,S-2646392,SRR-33082207,SKLG,TNELEDS,TNE,5,SKLG1,Civil Item
03/04/2025,,1,SKLG1SCARE,SKLG1SCARE,TRCH,nan,RVSCIVAA,TRENCH RD X S/S VISUAL INSECTION,VICIVTC05,Do you want to report Trench or crossing?,TRENCH,nan,S-2646397,SRR-33082250,SKLG,TNELEDS,TNE,5,SKLG1,Civil Item
03/04/2025,,1,SKLG1SCARE,SKLG1SCARE,TRCH,nan,RVSCIVAA,TRENCH RD X S/S VISUAL INSECTION,VICIVTC05,Do you want to report Trench or crossing?,TRENCH,nan,S-2646404,SRR-33082354,SKLG,TNELEDS,TNE,5,SKLG1,Civil Item
03/04/2025,,1,SKLG1SCARE,SKLG1SCARE,TRCH,nan,RVSCIVAA,TRENCH RD X S/S VISUAL INSECTION,VICIVTC05,Do you want to report Trench or crossing?,TRENCH,nan,S-2646408,SRR-33082383,SKLG,TNELEDS,TNE,5,SKLG1,Civil Item
03/04/2025,,1,NORL2SCARE,NORL2SCARE,TRCH,nan,RVSCIVAA,TRENCH RD X S/S VISUAL INSECTION,VICIVTC05,Do you want to report Trench or crossing?,TRENCH,nan,S-2646493,SRR-33083815,NORL,TNESHEF,TNE,5,NORL2,Civil Item
03/04/2025,,1,NORL2SCARE,NORL2SCARE,TRCH,nan,RVSCIVAA,TRENCH RD X S/S VISUAL INSECTION,VICIVTC05,Do you want to report Trench or crossing?,TRENCH,nan,S-2646511,SRR-33084292,NORL,TNESHEF,TNE,5,NORL2,Civil Item
03/04/2025,,1,NORL2SCARE,NORL2SCARE,TRCH,nan,RVSCIVAA,TRENCH RD X S/S VISUAL INSECTION,VICIVTC05,Do you want to report Trench or crossing?,TRENCH,nan,S-2646530,SRR-33084577,NORL,TNESHEF,TNE,5,NORL2,Civil Item
08/04/2025,,1,COTT4SCARE,COTT4SCARE,TRCH,nan,RVSCIVAA,TRENCH RD X S/S VISUAL INSECTION,VICIVTC05,Do you want to report Trench or crossing?,TRENCH,nan,S-2654094,SRR-33164222,COTT,TNETVAL,TNE,5,COTT4,Civil Item
08/04/2025,,1,COTT4SCARE,COTT4SCARE,TRCH,nan,RVSCIVAA,TRENCH RD X S/S VISUAL INSECTION,VICIVTC05,Do you want to report Trench or crossing?,TRENCH,nan,S-2654094,SRR-33164225,COTT,TNETVAL,TNE,5,COTT4,Civil Item
08/04/2025,,1,COTT4SCARE,COTT4SCARE,TRCH,nan,RVSCIVAA,TRENCH RD X S/S VISUAL INSECTION,VICIVTC05,Do you want to report Trench or crossing?,TRENCH,nan,S-2654094,SRR-33164228,COTT,TNETVAL,TNE,5,COTT4,Civil Item
08/04/2025,,1,COTT4SCARE,COTT4SCARE,TRCH,nan,RVSCIVAA,TRENCH RD X S/S VISUAL INSECTION,VICIVTC05,Do you want to report Trench or crossing?,TRENCH,nan,S-2654094,SRR-33164231,COTT,TNETVAL,TNE,5,COTT4,Civil Item
08/04/2025,,1,COTT4SCARE,COTT4SCARE,TRCH,nan,RVSCIVAA,TRENCH RD X S/S VISUAL INSECTION,VICIVTC05,Do you want to report Trench or crossing?,TRENCH,nan,S-2654094,SRR-33164234,COTT,TNETVAL,TNE,5,COTT4,Civil Item
08/04/2025,,1,COTT4SCARE,COTT4SCARE,TRCH,nan,RVSCIVAA,TRENCH RD X S/S VISUAL INSECTION,VICIVTC05,Do you want to report Trench or crossing?,TRENCH,nan,S-2654094,SRR-33164237,COTT,TNETVAL,TNE,5,COTT4,Civil Item
08/04/2025,,1,COTT4SCARE,COTT4SCARE,TRCH,nan,RVSCIVAA,TRENCH RD X S/S VISUAL INSECTION,VICIVTC05,Do you want to report Trench or crossing?,TRENCH,nan,S-2654094,SRR-33164240,COTT,TNETVAL,TNE,5,COTT4,Civil Item
08/04/2025,,1,COTT4SCARE,COTT4SCARE,TRCH,nan,RVSCIVAA,TRENCH RD X S/S VISUAL INSECTION,VICIVTC05,Do you want to report Trench or crossing?,TRENCH,nan,S-2654094,SRR-33164243,COTT,TNETVAL,TNE,5,COTT4,Civil Item
08/04/2025,,1,COTT4SCARE,COTT4SCARE,TRCH,nan,RVSCIVAA,TRENCH RD X S/S VISUAL INSECTION,VICIVTC05,Do you want to report Trench or crossing?,TRENCH,nan,S-2654094,SRR-33164246,COTT,TNETVAL,TNE,5,COTT4,Civil Item
08/04/2025,,1,COTT4SCARE,COTT4SCARE,TRCH,nan,RVSCIVAA,TRENCH RD X S/S VISUAL INSECTION,VICIVTC05,Do you want to report Trench or crossing?,TRENCH,nan,S-2654094,SRR-33164249,COTT,TNETVAL,TNE,5,COTT4,Civil Item
08/04/2025,,1,COTT4SCARE,COTT4SCARE,TRCH,nan,RVSCIVAA,TRENCH RD X S/S VISUAL INSECTION,VICIVTC05,Do you want to report Trench or crossing?,TRENCH,nan,S-2654094,SRR-33164252,COTT,TNETVAL,TNE,5,COTT4,Civil Item
08/04/2025,,1,COTT4SCARE,COTT4SCARE,TRCH,nan,RVSCIVAA,TRENCH RD X S/S VISUAL INSECTION,VICIVTC05,Do you want to report Trench or crossing?,TRENCH,nan,S-2654094,SRR-33164255,COTT,TNETVAL,TNE,5,COTT4,Civil Item
08/04/2025,,1,COTT4SCARE,COTT4SCARE,TRCH,nan,RVSCIVAA,TRENCH RD X S/S VISUAL INSECTION,VICIVTC05,Do you want to report Trench or crossing?,TRENCH,nan,S-2654094,SRR-33164258,COTT,TNETVAL,TNE,5,COTT4,Civil Item
08/04/2025,,1,COTT4SCARE,COTT4SCARE,TRCH,nan,RVSCIVAA,TRENCH RD X S/S VISUAL INSECTION,VICIVTC05,Do you want to report Trench or crossing?,TRENCH,nan,S-2654094,SRR-33164261,COTT,TNETVAL,TNE,5,COTT4,Civil Item
08/04/2025,,1,COTT4SCARE,COTT4SCARE,TRCH,nan,RVSCIVAA,TRENCH RD X S/S VISUAL INSECTION,VICIVTC05,Do you want to report Trench or crossing?,TRENCH,nan,S-2654094,SRR-33164264,COTT,TNETVAL,TNE,5,COTT4,Civil Item
08/04/2025,,1,COTT4SCARE,COTT4SCARE,TRCH,nan,RVSCIVAA,TRENCH RD X S/S VISUAL INSECTION,VICIVTC05,Do you want to report Trench or crossing?,TRENCH,nan,S-2654094,SRR-33164267,COTT,TNETVAL,TNE,5,COTT4,Civil Item
08/04/2025,,1,COTT4SCARE,COTT4SCARE,TRCH,nan,RVSCIVAA,TRENCH RD X S/S VISUAL INSECTION,VICIVTC05,Do you want to report Trench or crossing?,TRENCH,nan,S-2654094,SRR-33164270,COTT,TNETVAL,TNE,5,COTT4,Civil Item
08/04/2025,,1,COTT4SCARE,COTT4SCARE,TRCH,nan,RVSCIVAA,TRENCH RD X S/S VISUAL INSECTION,VICIVTC05,Do you want to report Trench or crossing?,TRENCH,nan,S-2654094,SRR-33164273,COTT,TNETVAL,TNE,5,COTT4,Civil Item
08/04/2025,,1,COTT4SCARE,COTT4SCARE,TRCH,nan,RVSCIVAA,TRENCH RD X S/S VISUAL INSECTION,VICIVTC05,Do you want to report Trench or crossing?,TRENCH,nan,S-2654094,SRR-33164276,COTT,TNETVAL,TNE,5,COTT4,Civil Item
08/04/2025,,1,COTT4SCARE,COTT4SCARE,TRCH,nan,RVSCIVAA,TRENCH RD X S/S VISUAL INSECTION,VICIVTC05,Do you want to report Trench or crossing?,TRENCH,nan,S-2654094,SRR-33164279,COTT,TNETVAL,TNE,5,COTT4,Civil Item
08/04/2025,,1,COTT4SCARE,COTT4SCARE,TRCH,nan,RVSCIVAA,TRENCH RD X S/S VISUAL INSECTION,VICIVTC05,Do you want to report Trench or crossing?,TRENCH,nan,S-2654094,SRR-33164282,COTT,TNETVAL,TNE,5,COTT4,Civil Item
08/04/2025,1.0,4,COTT4STECH,COTT4STECH,GAN,nan,RVSGANAA,GANTRY S/S VISUAL INSPECTION,VICIVGA01,Do you want to report any condition deterioration of the asset?,YES,nan,S-2655649,SRR-33177420,COTT,TNETVAL,TNE,11,COTT4,Civil Item
15/04/2025,,1,WIBA2SCARE,WIBA2SCARE,TRCH,nan,RVSCIVAA,TRENCH RD X S/S VISUAL INSECTION,VICIVTC05,Do you want to report Trench or crossing?,TRENCH,nan,S-2668261,SRR-33293847,WIBA,TNESHEF,TNE,5,WIBA2,Civil Item
15/04/2025,,1,COTT4SCARE,COTT4SCARE,TRCH,nan,RVSCIVAA,TRENCH RD X S/S VISUAL INSECTION,VICIVTC05,Do you want to report Trench or crossing?,TRENCH,nan,S-2669883,SRR-33308659,COTT,TNETVAL,TNE,5,COTT4,Civil Item
15/04/2025,,1,COTT4SCARE,COTT4SCARE,TRCH,nan,RVSCIVAA,TRENCH RD X S/S VISUAL INSECTION,VICIVTC05,Do you want to report Trench or crossing?,TRENCH,nan,S-2669891,SRR-33308784,COTT,TNETVAL,TNE,5,COTT4,Civil Item
15/04/2025,,1,COTT4SCARE,COTT4SCARE,TRCH,nan,RVSCIVAA,TRENCH RD X S/S VISUAL INSECTION,VICIVTC05,Do you want to report Trench or crossing?,TRENCH,nan,S-2669901,SRR-33308962,COTT,TNETVAL,TNE,5,COTT4,Civil Item
15/04/2025,,1,SWAN2SCARE,SWAN2SCARE,TRCH,nan,RVSCIVAA,TRENCH RD X S/S VISUAL INSECTION,VICIVTC05,Do you want to report Trench or crossing?,TRENCH,nan,S-2670012,SRR-33310242,SWAN,TSWSWAW,TSW,5,SWAN2,Civil Item
15/04/2025,,1,SWAN2SCARE,SWAN2SCARE,TRCH,nan,RVSCIVAA,TRENCH RD X S/S VISUAL INSECTION,VICIVTC05,Do you want to report Trench or crossing?,TRENCH,nan,S-2670024,SRR-33310322,SWAN,TSWSWAW,TSW,5,SWAN2,Civil Item
15/04/2025,,1,SWAN2SCARE,SWAN2SCARE,TRCH,nan,RVSCIVAA,TRENCH RD X S/S VISUAL INSECTION,VICIVTC05,Do you want to report Trench or crossing?,TRENCH,nan,S-2670049,SRR-33310502,SWAN,TSWSWAW,TSW,5,SWAN2,Civil Item
15/04/2025,,1,SWAN2SCARE,SWAN2SCARE,TRCH,nan,RVSCIVAA,TRENCH RD X S/S VISUAL INSECTION,VICIVTC05,Do you want to report Trench or crossing?,TRENCH,nan,S-2670060,SRR-33310563,SWAN,TSWSWAW,TSW,5,SWAN2,Civil Item
15/04/2025,,1,SWAN4BSCARE,SWAN4BSCARE,TRCH,nan,RVSCIVAA,TRENCH RD X S/S VISUAL INSECTION,VICIVTC05,Do you want to report Trench or crossing?,TRENCH,nan,S-2670132,SRR-33311334,SWAN,TSWSWAW,TSW,5,SWAN4,Civil Item
15/04/2025,,1,SWAN4BSCARE,SWAN4BSCARE,TRCH,nan,RVSCIVAA,TRENCH RD X S/S VISUAL INSECTION,VICIVTC05,Do you want to report Trench or crossing?,TRENCH,nan,S-2670137,SRR-33311363,SWAN,TSWSWAW,TSW,5,SWAN4,Civil Item
15/04/2025,,1,SWAN4BSCARE,SWAN4BSCARE,TRCH,nan,RVSCIVAA,TRENCH RD X S/S VISUAL INSECTION,VICIVTC05,Do you want to report Trench or crossing?,TRENCH,nan,S-2670140,SRR-33311390,SWAN,TSWSWAW,TSW,5,SWAN4,Civil Item
15/04/2025,,1,SWAN4BSCARE,SWAN4BSCARE,TRCH,nan,RVSCIVAA,TRENCH RD X S/S VISUAL INSECTION,VICIVTC05,Do you want to report Trench or crossing?,TRENCH,nan,S-2670144,SRR-33311432,SWAN,TSWSWAW,TSW,5,SWAN4,Civil Item
17/04/2025,,1,WIBA2SCARE,WIBA2SCARE,TRCH,nan,RVSCIVAA,TRENCH RD X S/S VISUAL INSECTION,VICIVTC05,Do you want to report Trench or crossing?,TRENCH,nan,S-2678033,SRR-33378753,WIBA,TNESHEF,TNE,5,WIBA2,Civil Item
17/04/2025,,1,WIBA2SCARE,WIBA2SCARE,TRCH,nan,RVSCIVAA,TRENCH RD X S/S VISUAL INSECTION,VICIVTC05,Do you want to report Trench or crossing?,TRENCH,nan,S-2678038,SRR-33378788,WIBA,TNESHEF,TNE,5,WIBA2,Civil Item
17/04/2025,,1,WIBA2SCARE,WIBA2SCARE,TRCH,nan,RVSCIVAA,TRENCH RD X S/S VISUAL INSECTION,VICIVTC05,Do you want to report Trench or crossing?,TRENCH,nan,S-2678043,SRR-33378819,WIBA,TNESHEF,TNE,5,WIBA2,Civil Item
28/04/2025,,1,AMEM4SCARE,AMEM4SCARE,TRCH,nan,RVSCIVAA,TRENCH RD X S/S VISUAL INSECTION,VICIVTC05,Do you want to report Trench or crossing?,TRENCH,nan,S-2689033,SRR-33518726,AMEM,TLNNWST,TLN,5,AMEM4,Civil Item
28/04/2025,,1,AMEM4SCARE,AMEM4SCARE,TRCH,nan,RVSCIVAA,TRENCH RD X S/S VISUAL INSECTION,VICIVTC05,Do you want to report Trench or crossing?,TRENCH,nan,S-2689033,SRR-33518729,AMEM,TLNNWST,TLN,5,AMEM4,Civil Item
28/04/2025,,1,AMEM4SCARE,AMEM4SCARE,TRCH,nan,RVSCIVAA,TRENCH RD X S/S VISUAL INSECTION,VICIVTC05,Do you want to report Trench or crossing?,TRENCH,nan,S-2689033,SRR-33518732,AMEM,TLNNWST,TLN,5,AMEM4,Civil Item
28/04/2025,,1,AMEM4SCARE,AMEM4SCARE,TRCH,nan,RVSCIVAA,TRENCH RD X S/S VISUAL INSECTION,VICIVTC05,Do you want to report Trench or crossing?,TRENCH,nan,S-2689033,SRR-33518735,AMEM,TLNNWST,TLN,5,AMEM4,Civil Item
28/04/2025,,1,AMEM4SCARE,AMEM4SCARE,TRCH,nan,RVSCIVAA,TRENCH RD X S/S VISUAL INSECTION,VICIVTC05,Do you want to report Trench or crossing?,TRENCH,nan,S-2689033,SRR-33518738,AMEM,TLNNWST,TLN,5,AMEM4,Civil Item
28/04/2025,,1,AMEM4SCARE,AMEM4SCARE,TRCH,nan,RVSCIVAA,TRENCH RD X S/S VISUAL INSECTION,VICIVTC05,Do you want to report Trench or crossing?,TRENCH,nan,S-2689033,SRR-33518741,AMEM,TLNNWST,TLN,5,AMEM4,Civil Item
28/04/2025,,1,AMEM4SCARE,AMEM4SCARE,TRCH,nan,RVSCIVAA,TRENCH RD X S/S VISUAL INSECTION,VICIVTC05,Do you want to report Trench or crossing?,TRENCH,nan,S-2689033,SRR-33518744,AMEM,TLNNWST,TLN,5,AMEM4,Civil Item
28/04/2025,,1,AMEM4SCARE,AMEM4SCARE,TRCH,nan,RVSCIVAA,TRENCH RD X S/S VISUAL INSECTION,VICIVTC05,Do you want to report Trench or crossing?,TRENCH,nan,S-2689033,SRR-33518747,AMEM,TLNNWST,TLN,5,AMEM4,Civil Item
28/04/2025,,1,AMEM4SCARE,AMEM4SCARE,TRCH,nan,RVSCIVAA,TRENCH RD X S/S VISUAL INSECTION,VICIVTC05,Do you want to report Trench or crossing?,TRENCH,nan,S-2689033,SRR-33518750,AMEM,TLNNWST,TLN,5,AMEM4,Civil Item
28/04/2025,,1,AMEM4SCARE,AMEM4SCARE,TRCH,nan,RVSCIVAA,TRENCH RD X S/S VISUAL INSECTION,VICIVTC05,Do you want to report Trench or crossing?,TRENCH,nan,S-2689033,SRR-33518753,AMEM,TLNNWST,TLN,5,AMEM4,Civil Item
28/04/2025,,1,AMEM4SCARE,AMEM4SCARE,TRCH,nan,RVSCIVAA,TRENCH RD X S/S VISUAL INSECTION,VICIVTC05,Do you want to report Trench or crossing?,TRENCH,nan,S-2689033,SRR-33518756,AMEM,TLNNWST,TLN,5,AMEM4,Civil Item
28/04/2025,1.0,4,AMEM4STECH,AMEM4STECH,GAN,nan,RVSGANAA,GANTRY S/S VISUAL INSPECTION,VICIVGA01,Do you want to report any condition deterioration of the asset?,YES,nan,S-2689143,SRR-33519986,AMEM,TLNNWST,TLN,11,AMEM4,Civil Item
28/04/2025,1.0,4,AMEM1STECH,AMEM1STECH,GAN,nan,RVSGANAA,GANTRY S/S VISUAL INSPECTION,VICIVGA01,Do you want to report any condition deterioration of the asset?,YES,nan,S-2689165,SRR-33520203,AMEM,TLNNWST,TLN,11,AMEM1,Civil Item
01/05/2025,1.0,4,STSB4STECH,STSB4STECH,GAN,nan,RVSGANAA,GANTRY S/S VISUAL INSPECTION,VICIVGA01,Do you want to report any condition deterioration of the asset?,YES,nan,S-2699711,SRR-33624779,STSB,TNESHEF,TNE,11,STSB4,Civil Item
01/05/2025,,1,STSB4SCARE,STSB4SCARE,TRCH,nan,RVSCIVAA,TRENCH RD X S/S VISUAL INSECTION,VICIVTC05,Do you want to report Trench or crossing?,TRENCH,nan,S-2699718,SRR-33624826,STSB,TNESHEF,TNE,5,STSB4,Civil Item
12/05/2025,1.0,4,CAPE4STECH,CAPE4STECH,GAN,nan,RVSGANAA,GANTRY S/S VISUAL INSPECTION,VICIVGA01,Do you want to report any condition deterioration of the asset?,YES,nan,S-2716250,SRR-33812725,CAPE,TNWCHIR,TNW,11,CAPE4,Civil Item
12/05/2025,1.0,4,CAPE2STECH,CAPE2STECH,GAN,nan,RVSGANAA,GANTRY S/S VISUAL INSPECTION,VICIVGA01,Do you want to report any condition deterioration of the asset?,YES,nan,S-2717076,SRR-33824090,CAPE,TNWCHIR,TNW,11,CAPE2,Civil Item
13/05/2025,1.0,4,STAH4STECH,STAH4STECH,GAN,nan,RVSGANAA,GANTRY S/S VISUAL INSPECTION,VICIVGA01,Do you want to report any condition deterioration of the asset?,YES,nan,S-2718504,SRR-33842291,STAH,TNWLANS,TNW,11,STAH4,Civil Item
13/05/2025,,1,STAH4SCARE,STAH4SCARE,TRCH,nan,RVSCIVAA,TRENCH RD X S/S VISUAL INSECTION,VICIVTC05,Do you want to report Trench or crossing?,TRENCH,nan,S-2718570,SRR-33843301,STAH,TNWLANS,TNW,5,STAH4,Civil Item
13/05/2025,,1,STAH4SCARE,STAH4SCARE,TRCH,nan,RVSCIVAA,TRENCH RD X S/S VISUAL INSECTION,VICIVTC05,Do you want to report Trench or crossing?,TRENCH,nan,S-2718570,SRR-33843304,STAH,TNWLANS,TNW,5,STAH4,Civil Item
13/05/2025,,1,STAH4SCARE,STAH4SCARE,TRCH,nan,RVSCIVAA,TRENCH RD X S/S VISUAL INSECTION,VICIVTC05,Do you want to report Trench or crossing?,TRENCH,nan,S-2718570,SRR-33843307,STAH,TNWLANS,TNW,5,STAH4,Civil Item
13/05/2025,,1,STAH4SCARE,STAH4SCARE,TRCH,nan,RVSCIVAA,TRENCH RD X S/S VISUAL INSECTION,VICIVTC05,Do you want to report Trench or crossing?,TRENCH,nan,S-2718570,SRR-33843310,STAH,TNWLANS,TNW,5,STAH4,Civil Item
13/05/2025,,1,STAH4SCARE,STAH4SCARE,TRCH,nan,RVSCIVAA,TRENCH RD X S/S VISUAL INSECTION,VICIVTC05,Do you want to report Trench or crossing?,TRENCH,nan,S-2718570,SRR-33843313,STAH,TNWLANS,TNW,5,STAH4,Civil Item
13/05/2025,,1,STAH4SCARE,STAH4SCARE,TRCH,nan,RVSCIVAA,TRENCH RD X S/S VISUAL INSECTION,VICIVTC05,Do you want to report Trench or crossing?,TRENCH,nan,S-2718570,SRR-33843316,STAH,TNWLANS,TNW,5,STAH4,Civil Item
13/05/2025,,1,STAH4SCARE,STAH4SCARE,TRCH,nan,RVSCIVAA,TRENCH RD X S/S VISUAL INSECTION,VICIVTC05,Do you want to report Trench or crossing?,TRENCH,nan,S-2718570,SRR-33843319,STAH,TNWLANS,TNW,5,STAH4,Civil Item
13/05/2025,,1,STAH4SCARE,STAH4SCARE,TRCH,nan,RVSCIVAA,TRENCH RD X S/S VISUAL INSECTION,VICIVTC05,Do you want to report Trench or crossing?,TRENCH,nan,S-2718570,SRR-33843322,STAH,TNWLANS,TNW,5,STAH4,Civil Item
13/05/2025,,1,STAH4SCARE,STAH4SCARE,TRCH,nan,RVSCIVAA,TRENCH RD X S/S VISUAL INSECTION,VICIVTC05,Do you want to report Trench or crossing?,TRENCH,nan,S-2718570,SRR-33843325,STAH,TNWLANS,TNW,5,STAH4,Civil Item
13/05/2025,,1,STAH4SCARE,STAH4SCARE,TRCH,nan,RVSCIVAA,TRENCH RD X S/S VISUAL INSECTION,VICIVTC05,Do you want to report Trench or crossing?,TRENCH,nan,S-2718570,SRR-33843328,STAH,TNWLANS,TNW,5,STAH4,Civil Item
13/05/2025,,1,STAH4SCARE,STAH4SCARE,TRCH,nan,RVSCIVAA,TRENCH RD X S/S VISUAL INSECTION,VICIVTC05,Do you want to report Trench or crossing?,TRENCH,nan,S-2718570,SRR-33843331,STAH,TNWLANS,TNW,5,STAH4,Civil Item
13/05/2025,,1,STAH4SCARE,STAH4SCARE,TRCH,nan,RVSCIVAA,TRENCH RD X S/S VISUAL INSECTION,VICIVTC05,Do you want to report Trench or crossing?,TRENCH,nan,S-2718570,SRR-33843334,STAH,TNWLANS,TNW,5,STAH4,Civil Item
13/05/2025,,1,STAH4SCARE,STAH4SCARE,TRCH,nan,RVSCIVAA,TRENCH RD X S/S VISUAL INSECTION,VICIVTC05,Do you want to report Trench or crossing?,TRENCH,nan,S-2718570,SRR-33843337,STAH,TNWLANS,TNW,5,STAH4,Civil Item
13/05/2025,,1,STAH1SCARE,STAH1SCARE,TRCH,nan,RVSCIVAA,TRENCH RD X S/S VISUAL INSECTION,VICIVTC05,Do you want to report Trench or crossing?,TRENCH,nan,S-2718993,SRR-33848099,STAH,TNWLANS,TNW,5,STAH1,Civil Item
13/05/2025,1.0,4,STAH1STECH,STAH1STECH,GAN,nan,RVSGANAA,GANTRY S/S VISUAL INSPECTION,VICIVGA01,Do you want to report any condition deterioration of the asset?,YES,nan,S-2719018,SRR-33848359,STAH,TNWLANS,TNW,11,STAH1,Civil Item
14/05/2025,0.0,4,CAPE2STECH,CAPE2STECH,GAN,nan,RVSGANAA,GANTRY S/S VISUAL INSPECTION,VICIVGA01,Do you want to report any condition deterioration of the asset?,NO,nan,S-2719565,SRR-33859465,CAPE,TNWCHIR,TNW,11,CAPE2,Civil Item
14/05/2025,0.0,4,CAPE4STECH,CAPE4STECH,GAN,nan,RVSGANAA,GANTRY S/S VISUAL INSPECTION,VICIVGA01,Do you want to report any condition deterioration of the asset?,NO,nan,S-2719566,SRR-33859469,CAPE,TNWCHIR,TNW,11,CAPE4,Civil Item
14/05/2025,0.0,4,CAPE1ASTECH,CAPE1ASTECH,GAN,nan,RVSGANAA,GANTRY S/S VISUAL INSPECTION,VICIVGA01,Do you want to report any condition deterioration of the asset?,NO,nan,S-2719569,SRR-33859483,CAPE,TNWCHIR,TNW,11,CAPE1,Civil Item
14/05/2025,,1,CAPE2SCARE,CAPE2SCARE,TRCH,nan,RVSCIVAA,TRENCH RD X S/S VISUAL INSECTION,VICIVTC05,Do you want to report Trench or crossing?,TRENCH,nan,S-2719578,SRR-33859519,CAPE,TNWCHIR,TNW,5,CAPE2,Civil Item
14/05/2025,,1,CAPE1ASCARE,CAPE1ASCARE,TRCH,nan,RVSCIVAA,TRENCH RD X S/S VISUAL INSECTION,VICIVTC05,Do you want to report Trench or crossing?,TRENCH,nan,S-2719596,SRR-33859588,CAPE,TNWCHIR,TNW,5,CAPE1,Civil Item
14/05/2025,0.0,4,GREN4STECH,GREN4STECH,GAN,nan,RVSGANAA,GANTRY S/S VISUAL INSPECTION,VICIVGA01,Do you want to report any condition deterioration of the asset?,NO,nan,S-2720853,SRR-33875964,GREN,TCNWANG,TCN,11,GREN4,Civil Item
15/05/2025,,1,WASF2SCARE,WASF2SCARE,TRCH,nan,RVSCIVAA,TRENCH RD X S/S VISUAL INSECTION,VICIVTC05,Do you want to report Trench or crossing?,TRENCH,nan,S-2721948,SRR-33889626,WASF,TNWMERS,TNW,5,WASF2,Civil Item
15/05/2025,1.0,4,WASF2STECH,WASF2STECH,GAN,nan,RVSGANAA,GANTRY S/S VISUAL INSPECTION,VICIVGA01,Do you want to report any condition deterioration of the asset?,YES,nan,S-2722084,SRR-33890837,WASF,TNWMERS,TNW,11,WASF2,Civil Item
19/05/2025,0.0,4,SAES2STECH,SAES2STECH,GAN,nan,RVSGANAA,GANTRY S/S VISUAL INSPECTION,VICIVGA01,Do you want to report any condition deterioration of the asset?,NO,nan,S-2725662,SRR-33950920,SAES,TNENHUM,TNE,11,SAES2,Civil Item
19/05/2025,0.0,4,SAES2STECH,SAES2STECH,GAN,nan,RVSGANAA,GANTRY S/S VISUAL INSPECTION,VICIVGA01,Do you want to report any condition deterioration of the asset?,NO,nan,S-2725663,SRR-33950924,SAES,TNENHUM,TNE,11,SAES2,Civil Item
19/05/2025,,1,SAES2SCARE,SAES2SCARE,TRCH,nan,RVSCIVAA,TRENCH RD X S/S VISUAL INSECTION,VICIVTC05,Do you want to report Trench or crossing?,TRENCH,nan,S-2726828,SRR-33962240,SAES,TNENHUM,TNE,5,SAES2,Civil Item
19/05/2025,1.0,4,SAES2STECH,SAES2STECH,GAN,nan,RVSGANAA,GANTRY S/S VISUAL INSPECTION,VICIVGA01,Do you want to report any condition deterioration of the asset?,YES,nan,S-2727121,SRR-33965729,SAES,TNENHUM,TNE,11,SAES2,Civil Item
19/05/2025,,1,SAES2SCARE,SAES2SCARE,TRCH,nan,RVSCIVAA,TRENCH RD X S/S VISUAL INSECTION,VICIVTC05,Do you want to report Trench or crossing?,TRENCH,nan,S-2727619,SRR-33969558,SAES,TNENHUM,TNE,5,SAES2,Civil Item
19/05/2025,,1,SAES2SCARE,SAES2SCARE,TRCH,nan,RVSCIVAA,TRENCH RD X S/S VISUAL INSECTION,VICIVTC05,Do you want to report Trench or crossing?,TRENCH,nan,S-2727621,SRR-33969563,SAES,TNENHUM,TNE,5,SAES2,Civil Item
19/05/2025,,1,SAES2SCARE,SAES2SCARE,TRCH,nan,RVSCIVAA,TRENCH RD X S/S VISUAL INSECTION,VICIVTC05,Do you want to report Trench or crossing?,TRENCH,nan,S-2727623,SRR-33969568,SAES,TNENHUM,TNE,5,SAES2,Civil Item
21/05/2025,1.0,4,RAYL4STECH,RAYL4STECH,GAN,nan,RVSGANAA,GANTRY S/S VISUAL INSPECTION,VICIVGA01,Do you want to report any condition deterioration of the asset?,YES,nan,S-2730887,SRR-34022584,RAYL,TCNESSX,TCN,11,RAYL4,Civil Item
21/05/2025,,1,RAYL4SCARE,RAYL4SCARE,TRCH,nan,RVSCIVAA,TRENCH RD X S/S VISUAL INSECTION,VICIVTC05,Do you want to report Trench or crossing?,TRENCH,nan,S-2731152,SRR-34027487,RAYL,TCNESSX,TCN,5,RAYL4,Civil Item
21/05/2025,,1,RAYL4SCARE,RAYL4SCARE,TRCH,nan,RVSCIVAA,TRENCH RD X S/S VISUAL INSECTION,VICIVTC05,Do you want to report Trench or crossing?,TRENCH,nan,S-2731154,SRR-34027492,RAYL,TCNESSX,TCN,5,RAYL4,Civil Item
21/05/2025,,1,RAYL4SCARE,RAYL4SCARE,TRCH,nan,RVSCIVAA,TRENCH RD X S/S VISUAL INSECTION,VICIVTC05,Do you want to report Trench or crossing?,TRENCH,nan,S-2731157,SRR-34027525,RAYL,TCNESSX,TCN,5,RAYL4,Civil Item
21/05/2025,,1,STAH4SCARE,STAH4SCARE,TRCH,nan,RVSCIVAA,TRENCH RD X S/S VISUAL INSECTION,VICIVTC05,Do you want to report Trench or crossing?,TRENCH,nan,S-2731182,SRR-34027772,STAH,TNWLANS,TNW,5,STAH4,Civil Item
21/05/2025,,1,STAH4SCARE,STAH4SCARE,TRCH,nan,RVSCIVAA,TRENCH RD X S/S VISUAL INSECTION,VICIVTC05,Do you want to report Trench or crossing?,TRENCH,nan,S-2731186,SRR-34027786,STAH,TNWLANS,TNW,5,STAH4,Civil Item
21/05/2025,,1,STAH4SCARE,STAH4SCARE,TRCH,nan,RVSCIVAA,TRENCH RD X S/S VISUAL INSECTION,VICIVTC05,Do you want to report Trench or crossing?,TRENCH,nan,S-2731196,SRR-34027871,STAH,TNWLANS,TNW,5,STAH4,Civil Item
21/05/2025,,1,CAPE2SCARE,CAPE2SCARE,TRCH,nan,RVSCIVAA,TRENCH RD X S/S VISUAL INSECTION,VICIVTC05,Do you want to report Trench or crossing?,TRENCH,nan,S-2731240,SRR-34028154,CAPE,TNWCHIR,TNW,5,CAPE2,Civil Item
21/05/2025,,1,CAPE2SCARE,CAPE2SCARE,TRCH,nan,RVSCIVAA,TRENCH RD X S/S VISUAL INSECTION,VICIVTC05,Do you want to report Trench or crossing?,TRENCH,nan,S-2731246,SRR-34028199,CAPE,TNWCHIR,TNW,5,CAPE2,Civil Item
21/05/2025,,1,STAH1SCARE,STAH1SCARE,TRCH,nan,RVSCIVAA,TRENCH RD X S/S VISUAL INSECTION,VICIVTC05,Do you want to report Trench or crossing?,TRENCH,nan,S-2731252,SRR-34028305,STAH,TNWLANS,TNW,5,STAH1,Civil Item
21/05/2025,,1,STAH1SCARE,STAH1SCARE,TRCH,nan,RVSCIVAA,TRENCH RD X S/S VISUAL INSECTION,VICIVTC05,Do you want to report Trench or crossing?,TRENCH,nan,S-2731254,SRR-34028310,STAH,TNWLANS,TNW,5,STAH1,Civil Item
21/05/2025,,1,STAH1SCARE,STAH1SCARE,TRCH,nan,RVSCIVAA,TRENCH RD X S/S VISUAL INSECTION,VICIVTC05,Do you want to report Trench or crossing?,TRENCH,nan,S-2731256,SRR-34028315,STAH,TNWLANS,TNW,5,STAH1,Civil Item
21/05/2025,,1,WASF2SCARE,WASF2SCARE,TRCH,nan,RVSCIVAA,TRENCH RD X S/S VISUAL INSECTION,VICIVTC05,Do you want to report Trench or crossing?,TRENCH,nan,S-2731261,SRR-34028353,WASF,TNWMERS,TNW,5,WASF2,Civil Item
21/05/2025,,1,WASF2SCARE,WASF2SCARE,TRCH,nan,RVSCIVAA,TRENCH RD X S/S VISUAL INSECTION,VICIVTC05,Do you want to report Trench or crossing?,TRENCH,nan,S-2731264,SRR-34028369,WASF,TNWMERS,TNW,5,WASF2,Civil Item
21/05/2025,,1,WASF2SCARE,WASF2SCARE,TRCH,nan,RVSCIVAA,TRENCH RD X S/S VISUAL INSECTION,VICIVTC05,Do you want to report Trench or crossing?,TRENCH,nan,S-2731266,SRR-34028374,WASF,TNWMERS,TNW,5,WASF2,Civil Item
21/05/2025,,1,GREN4SCARE,GREN4SCARE,TRCH,nan,RVSCIVAA,TRENCH RD X S/S VISUAL INSECTION,VICIVTC05,Do you want to report Trench or crossing?,TRENCH,nan,S-2731273,SRR-34028384,GREN,TCNWANG,TCN,5,GREN4,Civil Item
21/05/2025,,1,GREN4SCARE,GREN4SCARE,TRCH,nan,RVSCIVAA,TRENCH RD X S/S VISUAL INSECTION,VICIVTC05,Do you want to report Trench or crossing?,TRENCH,nan,S-2731275,SRR-34028389,GREN,TCNWANG,TCN,5,GREN4,Civil Item
21/05/2025,,1,GREN4SCARE,GREN4SCARE,TRCH,nan,RVSCIVAA,TRENCH RD X S/S VISUAL INSECTION,VICIVTC05,Do you want to report Trench or crossing?,TRENCH,nan,S-2731277,SRR-34028394,GREN,TCNWANG,TCN,5,GREN4,Civil Item
21/05/2025,,1,GREN4SCARE,GREN4SCARE,TRCH,nan,RVSCIVAA,TRENCH RD X S/S VISUAL INSECTION,VICIVTC05,Do you want to report Trench or crossing?,TRENCH,nan,S-2731281,SRR-34028403,GREN,TCNWANG,TCN,5,GREN4,Civil Item
21/05/2025,,1,GREN1SCARE,GREN1SCARE,TRCH,nan,RVSCIVAA,TRENCH RD X S/S VISUAL INSECTION,VICIVTC05,Do you want to report Trench or crossing?,TRENCH,nan,S-2731328,SRR-34029256,GREN,TCNWANG,TCN,5,GREN1,Civil Item
21/05/2025,,1,GREN1SCARE,GREN1SCARE,TRCH,nan,RVSCIVAA,TRENCH RD X S/S VISUAL INSECTION,VICIVTC05,Do you want to report Trench or crossing?,TRENCH,nan,S-2731331,SRR-34029315,GREN,TCNWANG,TCN,5,GREN1,Civil Item
21/05/2025,,1,GREN1SCARE,GREN1SCARE,TRCH,nan,RVSCIVAA,TRENCH RD X S/S VISUAL INSECTION,VICIVTC05,Do you want to report Trench or crossing?,TRENCH,nan,S-2731337,SRR-34029530,GREN,TCNWANG,TCN,5,GREN1,Civil Item
21/05/2025,,1,GREN1SCARE,GREN1SCARE,TRCH,nan,RVSCIVAA,TRENCH RD X S/S VISUAL INSECTION,VICIVTC05,Do you want to report Trench or crossing?,TRENCH,nan,S-2731340,SRR-34029537,GREN,TCNWANG,TCN,5,GREN1,Civil Item
21/05/2025,,1,RAYL4SCARE,RAYL4SCARE,TRCH,nan,RVSCIVAA,TRENCH RD X S/S VISUAL INSECTION,VICIVTC05,Do you want to report Trench or crossing?,TRENCH,nan,S-2731696,SRR-34034220,RAYL,TCNESSX,TCN,5,RAYL4,Civil Item
21/05/2025,,1,RAYL4SCARE,RAYL4SCARE,TRCH,nan,RVSCIVAA,TRENCH RD X S/S VISUAL INSECTION,VICIVTC05,Do you want to report Trench or crossing?,TRENCH,nan,S-2731696,SRR-34034223,RAYL,TCNESSX,TCN,5,RAYL4,Civil Item
21/05/2025,,1,CAPE2SCARE,CAPE2SCARE,TRCH,nan,RVSCIVAA,TRENCH RD X S/S VISUAL INSECTION,VICIVTC05,Do you want to report Trench or crossing?,TRENCH,nan,S-2731718,SRR-34034394,CAPE,TNWCHIR,TNW,5,CAPE2,Civil Item
03/06/2025,1.0,4,OFFE2STECH,OFFE2STECH,GAN,nan,RVSGANAA,GANTRY S/S VISUAL INSPECTION,VICIVGA01,Do you want to report any condition deterioration of the asset?,YES,nan,S-2748836,SRR-34251474,OFFE,TNEWEAR,TNE,11,OFFE2,Civil Item
03/06/2025,,1,OFFE2SCARE,OFFE2SCARE,TRCH,nan,RVSCIVAA,TRENCH RD X S/S VISUAL INSECTION,VICIVTC05,Do you want to report Trench or crossing?,TRENCH,nan,S-2748921,SRR-34252382,OFFE,TNEWEAR,TNE,5,OFFE2,Civil Item
03/06/2025,,1,OFFE2SCARE,OFFE2SCARE,TRCH,nan,RVSCIVAA,TRENCH RD X S/S VISUAL INSECTION,VICIVTC05,Do you want to report Trench or crossing?,TRENCH,nan,S-2748921,SRR-34252385,OFFE,TNEWEAR,TNE,5,OFFE2,Civil Item
11/06/2025,,1,CAPE1ASCARE,CAPE1ASCARE,TRCH,nan,RVSCIVAA,TRENCH RD X S/S VISUAL INSECTION,VICIVTC05,Do you want to report Trench or crossing?,TRENCH,nan,S-2767461,SRR-34467850,CAPE,TNWCHIR,TNW,5,CAPE1,Civil Item
11/06/2025,,1,CAPE1ASCARE,CAPE1ASCARE,TRCH,nan,RVSCIVAA,TRENCH RD X S/S VISUAL INSECTION,VICIVTC05,Do you want to report Trench or crossing?,TRENCH,nan,S-2767464,SRR-34467860,CAPE,TNWCHIR,TNW,5,CAPE1,Civil Item
11/06/2025,,1,CAPE1ASCARE,CAPE1ASCARE,TRCH,nan,RVSCIVAA,TRENCH RD X S/S VISUAL INSECTION,VICIVTC05,Do you want to report Trench or crossing?,TRENCH,nan,S-2767470,SRR-34467923,CAPE,TNWCHIR,TNW,5,CAPE1,Civil Item
11/06/2025,0.0,4,OFFE3STECH,OFFE3STECH,GAN,nan,RVSGANAA,GANTRY S/S VISUAL INSPECTION,VICIVGA01,Do you want to report any condition deterioration of the asset?,NO,nan,S-2767487,SRR-34468064,OFFE,TNEWEAR,TNE,11,OFFE3,Civil Item
11/06/2025,,1,OFFE2SCARE,OFFE2SCARE,TRCH,nan,RVSCIVAA,TRENCH RD X S/S VISUAL INSECTION,VICIVTC05,Do you want to report Trench or crossing?,TRENCH,nan,S-2767534,SRR-34469026,OFFE,TNEWEAR,TNE,5,OFFE2,Civil Item
11/06/2025,,1,OFFE2SCARE,OFFE2SCARE,TRCH,nan,RVSCIVAA,TRENCH RD X S/S VISUAL INSECTION,VICIVTC05,Do you want to report Trench or crossing?,TRENCH,nan,S-2767538,SRR-34469041,OFFE,TNEWEAR,TNE,5,OFFE2,Civil Item
11/06/2025,,1,OFFE2SCARE,OFFE2SCARE,TRCH,nan,RVSCIVAA,TRENCH RD X S/S VISUAL INSECTION,VICIVTC05,Do you want to report Trench or crossing?,TRENCH,nan,S-2767541,SRR-34469051,OFFE,TNEWEAR,TNE,5,OFFE2,Civil Item
17/06/2025,1.0,4,SSHI2STECH,SSHI2STECH,GAN,nan,RVSGANAA,GANTRY S/S VISUAL INSPECTION,VICIVGA01,Do you want to report any condition deterioration of the asset?,YES,nan,S-2774754,SRR-34551300,SSHI,TNEWEAR,TNE,11,SSHI2,Civil Item
17/06/2025,,1,SSHI2SCARE,SSHI2SCARE,TRCH,nan,RVSCIVAA,TRENCH RD X S/S VISUAL INSECTION,VICIVTC05,Do you want to report Trench or crossing?,TRENCH,nan,S-2774762,SRR-34551365,SSHI,TNEWEAR,TNE,5,SSHI2,Civil Item
17/06/2025,1.0,4,SALH2STECH,SALH2STECH,GAN,nan,RVSGANAA,GANTRY S/S VISUAL INSPECTION,VICIVGA01,Do you want to report any condition deterioration of the asset?,YES,nan,S-2776395,SRR-34569838,SALH,TNEWEAR,TNE,11,SALH2,Civil Item
17/06/2025,,1,SALH2SCARE,SALH2SCARE,TRCH,nan,RVSCIVAA,TRENCH RD X S/S VISUAL INSECTION,VICIVTC05,Do you want to report Trench or crossing?,TRENCH,nan,S-2776406,SRR-34569854,SALH,TNEWEAR,TNE,5,SALH2,Civil Item
19/06/2025,,1,SALH1SCARE,SALH1SCARE,TRCH,nan,RVSCIVAA,TRENCH RD X S/S VISUAL INSECTION,VICIVTC05,Do you want to report Trench or crossing?,TRENCH,nan,S-2781274,SRR-34620305,SALH,TNEWEAR,TNE,5,SALH1,Civil Item
19/06/2025,,1,SALH1SCARE,SALH1SCARE,TRCH,nan,RVSCIVAA,TRENCH RD X S/S VISUAL INSECTION,VICIVTC05,Do you want to report Trench or crossing?,TRENCH,nan,S-2781278,SRR-34620320,SALH,TNEWEAR,TNE,5,SALH1,Civil Item
19/06/2025,,1,SALH1SCARE,SALH1SCARE,TRCH,nan,RVSCIVAA,TRENCH RD X S/S VISUAL INSECTION,VICIVTC05,Do you want to report Trench or crossing?,TRENCH,nan,S-2781282,SRR-34620335,SALH,TNEWEAR,TNE,5,SALH1,Civil Item
19/06/2025,,1,SALH1SCARE,SALH1SCARE,TRCH,nan,RVSCIVAA,TRENCH RD X S/S VISUAL INSECTION,VICIVTC05,Do you want to report Trench or crossing?,TRENCH,nan,S-2781286,SRR-34620350,SALH,TNEWEAR,TNE,5,SALH1,Civil Item
19/06/2025,,1,SSHI2SCARE,SSHI2SCARE,TRCH,nan,RVSCIVAA,TRENCH RD X S/S VISUAL INSECTION,VICIVTC05,Do you want to report Trench or crossing?,TRENCH,nan,S-2781324,SRR-34620519,SSHI,TNEWEAR,TNE,5,SSHI2,Civil Item
19/06/2025,,1,SSHI2SCARE,SSHI2SCARE,TRCH,nan,RVSCIVAA,TRENCH RD X S/S VISUAL INSECTION,VICIVTC05,Do you want to report Trench or crossing?,TRENCH,nan,S-2781328,SRR-34620534,SSHI,TNEWEAR,TNE,5,SSHI2,Civil Item
19/06/2025,,1,SSHI2SCARE,SSHI2SCARE,TRCH,nan,RVSCIVAA,TRENCH RD X S/S VISUAL INSECTION,VICIVTC05,Do you want to report Trench or crossing?,TRENCH,nan,S-2781332,SRR-34620549,SSHI,TNEWEAR,TNE,5,SSHI2,Civil Item
19/06/2025,,1,SALH2SCARE,SALH2SCARE,TRCH,nan,RVSCIVAA,TRENCH RD X S/S VISUAL INSECTION,VICIVTC05,Do you want to report Trench or crossing?,TRENCH,nan,S-2781377,SRR-34621006,SALH,TNEWEAR,TNE,5,SALH2,Civil Item
19/06/2025,,1,SALH2SCARE,SALH2SCARE,TRCH,nan,RVSCIVAA,TRENCH RD X S/S VISUAL INSECTION,VICIVTC05,Do you want to report Trench or crossing?,TRENCH,nan,S-2781381,SRR-34621021,SALH,TNEWEAR,TNE,5,SALH2,Civil Item
19/06/2025,,1,SALH2SCARE,SALH2SCARE,TRCH,nan,RVSCIVAA,TRENCH RD X S/S VISUAL INSECTION,VICIVTC05,Do you want to report Trench or crossing?,TRENCH,nan,S-2781385,SRR-34621036,SALH,TNEWEAR,TNE,5,SALH2,Civil Item
19/06/2025,1.0,4,SSHI3STECH,SSHI3STECH,GAN,nan,RVSGANAA,GANTRY S/S VISUAL INSPECTION,VICIVGA01,Do you want to report any condition deterioration of the asset?,YES,nan,S-2781426,SRR-34621284,SSHI,TNEWEAR,TNE,11,SSHI3,Civil Item
24/06/2025,1.0,4,PENT1STECH,PENT1STECH,GAN,nan,RVSGANAA,GANTRY S/S VISUAL INSPECTION,VICIVGA01,Do you want to report any condition deterioration of the asset?,YES,nan,S-2788482,SRR-34702956,PENT,TNWNWAL,TNW,11,PENT1,Civil Item
27/06/2025,,1,ROCH1BSCARE,ROCH1BSCARE,TRCH,nan,RVSCIVAA,TRENCH RD X S/S VISUAL INSECTION,VICIVTC05,Do you want to report Trench or crossing?,TRENCH,nan,S-2794764,SRR-34777515,ROCH,TNWMANN,TNW,5,ROCH1,Civil Item
27/06/2025,,1,ROCH1BSCARE,ROCH1BSCARE,TRCH,nan,RVSCIVAA,TRENCH RD X S/S VISUAL INSECTION,VICIVTC05,Do you want to report Trench or crossing?,VEHICLE CROSSING,nan,S-2795053,SRR-34780786,ROCH,TNWMANN,TNW,5,ROCH1,Civil Item
27/06/2025,,1,ROCH1BSCARE,ROCH1BSCARE,TRCH,nan,RVSCIVAA,TRENCH RD X S/S VISUAL INSECTION,VICIVTC05,Do you want to report Trench or crossing?,TRENCH,nan,S-2795055,SRR-34780791,ROCH,TNWMANN,TNW,5,ROCH1,Civil Item
27/06/2025,,1,ROCH1BSCARE,ROCH1BSCARE,TRCH,nan,RVSCIVAA,TRENCH RD X S/S VISUAL INSECTION,VICIVTC05,Do you want to report Trench or crossing?,TRENCH,nan,S-2795057,SRR-34780796,ROCH,TNWMANN,TNW,5,ROCH1,Civil Item
01/07/2025,,1,BEUL3RSCARE,BEUL3RSCARE,TRCH,nan,RVSCIVAA,TRENCH RD X S/S VISUAL INSECTION,VICIVTC05,Do you want to report Trench or crossing?,TRENCH,nan,S-2798336,SRR-34820522,BEUL,TCNESSX,TCN,5,BEUL3,Civil Item
02/07/2025,0.0,4,ELST1BSTECH,ELST1BSTECH,GAN,nan,RVSGANAA,GANTRY S/S VISUAL INSPECTION,VICIVGA01,Do you want to report any condition deterioration of the asset?,NO,nan,S-2803432,SRR-34866624,ELST,TLNNWST,TLN,11,ELST1,Civil Item
02/07/2025,,1,ELST1BSCARE,ELST1BSCARE,TRCH,nan,RVSCIVAA,TRENCH RD X S/S VISUAL INSECTION,VICIVTC05,Do you want to report Trench or crossing?,VEHICLE CROSSING,nan,S-2803439,SRR-34866680,ELST,TLNNWST,TLN,5,ELST1,Civil Item
07/07/2025,,1,PENT4SCARE,PENT4SCARE,TRCH,nan,RVSCIVAA,TRENCH RD X S/S VISUAL INSECTION,VICIVTC05,Do you want to report Trench or crossing?,TRENCH,nan,S-2809797,SRR-34942116,PENT,TNWNWAL,TNW,5,PENT4,Civil Item
07/07/2025,,1,PENT4SCARE,PENT4SCARE,TRCH,nan,RVSCIVAA,TRENCH RD X S/S VISUAL INSECTION,VICIVTC05,Do you want to report Trench or crossing?,TRENCH,nan,S-2809820,SRR-34942373,PENT,TNWNWAL,TNW,5,PENT4,Civil Item
07/07/2025,,1,PENT4SCARE,PENT4SCARE,TRCH,nan,RVSCIVAA,TRENCH RD X S/S VISUAL INSECTION,VICIVTC05,Do you want to report Trench or crossing?,TRENCH,nan,S-2809837,SRR-34942538,PENT,TNWNWAL,TNW,5,PENT4,Civil Item
07/07/2025,,1,PENT1SCARE,PENT1SCARE,TRCH,nan,RVSCIVAA,TRENCH RD X S/S VISUAL INSECTION,VICIVTC05,Do you want to report Trench or crossing?,TRENCH,nan,S-2809957,SRR-34943853,PENT,TNWNWAL,TNW,5,PENT1,Civil Item
07/07/2025,,1,PENT1SCARE,PENT1SCARE,TRCH,nan,RVSCIVAA,TRENCH RD X S/S VISUAL INSECTION,VICIVTC05,Do you want to report Trench or crossing?,TRENCH,nan,S-2809962,SRR-34943906,PENT,TNWNWAL,TNW,5,PENT1,Civil Item
07/07/2025,,1,PENT1SCARE,PENT1SCARE,TRCH,nan,RVSCIVAA,TRENCH RD X S/S VISUAL INSECTION,VICIVTC05,Do you want to report Trench or crossing?,TRENCH,nan,S-2809977,SRR-34944035,PENT,TNWNWAL,TNW,5,PENT1,Civil Item
07/07/2025,,1,PENT1SCARE,PENT1SCARE,TRCH,nan,RVSCIVAA,TRENCH RD X S/S VISUAL INSECTION,VICIVTC05,Do you want to report Trench or crossing?,TRENCH,nan,S-2809995,SRR-34944250,PENT,TNWNWAL,TNW,5,PENT1,Civil Item
07/07/2025,1.0,4,BRAI1STECH,BRAI1STECH,GAN,nan,RVSGANAA,GANTRY S/S VISUAL INSPECTION,VICIVGA01,Do you want to report any condition deterioration of the asset?,YES,nan,S-2810458,SRR-34947925,BRAI,TCNESSX,TCN,11,BRAI1,Civil Item
07/07/2025,,1,THTO4SCARE,THTO4SCARE,TRCH,nan,RVSCIVAA,TRENCH RD X S/S VISUAL INSECTION,VICIVTC05,Do you want to report Trench or crossing?,TRENCH,nan,S-2811090,SRR-34953540,THTO,TNENHUM,TNE,5,THTO4,Civil Item
07/07/2025,,1,THTO4SCARE,THTO4SCARE,TRCH,nan,RVSCIVAA,TRENCH RD X S/S VISUAL INSECTION,VICIVTC05,Do you want to report Trench or crossing?,TRENCH,nan,S-2811090,SRR-34953543,THTO,TNENHUM,TNE,5,THTO4,Civil Item
07/07/2025,,1,THTO4SCARE,THTO4SCARE,TRCH,nan,RVSCIVAA,TRENCH RD X S/S VISUAL INSECTION,VICIVTC05,Do you want to report Trench or crossing?,TRENCH,nan,S-2811090,SRR-34953546,THTO,TNENHUM,TNE,5,THTO4,Civil Item
07/07/2025,1.0,4,THTO4STECH,THTO4STECH,GAN,nan,RVSGANAA,GANTRY S/S VISUAL INSPECTION,VICIVGA01,Do you want to report any condition deterioration of the asset?,YES,nan,S-2811206,SRR-34955062,THTO,TNENHUM,TNE,11,THTO4,Civil Item
07/07/2025,1.0,4,PENT4STECH,PENT4STECH,GAN,nan,RVSGANAA,GANTRY S/S VISUAL INSPECTION,VICIVGA01,Do you want to report any condition deterioration of the asset?,YES,nan,S-2811868,SRR-34965693,PENT,TNWNWAL,TNW,11,PENT4,Civil Item
07/07/2025,,1,BEUL3RSCARE,BEUL3RSCARE,TRCH,nan,RVSCIVAA,TRENCH RD X S/S VISUAL INSECTION,VICIVTC05,Do you want to report Trench or crossing?,TRENCH,nan,S-2811876,SRR-34965810,BEUL,TCNESSX,TCN,5,BEUL3,Civil Item
07/07/2025,,1,BEUL3RSCARE,BEUL3RSCARE,TRCH,nan,RVSCIVAA,TRENCH RD X S/S VISUAL INSECTION,VICIVTC05,Do you want to report Trench or crossing?,TRENCH,nan,S-2811884,SRR-34965913,BEUL,TCNESSX,TCN,5,BEUL3,Civil Item
07/07/2025,,1,BEUL3RSCARE,BEUL3RSCARE,TRCH,nan,RVSCIVAA,TRENCH RD X S/S VISUAL INSECTION,VICIVTC05,Do you want to report Trench or crossing?,TRENCH,nan,S-2811891,SRR-34965988,BEUL,TCNESSX,TCN,5,BEUL3,Civil Item
08/07/2025,,1,LEMR1SCARE,LEMR1SCARE,TRCH,nan,RVSCIVAA,TRENCH RD X S/S VISUAL INSECTION,VICIVTC05,Do you want to report Trench or crossing?,TRENCH,nan,S-2812801,SRR-34976369,LEMR,TCNWARW,TCN,5,LEMR1,Civil Item
08/07/2025,0.0,4,LEMR1STECH,LEMR1STECH,GAN,nan,RVSGANAA,GANTRY S/S VISUAL INSPECTION,VICIVGA01,Do you want to report any condition deterioration of the asset?,NO,nan,S-2812807,SRR-34976402,LEMR,TCNWARW,TCN,11,LEMR1,Civil Item
08/07/2025,0.0,4,LEMR0STECH,LEMR0STECH,GAN,nan,RVSGANAA,GANTRY S/S VISUAL INSPECTION,VICIVGA01,Do you want to report any condition deterioration of the asset?,NO,nan,S-2814440,SRR-34994164,LEMR,TCNWARW,TCN,11,LEMR0,Civil Item
09/07/2025,,1,STAL3RSCARE,STAL3RSCARE,TRCH,nan,RVSCIVAA,TRENCH RD X S/S VISUAL INSECTION,VICIVTC05,Do you want to report Trench or crossing?,TRENCH,nan,S-2815379,SRR-35005914,STAL,TNWMANN,TNW,5,STAL3,Civil Item
09/07/2025,,1,STAL3RSCARE,STAL3RSCARE,TRCH,nan,RVSCIVAA,TRENCH RD X S/S VISUAL INSECTION,VICIVTC05,Do you want to report Trench or crossing?,TRENCH,nan,S-2815379,SRR-35005917,STAL,TNWMANN,TNW,5,STAL3,Civil Item
09/07/2025,,1,STAL3RSCARE,STAL3RSCARE,TRCH,nan,RVSCIVAA,TRENCH RD X S/S VISUAL INSECTION,VICIVTC05,Do you want to report Trench or crossing?,TRENCH,nan,S-2815379,SRR-35005920,STAL,TNWMANN,TNW,5,STAL3,Civil Item
09/07/2025,,1,STAL3RSCARE,STAL3RSCARE,TRCH,nan,RVSCIVAA,TRENCH RD X S/S VISUAL INSECTION,VICIVTC05,Do you want to report Trench or crossing?,TRENCH,nan,S-2815379,SRR-35005923,STAL,TNWMANN,TNW,5,STAL3,Civil Item
09/07/2025,,1,STAL3RSCARE,STAL3RSCARE,TRCH,nan,RVSCIVAA,TRENCH RD X S/S VISUAL INSECTION,VICIVTC05,Do you want to report Trench or crossing?,TRENCH,nan,S-2815379,SRR-35005926,STAL,TNWMANN,TNW,5,STAL3,Civil Item
09/07/2025,,1,STAL3RSCARE,STAL3RSCARE,TRCH,nan,RVSCIVAA,TRENCH RD X S/S VISUAL INSECTION,VICIVTC05,Do you want to report Trench or crossing?,TRENCH,nan,S-2815379,SRR-35005929,STAL,TNWMANN,TNW,5,STAL3,Civil Item
09/07/2025,,1,STAL3RSCARE,STAL3RSCARE,TRCH,nan,RVSCIVAA,TRENCH RD X S/S VISUAL INSECTION,VICIVTC05,Do you want to report Trench or crossing?,TRENCH,nan,S-2815379,SRR-35005932,STAL,TNWMANN,TNW,5,STAL3,Civil Item
09/07/2025,,1,STAL3RSCARE,STAL3RSCARE,TRCH,nan,RVSCIVAA,TRENCH RD X S/S VISUAL INSECTION,VICIVTC05,Do you want to report Trench or crossing?,TRENCH,nan,S-2815379,SRR-35005935,STAL,TNWMANN,TNW,5,STAL3,Civil Item
09/07/2025,,1,STAL3RSCARE,STAL3RSCARE,TRCH,nan,RVSCIVAA,TRENCH RD X S/S VISUAL INSECTION,VICIVTC05,Do you want to report Trench or crossing?,TRENCH,nan,S-2815379,SRR-35005938,STAL,TNWMANN,TNW,5,STAL3,Civil Item
09/07/2025,,1,STAL3RSCARE,STAL3RSCARE,TRCH,nan,RVSCIVAA,TRENCH RD X S/S VISUAL INSECTION,VICIVTC05,Do you want to report Trench or crossing?,TRENCH,nan,S-2815379,SRR-35005941,STAL,TNWMANN,TNW,5,STAL3,Civil Item
09/07/2025,,1,STAL3RSCARE,STAL3RSCARE,TRCH,nan,RVSCIVAA,TRENCH RD X S/S VISUAL INSECTION,VICIVTC05,Do you want to report Trench or crossing?,TRENCH,nan,S-2815379,SRR-35005944,STAL,TNWMANN,TNW,5,STAL3,Civil Item
09/07/2025,,1,STAL3RSCARE,STAL3RSCARE,TRCH,nan,RVSCIVAA,TRENCH RD X S/S VISUAL INSECTION,VICIVTC05,Do you want to report Trench or crossing?,TRENCH,nan,S-2815379,SRR-35005947,STAL,TNWMANN,TNW,5,STAL3,Civil Item
09/07/2025,,1,STAL3RSCARE,STAL3RSCARE,TRCH,nan,RVSCIVAA,TRENCH RD X S/S VISUAL INSECTION,VICIVTC05,Do you want to report Trench or crossing?,TRENCH,nan,S-2815379,SRR-35005950,STAL,TNWMANN,TNW,5,STAL3,Civil Item
09/07/2025,,1,STAL3RSCARE,STAL3RSCARE,TRCH,nan,RVSCIVAA,TRENCH RD X S/S VISUAL INSECTION,VICIVTC05,Do you want to report Trench or crossing?,TRENCH,nan,S-2815379,SRR-35005953,STAL,TNWMANN,TNW,5,STAL3,Civil Item
09/07/2025,,1,STAL3RSCARE,STAL3RSCARE,TRCH,nan,RVSCIVAA,TRENCH RD X S/S VISUAL INSECTION,VICIVTC05,Do you want to report Trench or crossing?,TRENCH,nan,S-2815379,SRR-35005956,STAL,TNWMANN,TNW,5,STAL3,Civil Item
09/07/2025,,1,STAL3RSCARE,STAL3RSCARE,TRCH,nan,RVSCIVAA,TRENCH RD X S/S VISUAL INSECTION,VICIVTC05,Do you want to report Trench or crossing?,TRENCH,nan,S-2815379,SRR-35005959,STAL,TNWMANN,TNW,5,STAL3,Civil Item
09/07/2025,,1,STAL3RSCARE,STAL3RSCARE,TRCH,nan,RVSCIVAA,TRENCH RD X S/S VISUAL INSECTION,VICIVTC05,Do you want to report Trench or crossing?,TRENCH,nan,S-2815379,SRR-35005962,STAL,TNWMANN,TNW,5,STAL3,Civil Item
09/07/2025,0.0,4,ELST1BSTECH,ELST1BSTECH,GAN,nan,RVSGANAA,GANTRY S/S VISUAL INSPECTION,VICIVGA01,Do you want to report any condition deterioration of the asset?,NO,nan,S-2815731,SRR-35008475,ELST,TLNNWST,TLN,11,ELST1,Civil Item
10/07/2025,0.0,4,HEND1STECH,HEND1STECH,GAN,nan,RVSGANAA,GANTRY S/S VISUAL INSPECTION,VICIVGA01,Do you want to report any condition deterioration of the asset?,NO,nan,S-2817554,SRR-35033887,HEND,TLNNWST,TLN,11,HEND1,Civil Item
10/07/2025,0.0,4,BUSY3STECH,BUSY3STECH,GAN,nan,RVSGANAA,GANTRY S/S VISUAL INSPECTION,VICIVGA01,Do you want to report any condition deterioration of the asset?,NO,nan,S-2818180,SRR-35041312,BUSY,TLNNWST,TLN,11,BUSY3,Civil Item
10/07/2025,,1,STAL3RSCARE,STAL3RSCARE,TRCH,nan,RVSCIVAA,TRENCH RD X S/S VISUAL INSECTION,VICIVTC05,Do you want to report Trench or crossing?,TRENCH,nan,S-2818989,SRR-35046759,STAL,TNWMANN,TNW,5,STAL3,Civil Item
10/07/2025,,1,STAL3RSCARE,STAL3RSCARE,TRCH,nan,RVSCIVAA,TRENCH RD X S/S VISUAL INSECTION,VICIVTC05,Do you want to report Trench or crossing?,TRENCH,nan,S-2818995,SRR-35046780,STAL,TNWMANN,TNW,5,STAL3,Civil Item
10/07/2025,,1,STAL3RSCARE,STAL3RSCARE,TRCH,nan,RVSCIVAA,TRENCH RD X S/S VISUAL INSECTION,VICIVTC05,Do you want to report Trench or crossing?,TRENCH,nan,S-2818999,SRR-35046795,STAL,TNWMANN,TNW,5,STAL3,Civil Item
21/07/2025,,1,WALP1BSCARE,WALP1BSCARE,TRCH,nan,RVSCIVAA,TRENCH RD X S/S VISUAL INSECTION,VICIVTC05,Do you want to report Trench or crossing?,TRENCH,nan,S-2835305,SRR-35222885,WALP,TCNNANG,TCN,5,WALP1,Civil Item
23/07/2025,,1,THOM4BSCARE,THOM4BSCARE,TRCH,nan,RVSCIVAA,TRENCH RD X S/S VISUAL INSECTION,VICIVTC05,Do you want to report Trench or crossing?,TRENCH,nan,S-2839646,SRR-35279411,THOM,TNESHUM,TNE,5,THOM4,Civil Item
23/07/2025,0.0,4,THOM4BSTECH,THOM4BSTECH,GAN,nan,RVSGANAA,GANTRY S/S VISUAL INSPECTION,VICIVGA01,Do you want to report any condition deterioration of the asset?,NO,nan,S-2839651,SRR-35279458,THOM,TNESHUM,TNE,11,THOM4,Civil Item
23/07/2025,,1,THOM4BSCARE,THOM4BSCARE,TRCH,nan,RVSCIVAA,TRENCH RD X S/S VISUAL INSECTION,VICIVTC05,Do you want to report Trench or crossing?,TRENCH,nan,S-2839748,SRR-35281137,THOM,TNESHUM,TNE,5,THOM4,Civil Item
23/07/2025,,1,THOM4BSCARE,THOM4BSCARE,TRCH,nan,RVSCIVAA,TRENCH RD X S/S VISUAL INSECTION,VICIVTC05,Do you want to report Trench or crossing?,TRENCH,nan,S-2839758,SRR-35281372,THOM,TNESHUM,TNE,5,THOM4,Civil Item
23/07/2025,,1,THOM4BSCARE,THOM4BSCARE,TRCH,nan,RVSCIVAA,TRENCH RD X S/S VISUAL INSECTION,VICIVTC05,Do you want to report Trench or crossing?,TRENCH,nan,S-2839761,SRR-35281395,THOM,TNESHUM,TNE,5,THOM4,Civil Item
24/07/2025,,1,MANN4BSCARE,MANN4BSCARE,TRCH,nan,RVSCIVAA,TRENCH RD X S/S VISUAL INSECTION,VICIVTC05,Do you want to report Trench or crossing?,TRENCH,nan,S-2841701,SRR-35300210,MANN,TSESOLT,TSE,5,MANN4,Civil Item
24/07/2025,0.0,4,MANN4BSTECH,MANN4BSTECH,GAN,nan,RVSGANAA,GANTRY S/S VISUAL INSPECTION,VICIVGA01,Do you want to report any condition deterioration of the asset?,NO,nan,S-2841762,SRR-35300421,MANN,TSESOLT,TSE,11,MANN4,Civil Item
24/07/2025,,1,MANN4BSCARE,MANN4BSCARE,TRCH,nan,RVSCIVAA,TRENCH RD X S/S VISUAL INSECTION,VICIVTC05,Do you want to report Trench or crossing?,TRENCH,nan,S-2842449,SRR-35303088,MANN,TSESOLT,TSE,5,MANN4,Civil Item
24/07/2025,,1,MANN4BSCARE,MANN4BSCARE,TRCH,nan,RVSCIVAA,TRENCH RD X S/S VISUAL INSECTION,VICIVTC05,Do you want to report Trench or crossing?,TRENCH,nan,S-2842524,SRR-35303340,MANN,TSESOLT,TSE,5,MANN4,Civil Item
24/07/2025,0.0,4,MANN4BSTECH,MANN4BSTECH,GAN,nan,RVSGANAA,GANTRY S/S VISUAL INSPECTION,VICIVGA01,Do you want to report any condition deterioration of the asset?,NO,nan,S-2842599,SRR-35303639,MANN,TSESOLT,TSE,11,MANN4,Civil Item
24/07/2025,,1,MANN4BSCARE,MANN4BSCARE,TRCH,nan,RVSCIVAA,TRENCH RD X S/S VISUAL INSECTION,VICIVTC05,Do you want to report Trench or crossing?,TRENCH,nan,S-2843392,SRR-35309457,MANN,TSESOLT,TSE,5,MANN4,Civil Item
28/07/2025,,1,BUSY3SCARE,BUSY3SCARE,TRCH,nan,RVSCIVAA,TRENCH RD X S/S VISUAL INSECTION,VICIVTC05,Do you want to report Trench or crossing?,TRENCH,nan,S-2845796,SRR-35340956,BUSY,TLNNWST,TLN,5,BUSY3,Civil Item
28/07/2025,,1,BUSY3SCARE,BUSY3SCARE,TRCH,nan,RVSCIVAA,TRENCH RD X S/S VISUAL INSECTION,VICIVTC05,Do you want to report Trench or crossing?,VEHICLE CROSSING,nan,S-2845810,SRR-35341070,BUSY,TLNNWST,TLN,5,BUSY3,Civil Item
28/07/2025,,1,BUSY3SCARE,BUSY3SCARE,TRCH,nan,RVSCIVAA,TRENCH RD X S/S VISUAL INSECTION,VICIVTC05,Do you want to report Trench or crossing?,TRENCH,nan,S-2845837,SRR-35341495,BUSY,TLNNWST,TLN,5,BUSY3,Civil Item
28/07/2025,,1,BUSY3SCARE,BUSY3SCARE,TRCH,nan,RVSCIVAA,TRENCH RD X S/S VISUAL INSECTION,VICIVTC05,Do you want to report Trench or crossing?,TRENCH,nan,S-2845857,SRR-35341678,BUSY,TLNNWST,TLN,5,BUSY3,Civil Item
29/07/2025,0.0,4,WATS2STECH,WATS2STECH,GAN,nan,RVSGANAA,GANTRY S/S VISUAL INSPECTION,VICIVGA01,Do you want to report any condition deterioration of the asset?,NO,nan,S-2849169,SRR-35372619,WATS,TLNNWST,TLN,11,WATS2,Civil Item
29/07/2025,0.0,4,WATS2STECH,WATS2STECH,GAN,nan,RVSGANAA,GANTRY S/S VISUAL INSPECTION,VICIVGA01,Do you want to report any condition deterioration of the asset?,NO,nan,S-2849173,SRR-35372639,WATS,TLNNWST,TLN,11,WATS2,Civil Item
29/07/2025,0.0,4,WATS2STECH,WATS2STECH,GAN,nan,RVSGANAA,GANTRY S/S VISUAL INSPECTION,VICIVGA01,Do you want to report any condition deterioration of the asset?,NO,nan,S-2849176,SRR-35372647,WATS,TLNNWST,TLN,11,WATS2,Civil Item
29/07/2025,0.0,4,WATS2STECH,WATS2STECH,GAN,nan,RVSGANAA,GANTRY S/S VISUAL INSPECTION,VICIVGA01,Do you want to report any condition deterioration of the asset?,NO,nan,S-2849180,SRR-35372672,WATS,TLNNWST,TLN,11,WATS2,Civil Item
29/07/2025,,1,WATS2SCARE,WATS2SCARE,TRCH,nan,RVSCIVAA,TRENCH RD X S/S VISUAL INSECTION,VICIVTC05,Do you want to report Trench or crossing?,TRENCH,nan,S-2849187,SRR-35372703,WATS,TLNNWST,TLN,5,WATS2,Civil Item
29/07/2025,,1,WATS2SCARE,WATS2SCARE,TRCH,nan,RVSCIVAA,TRENCH RD X S/S VISUAL INSECTION,VICIVTC05,Do you want to report Trench or crossing?,TRENCH,nan,S-2849193,SRR-35372758,WATS,TLNNWST,TLN,5,WATS2,Civil Item
29/07/2025,,1,WATS2SCARE,WATS2SCARE,TRCH,nan,RVSCIVAA,TRENCH RD X S/S VISUAL INSECTION,VICIVTC05,Do you want to report Trench or crossing?,VEHICLE CROSSING,nan,S-2849200,SRR-35372782,WATS,TLNNWST,TLN,5,WATS2,Civil Item
29/07/2025,,1,WATS2SCARE,WATS2SCARE,TRCH,nan,RVSCIVAA,TRENCH RD X S/S VISUAL INSECTION,VICIVTC05,Do you want to report Trench or crossing?,VEHICLE CROSSING,nan,S-2849204,SRR-35372791,WATS,TLNNWST,TLN,5,WATS2,Civil Item
29/07/2025,,1,WATS1SCARE,WATS1SCARE,TRCH,nan,RVSCIVAA,TRENCH RD X S/S VISUAL INSECTION,VICIVTC05,Do you want to report Trench or crossing?,TRENCH,nan,S-2849219,SRR-35372818,WATS,TLNNWST,TLN,5,WATS1,Civil Item
29/07/2025,,1,WATS1SCARE,WATS1SCARE,TRCH,nan,RVSCIVAA,TRENCH RD X S/S VISUAL INSECTION,VICIVTC05,Do you want to report Trench or crossing?,TRENCH,nan,S-2849223,SRR-35372827,WATS,TLNNWST,TLN,5,WATS1,Civil Item
29/07/2025,,1,WATS1SCARE,WATS1SCARE,TRCH,nan,RVSCIVAA,TRENCH RD X S/S VISUAL INSECTION,VICIVTC05,Do you want to report Trench or crossing?,TRENCH,nan,S-2849227,SRR-35372836,WATS,TLNNWST,TLN,5,WATS1,Civil Item
29/07/2025,,1,WATS1SCARE,WATS1SCARE,TRCH,nan,RVSCIVAA,TRENCH RD X S/S VISUAL INSECTION,VICIVTC05,Do you want to report Trench or crossing?,TRENCH,nan,S-2849231,SRR-35372845,WATS,TLNNWST,TLN,5,WATS1,Civil Item
30/07/2025,0.0,4,MAWO4STECH,MAWO4STECH,GAN,nan,RVSGANAA,GANTRY S/S VISUAL INSPECTION,VICIVGA01,Do you want to report any condition deterioration of the asset?,NO,nan,S-2851120,SRR-35391609,MAWO,TSESOLT,TSE,11,MAWO4,Civil Item
31/07/2025,1.0,4,PADI4STECH,PADI4STECH,GAN,nan,RVSGANAA,GANTRY S/S VISUAL INSPECTION,VICIVGA01,Do you want to report any condition deterioration of the asset?,YES,nan,S-2854391,SRR-35434395,PADI,TNWMANN,TNW,11,PADI4,Civil Item
31/07/2025,,1,PADI4SCARE,PADI4SCARE,TRCH,nan,RVSCIVAA,TRENCH RD X S/S VISUAL INSECTION,VICIVTC05,Do you want to report Trench or crossing?,TRENCH,nan,S-2854449,SRR-35434969,PADI,TNWMANN,TNW,5,PADI4,Civil Item
31/07/2025,,1,PADI4SCARE,PADI4SCARE,TRCH,nan,RVSCIVAA,TRENCH RD X S/S VISUAL INSECTION,VICIVTC05,Do you want to report Trench or crossing?,TRENCH,nan,S-2854449,SRR-35434972,PADI,TNWMANN,TNW,5,PADI4,Civil Item
31/07/2025,,1,PADI4SCARE,PADI4SCARE,TRCH,nan,RVSCIVAA,TRENCH RD X S/S VISUAL INSECTION,VICIVTC05,Do you want to report Trench or crossing?,TRENCH,nan,S-2854449,SRR-35434975,PADI,TNWMANN,TNW,5,PADI4,Civil Item
31/07/2025,,1,PADI4SCARE,PADI4SCARE,TRCH,nan,RVSCIVAA,TRENCH RD X S/S VISUAL INSECTION,VICIVTC05,Do you want to report Trench or crossing?,TRENCH,nan,S-2854449,SRR-35434978,PADI,TNWMANN,TNW,5,PADI4,Civil Item
31/07/2025,,1,PADI4SCARE,PADI4SCARE,TRCH,nan,RVSCIVAA,TRENCH RD X S/S VISUAL INSECTION,VICIVTC05,Do you want to report Trench or crossing?,TRENCH,nan,S-2854449,SRR-35434981,PADI,TNWMANN,TNW,5,PADI4,Civil Item
31/07/2025,,1,PADI4SCARE,PADI4SCARE,TRCH,nan,RVSCIVAA,TRENCH RD X S/S VISUAL INSECTION,VICIVTC05,Do you want to report Trench or crossing?,TRENCH,nan,S-2854449,SRR-35434984,PADI,TNWMANN,TNW,5,PADI4,Civil Item
31/07/2025,,1,PADI4SCARE,PADI4SCARE,TRCH,nan,RVSCIVAA,TRENCH RD X S/S VISUAL INSECTION,VICIVTC05,Do you want to report Trench or crossing?,TRENCH,nan,S-2854449,SRR-35434987,PADI,TNWMANN,TNW,5,PADI4,Civil Item
31/07/2025,,1,PADI4SCARE,PADI4SCARE,TRCH,nan,RVSCIVAA,TRENCH RD X S/S VISUAL INSECTION,VICIVTC05,Do you want to report Trench or crossing?,TRENCH,nan,S-2854449,SRR-35434990,PADI,TNWMANN,TNW,5,PADI4,Civil Item
31/07/2025,,1,PADI4SCARE,PADI4SCARE,TRCH,nan,RVSCIVAA,TRENCH RD X S/S VISUAL INSECTION,VICIVTC05,Do you want to report Trench or crossing?,TRENCH,nan,S-2854449,SRR-35434993,PADI,TNWMANN,TNW,5,PADI4,Civil Item
31/07/2025,,1,PADI4SCARE,PADI4SCARE,TRCH,nan,RVSCIVAA,TRENCH RD X S/S VISUAL INSECTION,VICIVTC05,Do you want to report Trench or crossing?,TRENCH,nan,S-2854449,SRR-35434996,PADI,TNWMANN,TNW,5,PADI4,Civil Item
31/07/2025,,1,PADI4SCARE,PADI4SCARE,TRCH,nan,RVSCIVAA,TRENCH RD X S/S VISUAL INSECTION,VICIVTC05,Do you want to report Trench or crossing?,TRENCH,nan,S-2854449,SRR-35434999,PADI,TNWMANN,TNW,5,PADI4,Civil Item
31/07/2025,,1,PADI4SCARE,PADI4SCARE,TRCH,nan,RVSCIVAA,TRENCH RD X S/S VISUAL INSECTION,VICIVTC05,Do you want to report Trench or crossing?,TRENCH,nan,S-2854449,SRR-35435002,PADI,TNWMANN,TNW,5,PADI4,Civil Item
31/07/2025,,1,PADI4SCARE,PADI4SCARE,TRCH,nan,RVSCIVAA,TRENCH RD X S/S VISUAL INSECTION,VICIVTC05,Do you want to report Trench or crossing?,TRENCH,nan,S-2854449,SRR-35435005,PADI,TNWMANN,TNW,5,PADI4,Civil Item
31/07/2025,,1,PADI4SCARE,PADI4SCARE,TRCH,nan,RVSCIVAA,TRENCH RD X S/S VISUAL INSECTION,VICIVTC05,Do you want to report Trench or crossing?,TRENCH,nan,S-2854449,SRR-35435008,PADI,TNWMANN,TNW,5,PADI4,Civil Item
31/07/2025,,1,PADI4SCARE,PADI4SCARE,TRCH,nan,RVSCIVAA,TRENCH RD X S/S VISUAL INSECTION,VICIVTC05,Do you want to report Trench or crossing?,TRENCH,nan,S-2854449,SRR-35435011,PADI,TNWMANN,TNW,5,PADI4,Civil Item
31/07/2025,,1,PADI4SCARE,PADI4SCARE,TRCH,nan,RVSCIVAA,TRENCH RD X S/S VISUAL INSECTION,VICIVTC05,Do you want to report Trench or crossing?,TRENCH,nan,S-2854449,SRR-35435014,PADI,TNWMANN,TNW,5,PADI4,Civil Item
31/07/2025,,1,PADI4SCARE,PADI4SCARE,TRCH,nan,RVSCIVAA,TRENCH RD X S/S VISUAL INSECTION,VICIVTC05,Do you want to report Trench or crossing?,TRENCH,nan,S-2854449,SRR-35435017,PADI,TNWMANN,TNW,5,PADI4,Civil Item
31/07/2025,,1,PADI4SCARE,PADI4SCARE,TRCH,nan,RVSCIVAA,TRENCH RD X S/S VISUAL INSECTION,VICIVTC05,Do you want to report Trench or crossing?,TRENCH,nan,S-2854449,SRR-35435020,PADI,TNWMANN,TNW,5,PADI4,Civil Item
31/07/2025,,1,PADI4SCARE,PADI4SCARE,TRCH,nan,RVSCIVAA,TRENCH RD X S/S VISUAL INSECTION,VICIVTC05,Do you want to report Trench or crossing?,TRENCH,nan,S-2854449,SRR-35435023,PADI,TNWMANN,TNW,5,PADI4,Civil Item
31/07/2025,,1,PADI4SCARE,PADI4SCARE,TRCH,nan,RVSCIVAA,TRENCH RD X S/S VISUAL INSECTION,VICIVTC05,Do you want to report Trench or crossing?,TRENCH,nan,S-2854449,SRR-35435026,PADI,TNWMANN,TNW,5,PADI4,Civil Item
31/07/2025,,1,PADI4SCARE,PADI4SCARE,TRCH,nan,RVSCIVAA,TRENCH RD X S/S VISUAL INSECTION,VICIVTC05,Do you want to report Trench or crossing?,TRENCH,nan,S-2854449,SRR-35435029,PADI,TNWMANN,TNW,5,PADI4,Civil Item
31/07/2025,,1,PADI4SCARE,PADI4SCARE,TRCH,nan,RVSCIVAA,TRENCH RD X S/S VISUAL INSECTION,VICIVTC05,Do you want to report Trench or crossing?,TRENCH,nan,S-2854449,SRR-35435032,PADI,TNWMANN,TNW,5,PADI4,Civil Item
31/07/2025,,1,PADI4SCARE,PADI4SCARE,TRCH,nan,RVSCIVAA,TRENCH RD X S/S VISUAL INSECTION,VICIVTC05,Do you want to report Trench or crossing?,TRENCH,nan,S-2854449,SRR-35435035,PADI,TNWMANN,TNW,5,PADI4,Civil Item
31/07/2025,,1,PADI4SCARE,PADI4SCARE,TRCH,nan,RVSCIVAA,TRENCH RD X S/S VISUAL INSECTION,VICIVTC05,Do you want to report Trench or crossing?,TRENCH,nan,S-2854449,SRR-35435038,PADI,TNWMANN,TNW,5,PADI4,Civil Item
07/08/2025,1.0,4,BOTW4STECH,BOTW4STECH,GAN,nan,RVSGANAA,GANTRY S/S VISUAL INSPECTION,VICIVGA01,Do you want to report any condition deterioration of the asset?,YES,nan,S-2865233,SRR-35587759,BOTW,TSESOLT,TSE,11,BOTW4,Civil Item
07/08/2025,,1,PADI4SCARE,PADI4SCARE,TRCH,nan,RVSCIVAA,TRENCH RD X S/S VISUAL INSECTION,VICIVTC05,Do you want to report Trench or crossing?,TRENCH,nan,S-2866017,SRR-35596184,PADI,TNWMANN,TNW,5,PADI4,Civil Item
07/08/2025,,1,PADI4SCARE,PADI4SCARE,TRCH,nan,RVSCIVAA,TRENCH RD X S/S VISUAL INSECTION,VICIVTC05,Do you want to report Trench or crossing?,VEHICLE CROSSING,nan,S-2866020,SRR-35596243,PADI,TNWMANN,TNW,5,PADI4,Civil Item
07/08/2025,,1,PADI4SCARE,PADI4SCARE,TRCH,nan,RVSCIVAA,TRENCH RD X S/S VISUAL INSECTION,VICIVTC05,Do you want to report Trench or crossing?,TRENCH,nan,S-2866022,SRR-35596248,PADI,TNWMANN,TNW,5,PADI4,Civil Item
08/08/2025,,1,PADI1SCARE,PADI1SCARE,TRCH,nan,RVSCIVAA,TRENCH RD X S/S VISUAL INSECTION,VICIVTC05,Do you want to report Trench or crossing?,TRENCH,nan,S-2867403,SRR-35615035,PADI,TNWMANN,TNW,5,PADI1,Civil Item
11/08/2025,1.0,4,SING4STECH,SING4STECH,GAN,nan,RVSGANAA,GANTRY S/S VISUAL INSPECTION,VICIVGA01,Do you want to report any condition deterioration of the asset?,YES,nan,S-2869386,SRR-35639448,SING,TSENOKT,TSE,11,SING4,Civil Item
11/08/2025,,1,SING4SCARE,SING4SCARE,TRCH,nan,RVSCIVAA,TRENCH RD X S/S VISUAL INSECTION,VICIVTC05,Do you want to report Trench or crossing?,TRENCH,nan,S-2869391,SRR-35639478,SING,TSENOKT,TSE,5,SING4,Civil Item
12/08/2025,1.0,4,DAMC4STECH,DAMC4STECH,GAN,nan,RVSGANAA,GANTRY S/S VISUAL INSPECTION,VICIVGA01,Do you want to report any condition deterioration of the asset?,YES,nan,S-2871145,SRR-35659610,DAMC,TSETHES,TSE,11,DAMC4,Civil Item
15/08/2025,,1,PADI1SCARE,PADI1SCARE,TRCH,nan,RVSCIVAA,TRENCH RD X S/S VISUAL INSECTION,VICIVTC05,Do you want to report Trench or crossing?,TRENCH,nan,S-2875965,SRR-35740402,PADI,TNWMANN,TNW,5,PADI1,Civil Item
15/08/2025,,1,PADI1SCARE,PADI1SCARE,TRCH,nan,RVSCIVAA,TRENCH RD X S/S VISUAL INSECTION,VICIVTC05,Do you want to report Trench or crossing?,TRENCH,nan,S-2875969,SRR-35740473,PADI,TNWMANN,TNW,5,PADI1,Civil Item
15/08/2025,,1,PADI1SCARE,PADI1SCARE,TRCH,nan,RVSCIVAA,TRENCH RD X S/S VISUAL INSECTION,VICIVTC05,Do you want to report Trench or crossing?,TRENCH,nan,S-2875973,SRR-35740544,PADI,TNWMANN,TNW,5,PADI1,Civil Item
18/08/2025,1.0,4,CANT4STECH,CANT4STECH,GAN,nan,RVSGANAA,GANTRY S/S VISUAL INSPECTION,VICIVGA01,Do you want to report any condition deterioration of the asset?,YES,nan,S-2877100,SRR-35760996,CANT,TSEEAKT,TSE,11,CANT4,Civil Item
20/08/2025,,1,CANT4SCARE,CANT4SCARE,TRCH,nan,RVSCIVAA,TRENCH RD X S/S VISUAL INSECTION,VICIVTC05,Do you want to report Trench or crossing?,TRENCH,nan,S-2880776,SRR-35815861,CANT,TSEEAKT,TSE,5,CANT4,Civil Item
20/08/2025,,1,CANT4SCARE,CANT4SCARE,TRCH,nan,RVSCIVAA,TRENCH RD X S/S VISUAL INSECTION,VICIVTC05,Do you want to report Trench or crossing?,TRENCH,nan,S-2880784,SRR-35816000,CANT,TSEEAKT,TSE,5,CANT4,Civil Item
20/08/2025,,1,CANT4SCARE,CANT4SCARE,TRCH,nan,RVSCIVAA,TRENCH RD X S/S VISUAL INSECTION,VICIVTC05,Do you want to report Trench or crossing?,TRENCH,nan,S-2880791,SRR-35816047,CANT,TSEEAKT,TSE,5,CANT4,Civil Item
20/08/2025,0.0,4,CANT4STECH,CANT4STECH,GAN,nan,RVSGANAA,GANTRY S/S VISUAL INSPECTION,VICIVGA01,Do you want to report any condition deterioration of the asset?,NO,nan,S-2880826,SRR-35816888,CANT,TSEEAKT,TSE,11,CANT4,Civil Item
20/08/2025,0.0,4,CANT4STECH,CANT4STECH,GAN,nan,RVSGANAA,GANTRY S/S VISUAL INSPECTION,VICIVGA01,Do you want to report any condition deterioration of the asset?,NO,nan,S-2880870,SRR-35817363,CANT,TSEEAKT,TSE,11,CANT4,Civil Item
20/08/2025,0.0,4,CANT4STECH,CANT4STECH,GAN,nan,RVSGANAA,GANTRY S/S VISUAL INSPECTION,VICIVGA01,Do you want to report any condition deterioration of the asset?,NO,nan,S-2880875,SRR-35817562,CANT,TSEEAKT,TSE,11,CANT4,Civil Item
20/08/2025,,1,CANT4BSCARE,CANT4BSCARE,TRCH,nan,RVSCIVAA,TRENCH RD X S/S VISUAL INSECTION,VICIVTC05,Do you want to report Trench or crossing?,TRENCH,nan,S-2880906,SRR-35817643,CANT,TSEEAKT,TSE,5,CANT4,Civil Item
20/08/2025,,1,CANT4BSCARE,CANT4BSCARE,TRCH,nan,RVSCIVAA,TRENCH RD X S/S VISUAL INSECTION,VICIVTC05,Do you want to report Trench or crossing?,TRENCH,nan,S-2880911,SRR-35817677,CANT,TSEEAKT,TSE,5,CANT4,Civil Item
20/08/2025,,1,CANT4BSCARE,CANT4BSCARE,TRCH,nan,RVSCIVAA,TRENCH RD X S/S VISUAL INSECTION,VICIVTC05,Do you want to report Trench or crossing?,TRENCH,nan,S-2880915,SRR-35817686,CANT,TSEEAKT,TSE,5,CANT4,Civil Item
20/08/2025,,1,CANT1BSCARE,CANT1BSCARE,TRCH,nan,RVSCIVAA,TRENCH RD X S/S VISUAL INSECTION,VICIVTC05,Do you want to report Trench or crossing?,TRENCH,nan,S-2880991,SRR-35819207,CANT,TSEEAKT,TSE,5,CANT1,Civil Item
20/08/2025,,1,CANT1BSCARE,CANT1BSCARE,TRCH,nan,RVSCIVAA,TRENCH RD X S/S VISUAL INSECTION,VICIVTC05,Do you want to report Trench or crossing?,TRENCH,nan,S-2880995,SRR-35819216,CANT,TSEEAKT,TSE,5,CANT1,Civil Item
20/08/2025,,1,CANT1BSCARE,CANT1BSCARE,TRCH,nan,RVSCIVAA,TRENCH RD X S/S VISUAL INSECTION,VICIVTC05,Do you want to report Trench or crossing?,TRENCH,nan,S-2881003,SRR-35819358,CANT,TSEEAKT,TSE,5,CANT1,Civil Item
21/08/2025,,1,WHGA2SCARE,WHGA2SCARE,TRCH,nan,RVSCIVAA,TRENCH RD X S/S VISUAL INSECTION,VICIVTC05,Do you want to report Trench or crossing?,TRENCH,nan,S-2881588,SRR-35831443,WHGA,TNWMANN,TNW,5,WHGA2,Civil Item
21/08/2025,,1,WHGA2SCARE,WHGA2SCARE,TRCH,nan,RVSCIVAA,TRENCH RD X S/S VISUAL INSECTION,VICIVTC05,Do you want to report Trench or crossing?,TRENCH,nan,S-2881588,SRR-35831446,WHGA,TNWMANN,TNW,5,WHGA2,Civil Item
21/08/2025,,1,WHGA2SCARE,WHGA2SCARE,TRCH,nan,RVSCIVAA,TRENCH RD X S/S VISUAL INSECTION,VICIVTC05,Do you want to report Trench or crossing?,TRENCH,nan,S-2881588,SRR-35831449,WHGA,TNWMANN,TNW,5,WHGA2,Civil Item
21/08/2025,,1,WHGA2SCARE,WHGA2SCARE,TRCH,nan,RVSCIVAA,TRENCH RD X S/S VISUAL INSECTION,VICIVTC05,Do you want to report Trench or crossing?,TRENCH,nan,S-2881588,SRR-35831452,WHGA,TNWMANN,TNW,5,WHGA2,Civil Item
21/08/2025,,1,WHGA2SCARE,WHGA2SCARE,TRCH,nan,RVSCIVAA,TRENCH RD X S/S VISUAL INSECTION,VICIVTC05,Do you want to report Trench or crossing?,TRENCH,nan,S-2881588,SRR-35831455,WHGA,TNWMANN,TNW,5,WHGA2,Civil Item
21/08/2025,,1,WHGA2SCARE,WHGA2SCARE,TRCH,nan,RVSCIVAA,TRENCH RD X S/S VISUAL INSECTION,VICIVTC05,Do you want to report Trench or crossing?,TRENCH,nan,S-2881588,SRR-35831458,WHGA,TNWMANN,TNW,5,WHGA2,Civil Item
21/08/2025,,1,WHGA2SCARE,WHGA2SCARE,TRCH,nan,RVSCIVAA,TRENCH RD X S/S VISUAL INSECTION,VICIVTC05,Do you want to report Trench or crossing?,TRENCH,nan,S-2881588,SRR-35831461,WHGA,TNWMANN,TNW,5,WHGA2,Civil Item
21/08/2025,,1,WHGA2SCARE,WHGA2SCARE,TRCH,nan,RVSCIVAA,TRENCH RD X S/S VISUAL INSECTION,VICIVTC05,Do you want to report Trench or crossing?,TRENCH,nan,S-2881588,SRR-35831464,WHGA,TNWMANN,TNW,5,WHGA2,Civil Item
21/08/2025,,1,WHGA2SCARE,WHGA2SCARE,TRCH,nan,RVSCIVAA,TRENCH RD X S/S VISUAL INSECTION,VICIVTC05,Do you want to report Trench or crossing?,TRENCH,nan,S-2881588,SRR-35831467,WHGA,TNWMANN,TNW,5,WHGA2,Civil Item
21/08/2025,,1,WHGA2SCARE,WHGA2SCARE,TRCH,nan,RVSCIVAA,TRENCH RD X S/S VISUAL INSECTION,VICIVTC05,Do you want to report Trench or crossing?,TRENCH,nan,S-2881588,SRR-35831470,WHGA,TNWMANN,TNW,5,WHGA2,Civil Item
21/08/2025,,1,WHGA2SCARE,WHGA2SCARE,TRCH,nan,RVSCIVAA,TRENCH RD X S/S VISUAL INSECTION,VICIVTC05,Do you want to report Trench or crossing?,TRENCH,nan,S-2881588,SRR-35831473,WHGA,TNWMANN,TNW,5,WHGA2,Civil Item
21/08/2025,,1,WHGA2SCARE,WHGA2SCARE,TRCH,nan,RVSCIVAA,TRENCH RD X S/S VISUAL INSECTION,VICIVTC05,Do you want to report Trench or crossing?,TRENCH,nan,S-2881588,SRR-35831476,WHGA,TNWMANN,TNW,5,WHGA2,Civil Item
21/08/2025,,1,WHGA2SCARE,WHGA2SCARE,TRCH,nan,RVSCIVAA,TRENCH RD X S/S VISUAL INSECTION,VICIVTC05,Do you want to report Trench or crossing?,TRENCH,nan,S-2881588,SRR-35831479,WHGA,TNWMANN,TNW,5,WHGA2,Civil Item
22/08/2025,,1,CANT4SCARE,CANT4SCARE,TRCH,nan,RVSCIVAA,TRENCH RD X S/S VISUAL INSECTION,VICIVTC05,Do you want to report Trench or crossing?,TRENCH,nan,S-2883616,SRR-35860946,CANT,TSEEAKT,TSE,5,CANT4,Civil Item
22/08/2025,,1,CANT4BSCARE,CANT4BSCARE,TRCH,nan,RVSCIVAA,TRENCH RD X S/S VISUAL INSECTION,VICIVTC05,Do you want to report Trench or crossing?,TRENCH,nan,S-2883646,SRR-35861312,CANT,TSEEAKT,TSE,5,CANT4,Civil Item
22/08/2025,,1,BRAI4SCARE,BRAI4SCARE,TRCH,nan,RVSCIVAA,TRENCH RD X S/S VISUAL INSECTION,VICIVTC05,Do you want to report Trench or crossing?,TRENCH,nan,S-2883741,SRR-35862438,BRAI,TCNESSX,TCN,5,BRAI4,Civil Item
22/08/2025,,1,LEIS1SCARE,LEIS1SCARE,TRCH,nan,RVSCIVAA,TRENCH RD X S/S VISUAL INSECTION,VICIVTC05,Do you want to report Trench or crossing?,TRENCH,nan,S-2883754,SRR-35862604,LEIS,TCNSUFK,TCN,5,LEIS1,Civil Item
22/08/2025,,1,NECT4SCARE,NECT4SCARE,TRCH,nan,RVSCIVAA,TRENCH RD X S/S VISUAL INSECTION,VICIVTC05,Do you want to report Trench or crossing?,TRENCH,nan,S-2883761,SRR-35862679,NECT,TCNNANG,TCN,5,NECT4,Civil Item
22/08/2025,,1,LEIS4SCARE,LEIS4SCARE,TRCH,nan,RVSCIVAA,TRENCH RD X S/S VISUAL INSECTION,VICIVTC05,Do you want to report Trench or crossing?,TRENCH,nan,S-2883800,SRR-35863225,LEIS,TCNSUFK,TCN,5,LEIS4,Civil Item
22/08/2025,,1,DAMC4SCARE,DAMC4SCARE,TRCH,nan,RVSCIVAA,TRENCH RD X S/S VISUAL INSECTION,VICIVTC05,Do you want to report Trench or crossing?,TRENCH,nan,S-2883876,SRR-35864252,DAMC,TSETHES,TSE,5,DAMC4,Civil Item
22/08/2025,,1,KINO4BSCARE,KINO4BSCARE,TRCH,nan,RVSCIVAA,TRENCH RD X S/S VISUAL INSECTION,VICIVTC05,Do you want to report Trench or crossing?,TRENCH,nan,S-2883889,SRR-35864402,KINO,TSETHES,TSE,5,KINO4,Civil Item
22/08/2025,,1,CANT1BSCARE,CANT1BSCARE,TRCH,nan,RVSCIVAA,TRENCH RD X S/S VISUAL INSECTION,VICIVTC05,Do you want to report Trench or crossing?,TRENCH,nan,S-2883896,SRR-35864477,CANT,TSEEAKT,TSE,5,CANT1,Civil Item
22/08/2025,0.0,4,BRAI4STECH,BRAI4STECH,GAN,nan,RVSGANAA,GANTRY S/S VISUAL INSPECTION,VICIVGA01,Do you want to report any condition deterioration of the asset?,NO,nan,S-2884275,SRR-35871226,BRAI,TCNESSX,TCN,11,BRAI4,Civil Item
22/08/2025,,1,BRAI4SCARE,BRAI4SCARE,TRCH,nan,RVSCIVAA,TRENCH RD X S/S VISUAL INSECTION,VICIVTC05,Do you want to report Trench or crossing?,TRENCH,nan,S-2884359,SRR-35872414,BRAI,TCNESSX,TCN,5,BRAI4,Civil Item
22/08/2025,,1,BRAI4SCARE,BRAI4SCARE,TRCH,nan,RVSCIVAA,TRENCH RD X S/S VISUAL INSECTION,VICIVTC05,Do you want to report Trench or crossing?,TRENCH,nan,S-2884366,SRR-35872489,BRAI,TCNESSX,TCN,5,BRAI4,Civil Item
22/08/2025,,1,BRAI4SCARE,BRAI4SCARE,TRCH,nan,RVSCIVAA,TRENCH RD X S/S VISUAL INSECTION,VICIVTC05,Do you want to report Trench or crossing?,TRENCH,nan,S-2884373,SRR-35872564,BRAI,TCNESSX,TCN,5,BRAI4,Civil Item
22/08/2025,,1,WALP1BSCARE,WALP1BSCARE,TRCH,nan,RVSCIVAA,TRENCH RD X S/S VISUAL INSECTION,VICIVTC05,Do you want to report Trench or crossing?,TRENCH,nan,S-2884380,SRR-35872639,WALP,TCNNANG,TCN,5,WALP1,Civil Item
22/08/2025,,1,WALP1BSCARE,WALP1BSCARE,TRCH,nan,RVSCIVAA,TRENCH RD X S/S VISUAL INSECTION,VICIVTC05,Do you want to report Trench or crossing?,TRENCH,nan,S-2884387,SRR-35872714,WALP,TCNNANG,TCN,5,WALP1,Civil Item
22/08/2025,,1,WALP1BSCARE,WALP1BSCARE,TRCH,nan,RVSCIVAA,TRENCH RD X S/S VISUAL INSECTION,VICIVTC05,Do you want to report Trench or crossing?,TRENCH,nan,S-2884394,SRR-35872789,WALP,TCNNANG,TCN,5,WALP1,Civil Item
22/08/2025,,1,LEIS1SCARE,LEIS1SCARE,TRCH,nan,RVSCIVAA,TRENCH RD X S/S VISUAL INSECTION,VICIVTC05,Do you want to report Trench or crossing?,TRENCH,nan,S-2884401,SRR-35872864,LEIS,TCNSUFK,TCN,5,LEIS1,Civil Item
22/08/2025,,1,LEIS1SCARE,LEIS1SCARE,TRCH,nan,RVSCIVAA,TRENCH RD X S/S VISUAL INSECTION,VICIVTC05,Do you want to report Trench or crossing?,TRENCH,nan,S-2884408,SRR-35872939,LEIS,TCNSUFK,TCN,5,LEIS1,Civil Item
22/08/2025,,1,LEIS1SCARE,LEIS1SCARE,TRCH,nan,RVSCIVAA,TRENCH RD X S/S VISUAL INSECTION,VICIVTC05,Do you want to report Trench or crossing?,TRENCH,nan,S-2884415,SRR-35873014,LEIS,TCNSUFK,TCN,5,LEIS1,Civil Item
22/08/2025,,1,NECT4SCARE,NECT4SCARE,TRCH,nan,RVSCIVAA,TRENCH RD X S/S VISUAL INSECTION,VICIVTC05,Do you want to report Trench or crossing?,TRENCH,nan,S-2884424,SRR-35873139,NECT,TCNNANG,TCN,5,NECT4,Civil Item
22/08/2025,,1,NECT4SCARE,NECT4SCARE,TRCH,nan,RVSCIVAA,TRENCH RD X S/S VISUAL INSECTION,VICIVTC05,Do you want to report Trench or crossing?,TRENCH,nan,S-2884431,SRR-35873214,NECT,TCNNANG,TCN,5,NECT4,Civil Item
22/08/2025,,1,NECT4SCARE,NECT4SCARE,TRCH,nan,RVSCIVAA,TRENCH RD X S/S VISUAL INSECTION,VICIVTC05,Do you want to report Trench or crossing?,TRENCH,nan,S-2884439,SRR-35873315,NECT,TCNNANG,TCN,5,NECT4,Civil Item
22/08/2025,,1,LEIS4SCARE,LEIS4SCARE,TRCH,nan,RVSCIVAA,TRENCH RD X S/S VISUAL INSECTION,VICIVTC05,Do you want to report Trench or crossing?,TRENCH,nan,S-2884540,SRR-35874671,LEIS,TCNSUFK,TCN,5,LEIS4,Civil Item
22/08/2025,,1,LEIS4SCARE,LEIS4SCARE,TRCH,nan,RVSCIVAA,TRENCH RD X S/S VISUAL INSECTION,VICIVTC05,Do you want to report Trench or crossing?,TRENCH,nan,S-2884547,SRR-35874746,LEIS,TCNSUFK,TCN,5,LEIS4,Civil Item
22/08/2025,,1,LEIS4SCARE,LEIS4SCARE,TRCH,nan,RVSCIVAA,TRENCH RD X S/S VISUAL INSECTION,VICIVTC05,Do you want to report Trench or crossing?,TRENCH,nan,S-2884554,SRR-35874821,LEIS,TCNSUFK,TCN,5,LEIS4,Civil Item
22/08/2025,,1,DAMC4SCARE,DAMC4SCARE,TRCH,nan,RVSCIVAA,TRENCH RD X S/S VISUAL INSECTION,VICIVTC05,Do you want to report Trench or crossing?,TRENCH,nan,S-2884799,SRR-35878464,DAMC,TSETHES,TSE,5,DAMC4,Civil Item
22/08/2025,,1,DAMC4SCARE,DAMC4SCARE,TRCH,nan,RVSCIVAA,TRENCH RD X S/S VISUAL INSECTION,VICIVTC05,Do you want to report Trench or crossing?,TRENCH,nan,S-2884806,SRR-35878539,DAMC,TSETHES,TSE,5,DAMC4,Civil Item
22/08/2025,,1,DAMC4SCARE,DAMC4SCARE,TRCH,nan,RVSCIVAA,TRENCH RD X S/S VISUAL INSECTION,VICIVTC05,Do you want to report Trench or crossing?,TRENCH,nan,S-2884813,SRR-35878614,DAMC,TSETHES,TSE,5,DAMC4,Civil Item
22/08/2025,,1,SING4SCARE,SING4SCARE,TRCH,nan,RVSCIVAA,TRENCH RD X S/S VISUAL INSECTION,VICIVTC05,Do you want to report Trench or crossing?,TRENCH,nan,S-2884820,SRR-35878689,SING,TSENOKT,TSE,5,SING4,Civil Item
22/08/2025,,1,SING4SCARE,SING4SCARE,TRCH,nan,RVSCIVAA,TRENCH RD X S/S VISUAL INSECTION,VICIVTC05,Do you want to report Trench or crossing?,TRENCH,nan,S-2884827,SRR-35878764,SING,TSENOKT,TSE,5,SING4,Civil Item
22/08/2025,,1,SING4SCARE,SING4SCARE,TRCH,nan,RVSCIVAA,TRENCH RD X S/S VISUAL INSECTION,VICIVTC05,Do you want to report Trench or crossing?,TRENCH,nan,S-2884834,SRR-35878839,SING,TSENOKT,TSE,5,SING4,Civil Item
22/08/2025,,1,KINO4BSCARE,KINO4BSCARE,TRCH,nan,RVSCIVAA,TRENCH RD X S/S VISUAL INSECTION,VICIVTC05,Do you want to report Trench or crossing?,TRENCH,nan,S-2884841,SRR-35878914,KINO,TSETHES,TSE,5,KINO4,Civil Item
22/08/2025,,1,KINO4BSCARE,KINO4BSCARE,TRCH,nan,RVSCIVAA,TRENCH RD X S/S VISUAL INSECTION,VICIVTC05,Do you want to report Trench or crossing?,TRENCH,nan,S-2884848,SRR-35878989,KINO,TSETHES,TSE,5,KINO4,Civil Item
22/08/2025,,1,KINO4BSCARE,KINO4BSCARE,TRCH,nan,RVSCIVAA,TRENCH RD X S/S VISUAL INSECTION,VICIVTC05,Do you want to report Trench or crossing?,TRENCH,nan,S-2884855,SRR-35879064,KINO,TSETHES,TSE,5,KINO4,Civil Item
26/08/2025,,1,BRER3SCARE,BRER3SCARE,TRCH,nan,RVSCIVAA,TRENCH RD X S/S VISUAL INSECTION,VICIVTC05,Do you want to report Trench or crossing?,TRENCH,nan,S-2885253,SRR-35886422,BRER,TCNSTAF,TCN,5,BRER3,Civil Item
26/08/2025,,1,GRAI1SCARE,GRAI1SCARE,TRCH,nan,RVSCIVAA,TRENCH RD X S/S VISUAL INSECTION,VICIVTC05,Do you want to report Trench or crossing?,TRENCH,nan,S-2885682,SRR-35890474,GRAI,TSETHES,TSE,5,GRAI1,Civil Item
26/08/2025,,1,GRAI1SCARE,GRAI1SCARE,TRCH,nan,RVSCIVAA,TRENCH RD X S/S VISUAL INSECTION,VICIVTC05,Do you want to report Trench or crossing?,TRENCH,nan,S-2885969,SRR-35892026,GRAI,TSETHES,TSE,5,GRAI1,Civil Item
26/08/2025,,1,GRAI1SCARE,GRAI1SCARE,TRCH,nan,RVSCIVAA,TRENCH RD X S/S VISUAL INSECTION,VICIVTC05,Do you want to report Trench or crossing?,VEHICLE CROSSING,nan,S-2885976,SRR-35892100,GRAI,TSETHES,TSE,5,GRAI1,Civil Item
26/08/2025,,1,GRAI1SCARE,GRAI1SCARE,TRCH,nan,RVSCIVAA,TRENCH RD X S/S VISUAL INSECTION,VICIVTC05,Do you want to report Trench or crossing?,TRENCH,nan,S-2885987,SRR-35892163,GRAI,TSETHES,TSE,5,GRAI1,Civil Item
26/08/2025,,1,HORP4SCARE,HORP4SCARE,TRCH,nan,RVSCIVAA,TRENCH RD X S/S VISUAL INSECTION,VICIVTC05,Do you want to report Trench or crossing?,TRENCH,nan,S-2886196,SRR-35894772,HORP,TSETHES,TSE,5,HORP4,Civil Item
26/08/2025,,1,BRER3SCARE,BRER3SCARE,TRCH,nan,RVSCIVAA,TRENCH RD X S/S VISUAL INSECTION,VICIVTC05,Do you want to report Trench or crossing?,TRENCH,nan,S-2887253,SRR-35905524,BRER,TCNSTAF,TCN,5,BRER3,Civil Item
26/08/2025,,1,BRER3SCARE,BRER3SCARE,TRCH,nan,RVSCIVAA,TRENCH RD X S/S VISUAL INSECTION,VICIVTC05,Do you want to report Trench or crossing?,TRENCH,nan,S-2887261,SRR-35905604,BRER,TCNSTAF,TCN,5,BRER3,Civil Item
26/08/2025,,1,BRER3SCARE,BRER3SCARE,TRCH,nan,RVSCIVAA,TRENCH RD X S/S VISUAL INSECTION,VICIVTC05,Do you want to report Trench or crossing?,TRENCH,nan,S-2887269,SRR-35905684,BRER,TCNSTAF,TCN,5,BRER3,Civil Item
29/08/2025,0.0,4,MAWO4STECH,MAWO4STECH,GAN,nan,RVSGANAA,GANTRY S/S VISUAL INSPECTION,VICIVGA01,Do you want to report any condition deterioration of the asset?,NO,nan,S-2893422,SRR-35981418,MAWO,TSESOLT,TSE,11,MAWO4,Civil Item
29/08/2025,,1,BOTW4SCARE,BOTW4SCARE,TRCH,nan,RVSCIVAA,TRENCH RD X S/S VISUAL INSECTION,VICIVTC05,Do you want to report Trench or crossing?,TRENCH,nan,S-2893678,SRR-35982284,BOTW,TSESOLT,TSE,5,BOTW4,Civil Item
29/08/2025,,1,BOTW4SCARE,BOTW4SCARE,TRCH,nan,RVSCIVAA,TRENCH RD X S/S VISUAL INSECTION,VICIVTC05,Do you want to report Trench or crossing?,TRENCH,nan,S-2893716,SRR-35982412,BOTW,TSESOLT,TSE,5,BOTW4,Civil Item
29/08/2025,,1,BOTW4SCARE,BOTW4SCARE,TRCH,nan,RVSCIVAA,TRENCH RD X S/S VISUAL INSECTION,VICIVTC05,Do you want to report Trench or crossing?,TRENCH,nan,S-2893826,SRR-35982786,BOTW,TSESOLT,TSE,5,BOTW4,Civil Item
29/08/2025,,1,BOTW4SCARE,BOTW4SCARE,TRCH,nan,RVSCIVAA,TRENCH RD X S/S VISUAL INSECTION,VICIVTC05,Do you want to report Trench or crossing?,TRENCH,nan,S-2893864,SRR-35982914,BOTW,TSESOLT,TSE,5,BOTW4,Civil Item
29/08/2025,,1,MAWO4SCARE,MAWO4SCARE,TRCH,nan,RVSCIVAA,TRENCH RD X S/S VISUAL INSECTION,VICIVTC05,Do you want to report Trench or crossing?,TRENCH,nan,S-2893902,SRR-35983042,MAWO,TSESOLT,TSE,5,MAWO4,Civil Item
29/08/2025,,1,MAWO4SCARE,MAWO4SCARE,TRCH,nan,RVSCIVAA,TRENCH RD X S/S VISUAL INSECTION,VICIVTC05,Do you want to report Trench or crossing?,TRENCH,nan,S-2894049,SRR-35983582,MAWO,TSESOLT,TSE,5,MAWO4,Civil Item
29/08/2025,,1,MAWO4SCARE,MAWO4SCARE,TRCH,nan,RVSCIVAA,TRENCH RD X S/S VISUAL INSECTION,VICIVTC05,Do you want to report Trench or crossing?,TRENCH,nan,S-2894124,SRR-35983871,MAWO,TSESOLT,TSE,5,MAWO4,Civil Item
29/08/2025,,1,MAWO4SCARE,MAWO4SCARE,TRCH,nan,RVSCIVAA,TRENCH RD X S/S VISUAL INSECTION,VICIVTC05,Do you want to report Trench or crossing?,TRENCH,nan,S-2894198,SRR-35984122,MAWO,TSESOLT,TSE,5,MAWO4,Civil Item
01/09/2025,,1,WTHU4SCARE,WTHU4SCARE,TRCH,nan,RVSCIVAA,TRENCH RD X S/S VISUAL INSECTION,VICIVTC05,Do you want to report Trench or crossing?,TRENCH,nan,S-2896231,SRR-36004114,WTHU,TLNEAST,TLN,5,WTHU4,Civil Item
02/09/2025,,1,PUDM4SCARE,PUDM4SCARE,TRCH,nan,RVSCIVAA,TRENCH RD X S/S VISUAL INSECTION,VICIVTC05,Do you want to report Trench or crossing?,TRENCH,nan,S-2897795,SRR-36022922,PUDM,TLNEAST,TLN,5,PUDM4,Civil Item
02/09/2025,,1,PUDM4SCARE,PUDM4SCARE,TRCH,nan,RVSCIVAA,TRENCH RD X S/S VISUAL INSECTION,VICIVTC05,Do you want to report Trench or crossing?,TRENCH,nan,S-2900252,SRR-36043479,PUDM,TLNEAST,TLN,5,PUDM4,Civil Item
02/09/2025,,1,PUDM4SCARE,PUDM4SCARE,TRCH,nan,RVSCIVAA,TRENCH RD X S/S VISUAL INSECTION,VICIVTC05,Do you want to report Trench or crossing?,TRENCH,nan,S-2900264,SRR-36043526,PUDM,TLNEAST,TLN,5,PUDM4,Civil Item
02/09/2025,,1,PUDM4SCARE,PUDM4SCARE,TRCH,nan,RVSCIVAA,TRENCH RD X S/S VISUAL INSECTION,VICIVTC05,Do you want to report Trench or crossing?,TRENCH,nan,S-2900277,SRR-36043591,PUDM,TLNEAST,TLN,5,PUDM4,Civil Item
03/09/2025,,1,WTHU4SCARE,WTHU4SCARE,TRCH,nan,RVSCIVAA,TRENCH RD X S/S VISUAL INSECTION,VICIVTC05,Do you want to report Trench or crossing?,TRENCH,nan,S-2901266,SRR-36051692,WTHU,TLNEAST,TLN,5,WTHU4,Civil Item
03/09/2025,,1,WTHU4SCARE,WTHU4SCARE,TRCH,nan,RVSCIVAA,TRENCH RD X S/S VISUAL INSECTION,VICIVTC05,Do you want to report Trench or crossing?,TRENCH,nan,S-2901288,SRR-36051804,WTHU,TLNEAST,TLN,5,WTHU4,Civil Item
03/09/2025,,1,HORP4SCARE,HORP4SCARE,TRCH,nan,RVSCIVAA,TRENCH RD X S/S VISUAL INSECTION,VICIVTC05,Do you want to report Trench or crossing?,TRENCH,nan,S-2901485,SRR-36052571,HORP,TSETHES,TSE,5,HORP4,Civil Item
03/09/2025,,1,HORP4SCARE,HORP4SCARE,TRCH,nan,RVSCIVAA,TRENCH RD X S/S VISUAL INSECTION,VICIVTC05,Do you want to report Trench or crossing?,TRENCH,nan,S-2901497,SRR-36052659,HORP,TSETHES,TSE,5,HORP4,Civil Item
03/09/2025,,1,HORP4SCARE,HORP4SCARE,TRCH,nan,RVSCIVAA,TRENCH RD X S/S VISUAL INSECTION,VICIVTC05,Do you want to report Trench or crossing?,TRENCH,nan,S-2901511,SRR-36052731,HORP,TSETHES,TSE,5,HORP4,Civil Item
03/09/2025,0.0,4,WTHU4STECH,WTHU4STECH,GAN,nan,RVSGANAA,GANTRY S/S VISUAL INSPECTION,VICIVGA01,Do you want to report any condition deterioration of the asset?,NO,nan,S-2904020,SRR-36074633,WTHU,TLNEAST,TLN,11,WTHU4,Civil Item
03/09/2025,,1,WTHU4SCARE,WTHU4SCARE,TRCH,nan,RVSCIVAA,TRENCH RD X S/S VISUAL INSECTION,VICIVTC05,Do you want to report Trench or crossing?,TRENCH,nan,S-2904036,SRR-36074702,WTHU,TLNEAST,TLN,5,WTHU4,Civil Item
04/09/2025,,1,FERR4CSCARE,FERR4CSCARE,TRCH,nan,RVSCIVAA,TRENCH RD X S/S VISUAL INSECTION,VICIVTC05,Do you want to report Trench or crossing?,TRENCH,nan,S-2906130,SRR-36098691,FERR,TNELEDS,TNE,5,FERR4,Civil Item
04/09/2025,,1,FERR4CSCARE,FERR4CSCARE,TRCH,nan,RVSCIVAA,TRENCH RD X S/S VISUAL INSECTION,VICIVTC05,Do you want to report Trench or crossing?,TRENCH,nan,S-2906135,SRR-36098734,FERR,TNELEDS,TNE,5,FERR4,Civil Item
04/09/2025,,1,FERR4CSCARE,FERR4CSCARE,TRCH,nan,RVSCIVAA,TRENCH RD X S/S VISUAL INSECTION,VICIVTC05,Do you want to report Trench or crossing?,TRENCH,nan,S-2906139,SRR-36098749,FERR,TNELEDS,TNE,5,FERR4,Civil Item
04/09/2025,,1,FERR4CSCARE,FERR4CSCARE,TRCH,nan,RVSCIVAA,TRENCH RD X S/S VISUAL INSECTION,VICIVTC05,Do you want to report Trench or crossing?,TRENCH,nan,S-2906144,SRR-36098771,FERR,TNELEDS,TNE,5,FERR4,Civil Item
09/09/2025,,1,ROWD4SCARE,ROWD4SCARE,TRCH,nan,RVSCIVAA,TRENCH RD X S/S VISUAL INSECTION,VICIVTC05,Do you want to report Trench or crossing?,TRENCH,nan,S-2913472,SRR-36192163,ROWD,TLNSOTH,TLN,5,ROWD4,Civil Item
09/09/2025,,1,ROWD4SCARE,ROWD4SCARE,TRCH,nan,RVSCIVAA,TRENCH RD X S/S VISUAL INSECTION,VICIVTC05,Do you want to report Trench or crossing?,TRENCH,nan,S-2913472,SRR-36192166,ROWD,TLNSOTH,TLN,5,ROWD4,Civil Item
10/09/2025,,1,BARK1GSCARE,BARK1GSCARE,TRCH,nan,RVSCIVAA,TRENCH RD X S/S VISUAL INSECTION,VICIVTC05,Do you want to report Trench or crossing?,TRENCH,nan,S-2916206,SRR-36223393,BARK,TLNEAST,TLN,5,BARK1,Civil Item
12/09/2025,,1,IVER6BSCARE,IVER6BSCARE,TRCH,nan,RVSCIVAA,TRENCH RD X S/S VISUAL INSECTION,VICIVTC05,Do you want to report Trench or crossing?,VEHICLE CROSSING,nan,S-2921951,SRR-36290413,IVER,TLNWEST,TLN,5,IVER6,Civil Item
14/09/2025,,1,IVER6BSCARE,IVER6BSCARE,TRCH,nan,RVSCIVAA,TRENCH RD X S/S VISUAL INSECTION,VICIVTC05,Do you want to report Trench or crossing?,TRENCH,nan,S-2923377,SRR-36312680,IVER,TLNWEST,TLN,5,IVER6,Civil Item
14/09/2025,,1,IVER6BSCARE,IVER6BSCARE,TRCH,nan,RVSCIVAA,TRENCH RD X S/S VISUAL INSECTION,VICIVTC05,Do you want to report Trench or crossing?,TRENCH,nan,S-2923482,SRR-36313063,IVER,TLNWEST,TLN,5,IVER6,Civil Item
14/09/2025,,1,IVER6BSCARE,IVER6BSCARE,TRCH,nan,RVSCIVAA,TRENCH RD X S/S VISUAL INSECTION,VICIVTC05,Do you want to report Trench or crossing?,TRENCH,nan,S-2923492,SRR-36313098,IVER,TLNWEST,TLN,5,IVER6,Civil Item
16/09/2025,,1,CARE2SCARE,CARE2SCARE,TRCH,nan,RVSCIVAA,TRENCH RD X S/S VISUAL INSECTION,VICIVTC05,Do you want to report Trench or crossing?,TRENCH,nan,S-2927137,SRR-36353258,CARE,TSWSWAE,TSW,5,CARE2,Civil Item
16/09/2025,1.0,4,CARE2STECH,CARE2STECH,GAN,nan,RVSGANAA,GANTRY S/S VISUAL INSPECTION,VICIVGA01,Do you want to report any condition deterioration of the asset?,YES,nan,S-2927340,SRR-36354401,CARE,TSWSWAE,TSW,11,CARE2,Civil Item
17/09/2025,1.0,4,RASS1STECH,RASS1STECH,GAN,nan,RVSGANAA,GANTRY S/S VISUAL INSPECTION,VICIVGA01,Do you want to report any condition deterioration of the asset?,YES,nan,S-2929272,SRR-36372998,RASS,TSWSWAE,TSW,11,RASS1,Civil Item
17/09/2025,,1,RASS4SCARE,RASS4SCARE,TRCH,nan,RVSCIVAA,TRENCH RD X S/S VISUAL INSECTION,VICIVTC05,Do you want to report Trench or crossing?,TRENCH,nan,S-2929278,SRR-36373157,RASS,TSWSWAE,TSW,5,RASS4,Civil Item
17/09/2025,,1,WHGA2SCARE,WHGA2SCARE,TRCH,nan,RVSCIVAA,TRENCH RD X S/S VISUAL INSECTION,VICIVTC05,Do you want to report Trench or crossing?,TRENCH,nan,S-2930141,SRR-36382488,WHGA,TNWMANN,TNW,5,WHGA2,Civil Item
17/09/2025,,1,WHGA2SCARE,WHGA2SCARE,TRCH,nan,RVSCIVAA,TRENCH RD X S/S VISUAL INSECTION,VICIVTC05,Do you want to report Trench or crossing?,TRENCH,nan,S-2930143,SRR-36382493,WHGA,TNWMANN,TNW,5,WHGA2,Civil Item
17/09/2025,,1,WHGA2SCARE,WHGA2SCARE,TRCH,nan,RVSCIVAA,TRENCH RD X S/S VISUAL INSECTION,VICIVTC05,Do you want to report Trench or crossing?,TRENCH,nan,S-2930145,SRR-36382498,WHGA,TNWMANN,TNW,5,WHGA2,Civil Item
22/09/2025,,1,SBRI3RSCARE,SBRI3RSCARE,TRCH,nan,RVSCIVAA,TRENCH RD X S/S VISUAL INSECTION,VICIVTC05,Do you want to report Trench or crossing?,TRENCH,nan,S-2935625,SRR-36437388,SBRI,TSWSWAE,TSW,5,SBRI3,Civil Item
22/09/2025,,1,TREM2SCARE,TREM2SCARE,TRCH,nan,RVSCIVAA,TRENCH RD X S/S VISUAL INSECTION,VICIVTC05,Do you want to report Trench or crossing?,TRENCH,nan,S-2936171,SRR-36443167,TREM,TSWSWAE,TSW,5,TREM2,Civil Item
22/09/2025,0.0,4,CARE1STECH,CARE1STECH,GAN,nan,RVSGANAA,GANTRY S/S VISUAL INSPECTION,VICIVGA01,Do you want to report any condition deterioration of the asset?,NO,nan,S-2936301,SRR-36443638,CARE,TSWSWAE,TSW,11,CARE1,Civil Item
22/09/2025,,1,CARE1SCARE,CARE1SCARE,TRCH,nan,RVSCIVAA,TRENCH RD X S/S VISUAL INSECTION,VICIVTC05,Do you want to report Trench or crossing?,TRENCH,nan,S-2936419,SRR-36444109,CARE,TSWSWAE,TSW,5,CARE1,Civil Item
23/09/2025,,1,TREM2SCARE,TREM2SCARE,TRCH,nan,RVSCIVAA,TRENCH RD X S/S VISUAL INSECTION,VICIVTC05,Do you want to report Trench or crossing?,TRENCH,nan,S-2937420,SRR-36456581,TREM,TSWSWAE,TSW,5,TREM2,Civil Item
23/09/2025,,1,TREM2SCARE,TREM2SCARE,TRCH,nan,RVSCIVAA,TRENCH RD X S/S VISUAL INSECTION,VICIVTC05,Do you want to report Trench or crossing?,TRENCH,nan,S-2937436,SRR-36456692,TREM,TSWSWAE,TSW,5,TREM2,Civil Item
23/09/2025,,1,TREM2SCARE,TREM2SCARE,TRCH,nan,RVSCIVAA,TRENCH RD X S/S VISUAL INSECTION,VICIVTC05,Do you want to report Trench or crossing?,TRENCH,nan,S-2937456,SRR-36456778,TREM,TSWSWAE,TSW,5,TREM2,Civil Item
23/09/2025,,1,SBRI3RSCARE,SBRI3RSCARE,TRCH,nan,RVSCIVAA,TRENCH RD X S/S VISUAL INSECTION,VICIVTC05,Do you want to report Trench or crossing?,TRENCH,nan,S-2937709,SRR-36458248,SBRI,TSWSWAE,TSW,5,SBRI3,Civil Item
23/09/2025,,1,SBRI3RSCARE,SBRI3RSCARE,TRCH,nan,RVSCIVAA,TRENCH RD X S/S VISUAL INSECTION,VICIVTC05,Do you want to report Trench or crossing?,TRENCH,nan,S-2937769,SRR-36458812,SBRI,TSWSWAE,TSW,5,SBRI3,Civil Item
24/09/2025,,1,PENE1GSCARE,PENE1GSCARE,TRCH,nan,RVSCIVAA,TRENCH RD X S/S VISUAL INSECTION,VICIVTC05,Do you want to report Trench or crossing?,TRENCH,nan,S-2940635,SRR-36489022,PENE,TNWLANS,TNW,5,PENE1,Civil Item
26/09/2025,0.0,4,RASS1STECH,RASS1STECH,GAN,nan,RVSGANAA,GANTRY S/S VISUAL INSPECTION,VICIVGA01,Do you want to report any condition deterioration of the asset?,NO,nan,S-2946357,SRR-36542599,RASS,TSWSWAE,TSW,11,RASS1,Civil Item
26/09/2025,,1,RASS4SCARE,RASS4SCARE,TRCH,nan,RVSCIVAA,TRENCH RD X S/S VISUAL INSECTION,VICIVTC05,Do you want to report Trench or crossing?,TRENCH,nan,S-2946414,SRR-36542890,RASS,TSWSWAE,TSW,5,RASS4,Civil Item
26/09/2025,0.0,4,ELTH1STECH,ELTH1STECH,GAN,nan,RVSGANAA,GANTRY S/S VISUAL INSPECTION,VICIVGA01,Do you want to report any condition deterioration of the asset?,NO,nan,S-2946824,SRR-36545398,ELTH,TLNSOTH,TLN,11,ELTH1,Civil Item
26/09/2025,0.0,4,ELTH1STECH,ELTH1STECH,GAN,nan,RVSGANAA,GANTRY S/S VISUAL INSPECTION,VICIVGA01,Do you want to report any condition deterioration of the asset?,NO,nan,S-2946852,SRR-36545531,ELTH,TLNSOTH,TLN,11,ELTH1,Civil Item
26/09/2025,0.0,4,ELTH1STECH,ELTH1STECH,GAN,nan,RVSGANAA,GANTRY S/S VISUAL INSPECTION,VICIVGA01,Do you want to report any condition deterioration of the asset?,NO,nan,S-2946883,SRR-36545872,ELTH,TLNSOTH,TLN,11,ELTH1,Civil Item
26/09/2025,0.0,4,ELTH1STECH,ELTH1STECH,GAN,nan,RVSGANAA,GANTRY S/S VISUAL INSPECTION,VICIVGA01,Do you want to report any condition deterioration of the asset?,NO,nan,S-2946911,SRR-36546005,ELTH,TLNSOTH,TLN,11,ELTH1,Civil Item
26/09/2025,,1,ELTH1SCARE,ELTH1SCARE,TRCH,nan,RVSCIVAA,TRENCH RD X S/S VISUAL INSECTION,VICIVTC05,Do you want to report Trench or crossing?,TRENCH,nan,S-2946972,SRR-36546283,ELTH,TLNSOTH,TLN,5,ELTH1,Civil Item
26/09/2025,,1,ELTH1SCARE,ELTH1SCARE,TRCH,nan,RVSCIVAA,TRENCH RD X S/S VISUAL INSECTION,VICIVTC05,Do you want to report Trench or crossing?,TRENCH,nan,S-2947001,SRR-36546417,ELTH,TLNSOTH,TLN,5,ELTH1,Civil Item
26/09/2025,,1,ELTH1SCARE,ELTH1SCARE,TRCH,nan,RVSCIVAA,TRENCH RD X S/S VISUAL INSECTION,VICIVTC05,Do you want to report Trench or crossing?,TRENCH,nan,S-2947030,SRR-36546551,ELTH,TLNSOTH,TLN,5,ELTH1,Civil Item
26/09/2025,,1,ELTH1SCARE,ELTH1SCARE,TRCH,nan,RVSCIVAA,TRENCH RD X S/S VISUAL INSECTION,VICIVTC05,Do you want to report Trench or crossing?,TRENCH,nan,S-2947060,SRR-36546686,ELTH,TLNSOTH,TLN,5,ELTH1,Civil Item
29/09/2025,,1,FOXJ3RSCARE,FOXJ3RSCARE,TRCH,nan,RVSCIVAA,TRENCH RD X S/S VISUAL INSECTION,VICIVTC05,Do you want to report Trench or crossing?,TRENCH,nan,S-2948811,SRR-36569448,FOXJ,TSWCHIL,TSW,5,FOXJ3,Civil Item
29/09/2025,,1,CULJ4SCARE,CULJ4SCARE,TRCH,nan,RVSCIVAA,TRENCH RD X S/S VISUAL INSECTION,VICIVTC05,Do you want to report Trench or crossing?,TRENCH,nan,S-2949198,SRR-36573587,CULJ,TSWCHIL,TSW,5,CULJ4,Civil Item
29/09/2025,,1,CULJ4SCARE,CULJ4SCARE,TRCH,nan,RVSCIVAA,TRENCH RD X S/S VISUAL INSECTION,VICIVTC05,Do you want to report Trench or crossing?,TRENCH,nan,S-2949225,SRR-36573729,CULJ,TSWCHIL,TSW,5,CULJ4,Civil Item
30/09/2025,,1,STSB4SCARE,STSB4SCARE,TRCH,nan,RVSCIVAA,TRENCH RD X S/S VISUAL INSECTION,VICIVTC05,Do you want to report Trench or crossing?,TRENCH,nan,S-2952681,SRR-36608094,STSB,TNESHEF,TNE,5,STSB4,Civil Item
30/09/2025,,1,STSB4SCARE,STSB4SCARE,TRCH,nan,RVSCIVAA,TRENCH RD X S/S VISUAL INSECTION,VICIVTC05,Do you want to report Trench or crossing?,TRENCH,nan,S-2952694,SRR-36608135,STSB,TNESHEF,TNE,5,STSB4,Civil Item
30/09/2025,,1,STSB4SCARE,STSB4SCARE,TRCH,nan,RVSCIVAA,TRENCH RD X S/S VISUAL INSECTION,VICIVTC05,Do you want to report Trench or crossing?,TRENCH,nan,S-2952704,SRR-36608161,STSB,TNESHEF,TNE,5,STSB4,Civil Item
01/10/2025,,1,TINP2SCARE,TINP2SCARE,TRCH,nan,RVSCIVAA,TRENCH RD X S/S VISUAL INSECTION,VICIVTC05,Do you want to report Trench or crossing?,TRENCH,nan,S-2956622,SRR-36655574,TINP,TNESHEF,TNE,5,TINP2,Civil Item
01/10/2025,,1,TINP2SCARE,TINP2SCARE,TRCH,nan,RVSCIVAA,TRENCH RD X S/S VISUAL INSECTION,VICIVTC05,Do you want to report Trench or crossing?,TRENCH,nan,S-2956625,SRR-36655582,TINP,TNESHEF,TNE,5,TINP2,Civil Item
01/10/2025,,1,TINP2SCARE,TINP2SCARE,TRCH,nan,RVSCIVAA,TRENCH RD X S/S VISUAL INSECTION,VICIVTC05,Do you want to report Trench or crossing?,TRENCH,nan,S-2956653,SRR-36656144,TINP,TNESHEF,TNE,5,TINP2,Civil Item
01/10/2025,,1,TINP2SCARE,TINP2SCARE,TRCH,nan,RVSCIVAA,TRENCH RD X S/S VISUAL INSECTION,VICIVTC05,Do you want to report Trench or crossing?,TRENCH,nan,S-2956655,SRR-36656149,TINP,TNESHEF,TNE,5,TINP2,Civil Item
02/10/2025,,1,KIBY1BSCARE,KIBY1BSCARE,TRCH,nan,RVSCIVAA,TRENCH RD X S/S VISUAL INSECTION,VICIVTC05,Do you want to report Trench or crossing?,TRENCH,nan,S-2960095,SRR-36700202,KIBY,TNWMERS,TNW,5,KIBY1,Civil Item
02/10/2025,,1,KIBY1BSCARE,KIBY1BSCARE,TRCH,nan,RVSCIVAA,TRENCH RD X S/S VISUAL INSECTION,VICIVTC05,Do you want to report Trench or crossing?,TRENCH,nan,S-2960101,SRR-36700242,KIBY,TNWMERS,TNW,5,KIBY1,Civil Item
02/10/2025,,1,KIBY1BSCARE,KIBY1BSCARE,TRCH,nan,RVSCIVAA,TRENCH RD X S/S VISUAL INSECTION,VICIVTC05,Do you want to report Trench or crossing?,TRENCH,nan,S-2960107,SRR-36700265,KIBY,TNWMERS,TNW,5,KIBY1,Civil Item
02/10/2025,,1,KIBY1BSCARE,KIBY1BSCARE,TRCH,nan,RVSCIVAA,TRENCH RD X S/S VISUAL INSECTION,VICIVTC05,Do you want to report Trench or crossing?,TRENCH,nan,S-2960113,SRR-36700292,KIBY,TNWMERS,TNW,5,KIBY1,Civil Item
02/10/2025,,1,PENE1GSCARE,PENE1GSCARE,TRCH,nan,RVSCIVAA,TRENCH RD X S/S VISUAL INSECTION,VICIVTC05,Do you want to report Trench or crossing?,TRENCH,nan,S-2960317,SRR-36702575,PENE,TNWLANS,TNW,5,PENE1,Civil Item
02/10/2025,,1,PENE1GSCARE,PENE1GSCARE,TRCH,nan,RVSCIVAA,TRENCH RD X S/S VISUAL INSECTION,VICIVTC05,Do you want to report Trench or crossing?,TRENCH,nan,S-2960324,SRR-36702614,PENE,TNWLANS,TNW,5,PENE1,Civil Item
02/10/2025,,1,PENE1GSCARE,PENE1GSCARE,TRCH,nan,RVSCIVAA,TRENCH RD X S/S VISUAL INSECTION,VICIVTC05,Do you want to report Trench or crossing?,TRENCH,nan,S-2960333,SRR-36702664,PENE,TNWLANS,TNW,5,PENE1,Civil Item
02/10/2025,,1,PENW1GSCARE,PENW1GSCARE,TRCH,nan,RVSCIVAA,TRENCH RD X S/S VISUAL INSECTION,VICIVTC05,Do you want to report Trench or crossing?,TRENCH,nan,S-2960344,SRR-36702856,PENW,TNWLANS,TNW,5,PENW1,Civil Item
02/10/2025,,1,PENW1GSCARE,PENW1GSCARE,TRCH,nan,RVSCIVAA,TRENCH RD X S/S VISUAL INSECTION,VICIVTC05,Do you want to report Trench or crossing?,TRENCH,nan,S-2960348,SRR-36702899,PENW,TNWLANS,TNW,5,PENW1,Civil Item
02/10/2025,,1,PENW1GSCARE,PENW1GSCARE,TRCH,nan,RVSCIVAA,TRENCH RD X S/S VISUAL INSECTION,VICIVTC05,Do you want to report Trench or crossing?,TRENCH,nan,S-2960354,SRR-36702963,PENW,TNWLANS,TNW,5,PENW1,Civil Item
02/10/2025,,1,PENW1GSCARE,PENW1GSCARE,TRCH,nan,RVSCIVAA,TRENCH RD X S/S VISUAL INSECTION,VICIVTC05,Do you want to report Trench or crossing?,TRENCH,nan,S-2960373,SRR-36703394,PENW,TNWLANS,TNW,5,PENW1,Civil Item
03/10/2025,1.0,4,ROCK4STECH,ROCK4STECH,GAN,nan,RVSGANAA,GANTRY S/S VISUAL INSPECTION,VICIVGA01,Do you want to report any condition deterioration of the asset?,YES,nan,S-2961318,SRR-36713612,ROCK,TNWMERS,TNW,11,ROCK4,Civil Item
03/10/2025,,1,ROCK4SCARE,ROCK4SCARE,TRCH,nan,RVSCIVAA,TRENCH RD X S/S VISUAL INSECTION,VICIVTC05,Do you want to report Trench or crossing?,TRENCH,nan,S-2961361,SRR-36713890,ROCK,TNWMERS,TNW,5,ROCK4,Civil Item
03/10/2025,,1,ROCK4SCARE,ROCK4SCARE,TRCH,nan,RVSCIVAA,TRENCH RD X S/S VISUAL INSECTION,VICIVTC05,Do you want to report Trench or crossing?,TRENCH,nan,S-2961361,SRR-36713893,ROCK,TNWMERS,TNW,5,ROCK4,Civil Item
03/10/2025,,1,ROCK4SCARE,ROCK4SCARE,TRCH,nan,RVSCIVAA,TRENCH RD X S/S VISUAL INSECTION,VICIVTC05,Do you want to report Trench or crossing?,TRENCH,nan,S-2961361,SRR-36713896,ROCK,TNWMERS,TNW,5,ROCK4,Civil Item
03/10/2025,,1,ROCK4SCARE,ROCK4SCARE,TRCH,nan,RVSCIVAA,TRENCH RD X S/S VISUAL INSECTION,VICIVTC05,Do you want to report Trench or crossing?,TRENCH,nan,S-2961361,SRR-36713899,ROCK,TNWMERS,TNW,5,ROCK4,Civil Item
03/10/2025,,1,ROCK4SCARE,ROCK4SCARE,TRCH,nan,RVSCIVAA,TRENCH RD X S/S VISUAL INSECTION,VICIVTC05,Do you want to report Trench or crossing?,TRENCH,nan,S-2961361,SRR-36713902,ROCK,TNWMERS,TNW,5,ROCK4,Civil Item
07/10/2025,1.0,4,BRWA1STECH,BRWA1STECH,GAN,nan,RVSGANAA,GANTRY S/S VISUAL INSPECTION,VICIVGA01,Do you want to report any condition deterioration of the asset?,YES,nan,S-2966009,SRR-36767717,BRWA,TSWMEWE,TSW,11,BRWA1,Civil Item
07/10/2025,,1,ROCK4SCARE,ROCK4SCARE,TRCH,nan,RVSCIVAA,TRENCH RD X S/S VISUAL INSECTION,VICIVTC05,Do you want to report Trench or crossing?,TRENCH,nan,S-2969088,SRR-36796909,ROCK,TNWMERS,TNW,5,ROCK4,Civil Item
07/10/2025,,1,ROCK4SCARE,ROCK4SCARE,TRCH,nan,RVSCIVAA,TRENCH RD X S/S VISUAL INSECTION,VICIVTC05,Do you want to report Trench or crossing?,VEHICLE CROSSING,nan,S-2969092,SRR-36796924,ROCK,TNWMERS,TNW,5,ROCK4,Civil Item
07/10/2025,,1,ROCK4SCARE,ROCK4SCARE,TRCH,nan,RVSCIVAA,TRENCH RD X S/S VISUAL INSECTION,VICIVTC05,Do you want to report Trench or crossing?,VEHICLE CROSSING,nan,S-2969096,SRR-36796939,ROCK,TNWMERS,TNW,5,ROCK4,Civil Item
07/10/2025,,1,BRWA1SCARE,BRWA1SCARE,TRCH,nan,RVSCIVAA,TRENCH RD X S/S VISUAL INSECTION,VICIVTC05,Do you want to report Trench or crossing?,TRENCH,nan,S-2969109,SRR-36796993,BRWA,TSWMEWE,TSW,5,BRWA1,Civil Item
07/10/2025,,1,BRWA4SCARE,BRWA4SCARE,TRCH,nan,RVSCIVAA,TRENCH RD X S/S VISUAL INSECTION,VICIVTC05,Do you want to report Trench or crossing?,TRENCH,nan,S-2969115,SRR-36797018,BRWA,TSWMEWE,TSW,5,BRWA4,Civil Item
07/10/2025,,1,BARK1GSCARE,BARK1GSCARE,TRCH,nan,RVSCIVAA,TRENCH RD X S/S VISUAL INSECTION,VICIVTC05,Do you want to report Trench or crossing?,TRENCH,nan,S-2969126,SRR-36797064,BARK,TLNEAST,TLN,5,BARK1,Civil Item
07/10/2025,,1,BARK1GSCARE,BARK1GSCARE,TRCH,nan,RVSCIVAA,TRENCH RD X S/S VISUAL INSECTION,VICIVTC05,Do you want to report Trench or crossing?,TRENCH,nan,S-2969129,SRR-36797074,BARK,TLNEAST,TLN,5,BARK1,Civil Item
07/10/2025,,1,BARK1GSCARE,BARK1GSCARE,TRCH,nan,RVSCIVAA,TRENCH RD X S/S VISUAL INSECTION,VICIVTC05,Do you want to report Trench or crossing?,TRENCH,nan,S-2969132,SRR-36797084,BARK,TLNEAST,TLN,5,BARK1,Civil Item
07/10/2025,,1,SHUR4SCARE,SHUR4SCARE,TRCH,nan,RVSCIVAA,TRENCH RD X S/S VISUAL INSECTION,VICIVTC05,Do you want to report Trench or crossing?,TRENCH,nan,S-2969154,SRR-36797169,SHUR,TSWMEWE,TSW,5,SHUR4,Civil Item
07/10/2025,,1,WIEN1SCARE,WIEN1SCARE,TRCH,nan,RVSCIVAA,TRENCH RD X S/S VISUAL INSECTION,VICIVTC05,Do you want to report Trench or crossing?,TRENCH,nan,S-2969184,SRR-36797282,WIEN,TCNSTAF,TCN,5,WIEN1,Civil Item
07/10/2025,,1,WIEN1SCARE,WIEN1SCARE,TRCH,nan,RVSCIVAA,TRENCH RD X S/S VISUAL INSECTION,VICIVTC05,Do you want to report Trench or crossing?,TRENCH,nan,S-2969187,SRR-36797292,WIEN,TCNSTAF,TCN,5,WIEN1,Civil Item
07/10/2025,,1,WIEN1SCARE,WIEN1SCARE,TRCH,nan,RVSCIVAA,TRENCH RD X S/S VISUAL INSECTION,VICIVTC05,Do you want to report Trench or crossing?,TRENCH,nan,S-2969190,SRR-36797302,WIEN,TCNSTAF,TCN,5,WIEN1,Civil Item
07/10/2025,,1,WIEN1SCARE,WIEN1SCARE,TRCH,nan,RVSCIVAA,TRENCH RD X S/S VISUAL INSECTION,VICIVTC05,Do you want to report Trench or crossing?,TRENCH,nan,S-2969193,SRR-36797312,WIEN,TCNSTAF,TCN,5,WIEN1,Civil Item
08/10/2025,,1,NECE1SCARE,NECE1SCARE,TRCH,nan,RVSCIVAA,TRENCH RD X S/S VISUAL INSECTION,VICIVTC05,Do you want to report Trench or crossing?,TRENCH,nan,S-2971600,SRR-36824013,NECE,TCNSTAF,TCN,5,NECE1,Civil Item
08/10/2025,,1,NECE1SCARE,NECE1SCARE,TRCH,nan,RVSCIVAA,TRENCH RD X S/S VISUAL INSECTION,VICIVTC05,Do you want to report Trench or crossing?,TRENCH,nan,S-2971603,SRR-36824022,NECE,TCNSTAF,TCN,5,NECE1,Civil Item
08/10/2025,,1,NECE1SCARE,NECE1SCARE,TRCH,nan,RVSCIVAA,TRENCH RD X S/S VISUAL INSECTION,VICIVTC05,Do you want to report Trench or crossing?,TRENCH,nan,S-2971607,SRR-36824035,NECE,TCNSTAF,TCN,5,NECE1,Civil Item
08/10/2025,,1,NECE1SCARE,NECE1SCARE,TRCH,nan,RVSCIVAA,TRENCH RD X S/S VISUAL INSECTION,VICIVTC05,Do you want to report Trench or crossing?,TRENCH,nan,S-2971617,SRR-36824143,NECE,TCNSTAF,TCN,5,NECE1,Civil Item
09/10/2025,0.0,4,SAFO4STECH,SAFO4STECH,GAN,nan,RVSGANAA,GANTRY S/S VISUAL INSPECTION,VICIVGA01,Do you want to report any condition deterioration of the asset?,NO,nan,S-2975868,SRR-36874062,SAFO,TSWMEWE,TSW,11,SAFO4,Civil Item
09/10/2025,0.0,4,SAFO4STECH,SAFO4STECH,GAN,nan,RVSGANAA,GANTRY S/S VISUAL INSPECTION,VICIVGA01,Do you want to report any condition deterioration of the asset?,NO,nan,S-2975897,SRR-36874181,SAFO,TSWMEWE,TSW,11,SAFO4,Civil Item
09/10/2025,0.0,4,SAFO1STECH,SAFO1STECH,GAN,nan,RVSGANAA,GANTRY S/S VISUAL INSPECTION,VICIVGA01,Do you want to report any condition deterioration of the asset?,NO,nan,S-2975921,SRR-36874303,SAFO,TSWMEWE,TSW,11,SAFO1,Civil Item
09/10/2025,0.0,4,SAFO1STECH,SAFO1STECH,GAN,nan,RVSGANAA,GANTRY S/S VISUAL INSPECTION,VICIVGA01,Do you want to report any condition deterioration of the asset?,NO,nan,S-2975970,SRR-36874578,SAFO,TSWMEWE,TSW,11,SAFO1,Civil Item
09/10/2025,0.0,4,SAFO1STECH,SAFO1STECH,GAN,nan,RVSGANAA,GANTRY S/S VISUAL INSPECTION,VICIVGA01,Do you want to report any condition deterioration of the asset?,NO,nan,S-2975994,SRR-36874665,SAFO,TSWMEWE,TSW,11,SAFO1,Civil Item
09/10/2025,,1,SAFO4SCARE,SAFO4SCARE,TRCH,nan,RVSCIVAA,TRENCH RD X S/S VISUAL INSECTION,VICIVTC05,Do you want to report Trench or crossing?,TRENCH,nan,S-2976018,SRR-36874735,SAFO,TSWMEWE,TSW,5,SAFO4,Civil Item
09/10/2025,,1,SAFO4SCARE,SAFO4SCARE,TRCH,nan,RVSCIVAA,TRENCH RD X S/S VISUAL INSECTION,VICIVTC05,Do you want to report Trench or crossing?,TRENCH,nan,S-2976036,SRR-36874801,SAFO,TSWMEWE,TSW,5,SAFO4,Civil Item
09/10/2025,,1,SAFO4SCARE,SAFO4SCARE,TRCH,nan,RVSCIVAA,TRENCH RD X S/S VISUAL INSECTION,VICIVTC05,Do you want to report Trench or crossing?,TRENCH,nan,S-2976057,SRR-36874962,SAFO,TSWMEWE,TSW,5,SAFO4,Civil Item
09/10/2025,,1,SAFO1SCARE,SAFO1SCARE,TRCH,nan,RVSCIVAA,TRENCH RD X S/S VISUAL INSECTION,VICIVTC05,Do you want to report Trench or crossing?,TRENCH,nan,S-2976085,SRR-36875149,SAFO,TSWMEWE,TSW,5,SAFO1,Civil Item
09/10/2025,,1,SAFO1SCARE,SAFO1SCARE,TRCH,nan,RVSCIVAA,TRENCH RD X S/S VISUAL INSECTION,VICIVTC05,Do you want to report Trench or crossing?,TRENCH,nan,S-2976119,SRR-36875516,SAFO,TSWMEWE,TSW,5,SAFO1,Civil Item
09/10/2025,,1,SAFO1SCARE,SAFO1SCARE,TRCH,nan,RVSCIVAA,TRENCH RD X S/S VISUAL INSECTION,VICIVTC05,Do you want to report Trench or crossing?,TRENCH,nan,S-2976144,SRR-36875611,SAFO,TSWMEWE,TSW,5,SAFO1,Civil Item
09/10/2025,,1,CULJ4SCARE,CULJ4SCARE,TRCH,nan,RVSCIVAA,TRENCH RD X S/S VISUAL INSECTION,VICIVTC05,Do you want to report Trench or crossing?,TRENCH,nan,S-2976244,SRR-36876188,CULJ,TSWCHIL,TSW,5,CULJ4,Civil Item
09/10/2025,,1,FOXJ3RSCARE,FOXJ3RSCARE,TRCH,nan,RVSCIVAA,TRENCH RD X S/S VISUAL INSECTION,VICIVTC05,Do you want to report Trench or crossing?,TRENCH,nan,S-2976346,SRR-36876564,FOXJ,TSWCHIL,TSW,5,FOXJ3,Civil Item
09/10/2025,,1,FOXJ3RSCARE,FOXJ3RSCARE,TRCH,nan,RVSCIVAA,TRENCH RD X S/S VISUAL INSECTION,VICIVTC05,Do you want to report Trench or crossing?,TRENCH,nan,S-2976358,SRR-36876607,FOXJ,TSWCHIL,TSW,5,FOXJ3,Civil Item
09/10/2025,,1,BRWA1SCARE,BRWA1SCARE,TRCH,nan,RVSCIVAA,TRENCH RD X S/S VISUAL INSECTION,VICIVTC05,Do you want to report Trench or crossing?,TRENCH,nan,S-2976431,SRR-36876987,BRWA,TSWMEWE,TSW,5,BRWA1,Civil Item
09/10/2025,,1,BRWA1SCARE,BRWA1SCARE,TRCH,nan,RVSCIVAA,TRENCH RD X S/S VISUAL INSECTION,VICIVTC05,Do you want to report Trench or crossing?,TRENCH,nan,S-2976443,SRR-36877030,BRWA,TSWMEWE,TSW,5,BRWA1,Civil Item
09/10/2025,,1,BRWA1SCARE,BRWA1SCARE,TRCH,nan,RVSCIVAA,TRENCH RD X S/S VISUAL INSECTION,VICIVTC05,Do you want to report Trench or crossing?,TRENCH,nan,S-2976455,SRR-36877073,BRWA,TSWMEWE,TSW,5,BRWA1,Civil Item
09/10/2025,0.0,4,BRWA1STECH,BRWA1STECH,GAN,nan,RVSGANAA,GANTRY S/S VISUAL INSPECTION,VICIVGA01,Do you want to report any condition deterioration of the asset?,NO,nan,S-2976467,SRR-36877182,BRWA,TSWMEWE,TSW,11,BRWA1,Civil Item
09/10/2025,0.0,4,BRWA1STECH,BRWA1STECH,GAN,nan,RVSGANAA,GANTRY S/S VISUAL INSPECTION,VICIVGA01,Do you want to report any condition deterioration of the asset?,NO,nan,S-2976482,SRR-36877295,BRWA,TSWMEWE,TSW,11,BRWA1,Civil Item
09/10/2025,0.0,4,BRWA1STECH,BRWA1STECH,GAN,nan,RVSGANAA,GANTRY S/S VISUAL INSPECTION,VICIVGA01,Do you want to report any condition deterioration of the asset?,NO,nan,S-2976488,SRR-36877318,BRWA,TSWMEWE,TSW,11,BRWA1,Civil Item
09/10/2025,,1,BRWA4SCARE,BRWA4SCARE,TRCH,nan,RVSCIVAA,TRENCH RD X S/S VISUAL INSECTION,VICIVTC05,Do you want to report Trench or crossing?,TRENCH,nan,S-2976540,SRR-36877605,BRWA,TSWMEWE,TSW,5,BRWA4,Civil Item
09/10/2025,,1,BRWA4SCARE,BRWA4SCARE,TRCH,nan,RVSCIVAA,TRENCH RD X S/S VISUAL INSECTION,VICIVTC05,Do you want to report Trench or crossing?,TRENCH,nan,S-2976547,SRR-36877629,BRWA,TSWMEWE,TSW,5,BRWA4,Civil Item
09/10/2025,,1,BRWA4SCARE,BRWA4SCARE,TRCH,nan,RVSCIVAA,TRENCH RD X S/S VISUAL INSECTION,VICIVTC05,Do you want to report Trench or crossing?,TRENCH,nan,S-2976555,SRR-36877718,BRWA,TSWMEWE,TSW,5,BRWA4,Civil Item
09/10/2025,0.0,4,BRWA4STECH,BRWA4STECH,GAN,nan,RVSGANAA,GANTRY S/S VISUAL INSPECTION,VICIVGA01,Do you want to report any condition deterioration of the asset?,NO,nan,S-2976561,SRR-36877743,BRWA,TSWMEWE,TSW,11,BRWA4,Civil Item
09/10/2025,0.0,4,BRWA4STECH,BRWA4STECH,GAN,nan,RVSGANAA,GANTRY S/S VISUAL INSPECTION,VICIVGA01,Do you want to report any condition deterioration of the asset?,NO,nan,S-2976568,SRR-36877771,BRWA,TSWMEWE,TSW,11,BRWA4,Civil Item
09/10/2025,0.0,4,BRWA4STECH,BRWA4STECH,GAN,nan,RVSGANAA,GANTRY S/S VISUAL INSPECTION,VICIVGA01,Do you want to report any condition deterioration of the asset?,NO,nan,S-2976578,SRR-36878007,BRWA,TSWMEWE,TSW,11,BRWA4,Civil Item
09/10/2025,0.0,4,SHUR4STECH,SHUR4STECH,GAN,nan,RVSGANAA,GANTRY S/S VISUAL INSPECTION,VICIVGA01,Do you want to report any condition deterioration of the asset?,NO,nan,S-2976740,SRR-36880495,SHUR,TSWMEWE,TSW,11,SHUR4,Civil Item
09/10/2025,0.0,4,SHUR4STECH,SHUR4STECH,GAN,nan,RVSGANAA,GANTRY S/S VISUAL INSPECTION,VICIVGA01,Do you want to report any condition deterioration of the asset?,NO,nan,S-2976756,SRR-36880532,SHUR,TSWMEWE,TSW,11,SHUR4,Civil Item
09/10/2025,,1,SHUR4SCARE,SHUR4SCARE,TRCH,nan,RVSCIVAA,TRENCH RD X S/S VISUAL INSECTION,VICIVTC05,Do you want to report Trench or crossing?,TRENCH,nan,S-2976795,SRR-36880614,SHUR,TSWMEWE,TSW,5,SHUR4,Civil Item
09/10/2025,,1,SHUR4SCARE,SHUR4SCARE,TRCH,nan,RVSCIVAA,TRENCH RD X S/S VISUAL INSECTION,VICIVTC05,Do you want to report Trench or crossing?,TRENCH,nan,S-2976803,SRR-36880642,SHUR,TSWMEWE,TSW,5,SHUR4,Civil Item
14/10/2025,,1,SPLN4SCARE,SPLN4SCARE,TRCH,nan,RVSCIVAA,TRENCH RD X S/S VISUAL INSECTION,VICIVTC05,Do you want to report Trench or crossing?,TRENCH,nan,S-2984625,SRR-36969212,SPLN,TCNNANG,TCN,5,SPLN4,Civil Item
16/10/2025,,1,STAL1SCARE,STAL1SCARE,TRCH,nan,RVSCIVAA,TRENCH RD X S/S VISUAL INSECTION,VICIVTC05,Do you want to report Trench or crossing?,TRENCH,nan,S-2993731,SRR-37055030,STAL,TNWMANN,TNW,5,STAL1,Civil Item
16/10/2025,0.0,4,CHIL4STECH,CHIL4STECH,GAN,nan,RVSGANAA,GANTRY S/S VISUAL INSPECTION,VICIVGA01,Do you want to report any condition deterioration of the asset?,NO,nan,S-2995115,SRR-37064775,CHIL,TSESOLT,TSE,11,CHIL4,Civil Item
17/10/2025,,1,STAL1SCARE,STAL1SCARE,TRCH,nan,RVSCIVAA,TRENCH RD X S/S VISUAL INSECTION,VICIVTC05,Do you want to report Trench or crossing?,TRENCH,nan,S-2997155,SRR-37085563,STAL,TNWMANN,TNW,5,STAL1,Civil Item
17/10/2025,,1,STAL1SCARE,STAL1SCARE,TRCH,nan,RVSCIVAA,TRENCH RD X S/S VISUAL INSECTION,VICIVTC05,Do you want to report Trench or crossing?,TRENCH,nan,S-2997163,SRR-37085594,STAL,TNWMANN,TNW,5,STAL1,Civil Item
17/10/2025,,1,STAL1SCARE,STAL1SCARE,TRCH,nan,RVSCIVAA,TRENCH RD X S/S VISUAL INSECTION,VICIVTC05,Do you want to report Trench or crossing?,TRENCH,nan,S-2997170,SRR-37085621,STAL,TNWMANN,TNW,5,STAL1,Civil Item
20/10/2025,1.0,4,LAGA4STECH,LAGA4STECH,GAN,nan,RVSGANAA,GANTRY S/S VISUAL INSPECTION,VICIVGA01,Do you want to report any condition deterioration of the asset?,YES,nan,S-3001235,SRR-37125606,LAGA,TSWTAMA,TSW,11,LAGA4,Civil Item
20/10/2025,,1,SWAN4SCARE,SWAN4SCARE,TRCH,nan,RVSCIVAA,TRENCH RD X S/S VISUAL INSECTION,VICIVTC05,Do you want to report Trench or crossing?,TRENCH,nan,S-3001868,SRR-37133233,SWAN,TSWSWAW,TSW,5,SWAN4,Civil Item
20/10/2025,,1,SWAN4SCARE,SWAN4SCARE,TRCH,nan,RVSCIVAA,TRENCH RD X S/S VISUAL INSECTION,VICIVTC05,Do you want to report Trench or crossing?,TRENCH,nan,S-3001871,SRR-37133243,SWAN,TSWSWAW,TSW,5,SWAN4,Civil Item
20/10/2025,,1,SWAN4SCARE,SWAN4SCARE,TRCH,nan,RVSCIVAA,TRENCH RD X S/S VISUAL INSECTION,VICIVTC05,Do you want to report Trench or crossing?,TRENCH,nan,S-3001874,SRR-37133253,SWAN,TSWSWAW,TSW,5,SWAN4,Civil Item
20/10/2025,,1,SWAN4SCARE,SWAN4SCARE,TRCH,nan,RVSCIVAA,TRENCH RD X S/S VISUAL INSECTION,VICIVTC05,Do you want to report Trench or crossing?,TRENCH,nan,S-3001877,SRR-37133263,SWAN,TSWSWAW,TSW,5,SWAN4,Civil Item
20/10/2025,1.0,4,SWAN4STECH,SWAN4STECH,GAN,nan,RVSGANAA,GANTRY S/S VISUAL INSPECTION,VICIVGA01,Do you want to report any condition deterioration of the asset?,YES,nan,S-3001929,SRR-37133606,SWAN,TSWSWAW,TSW,11,SWAN4,Civil Item
20/10/2025,,1,SWAN4SCARE,SWAN4SCARE,TRCH,nan,RVSCIVAA,TRENCH RD X S/S VISUAL INSECTION,VICIVTC05,Do you want to report Trench or crossing?,TRENCH,nan,S-3002004,SRR-37134318,SWAN,TSWSWAW,TSW,5,SWAN4,Civil Item
20/10/2025,,1,SWAN4SCARE,SWAN4SCARE,TRCH,nan,RVSCIVAA,TRENCH RD X S/S VISUAL INSECTION,VICIVTC05,Do you want to report Trench or crossing?,TRENCH,nan,S-3002008,SRR-37134333,SWAN,TSWSWAW,TSW,5,SWAN4,Civil Item
20/10/2025,,1,SWAN4SCARE,SWAN4SCARE,TRCH,nan,RVSCIVAA,TRENCH RD X S/S VISUAL INSECTION,VICIVTC05,Do you want to report Trench or crossing?,TRENCH,nan,S-3002016,SRR-37134356,SWAN,TSWSWAW,TSW,5,SWAN4,Civil Item
20/10/2025,,1,SWAN4SCARE,SWAN4SCARE,TRCH,nan,RVSCIVAA,TRENCH RD X S/S VISUAL INSECTION,VICIVTC05,Do you want to report Trench or crossing?,TRENCH,nan,S-3002023,SRR-37134410,SWAN,TSWSWAW,TSW,5,SWAN4,Civil Item
21/10/2025,0.0,4,WOCO1STECH,WOCO1STECH,GAN,nan,RVSGANAA,GANTRY S/S VISUAL INSPECTION,VICIVGA01,Do you want to report any condition deterioration of the asset?,NO,nan,S-3003023,SRR-37149662,WOCO,TSWMEWE,TSW,11,WOCO1,Civil Item
21/10/2025,,1,DUNG2SCARE,DUNG2SCARE,TRCH,nan,RVSCIVAA,TRENCH RD X S/S VISUAL INSECTION,VICIVTC05,Do you want to report Trench or crossing?,nan,nan,S-3003730,SRR-37160328,DUNG,TSEESUX,TSE,5,DUNG2,Civil Item
21/10/2025,,1,DUNG2SCARE,DUNG2SCARE,TRCH,nan,RVSCIVAA,TRENCH RD X S/S VISUAL INSECTION,VICIVTC05,Do you want to report Trench or crossing?,nan,nan,S-3004432,SRR-37172587,DUNG,TSEESUX,TSE,5,DUNG2,Civil Item
21/10/2025,,1,DUNG2SCARE,DUNG2SCARE,TRCH,nan,RVSCIVAA,TRENCH RD X S/S VISUAL INSECTION,VICIVTC05,Do you want to report Trench or crossing?,nan,nan,S-3004437,SRR-37172596,DUNG,TSEESUX,TSE,5,DUNG2,Civil Item
22/10/2025,1.0,4,ROCH1STECH,ROCH1STECH,GAN,nan,RVSGANAA,GANTRY S/S VISUAL INSPECTION,VICIVGA01,Do you want to report any condition deterioration of the asset?,YES,nan,S-3006311,SRR-37198068,ROCH,TNWMANN,TNW,11,ROCH1,Civil Item
22/10/2025,,1,DUNG4SCARE,DUNG4SCARE,TRCH,nan,RVSCIVAA,TRENCH RD X S/S VISUAL INSECTION,VICIVTC05,Do you want to report Trench or crossing?,nan,nan,S-3006728,SRR-37204578,DUNG,TSEESUX,TSE,5,DUNG4,Civil Item
22/10/2025,,1,DUNG4SCARE,DUNG4SCARE,TRCH,nan,RVSCIVAA,TRENCH RD X S/S VISUAL INSECTION,VICIVTC05,Do you want to report Trench or crossing?,nan,nan,S-3006741,SRR-37204774,DUNG,TSEESUX,TSE,5,DUNG4,Civil Item
22/10/2025,,1,DUNG4SCARE,DUNG4SCARE,TRCH,nan,RVSCIVAA,TRENCH RD X S/S VISUAL INSECTION,VICIVTC05,Do you want to report Trench or crossing?,nan,nan,S-3006752,SRR-37204976,DUNG,TSEESUX,TSE,5,DUNG4,Civil Item
23/10/2025,,1,ELST0SCARE,ELST0SCARE,TRCH,nan,RVSCIVAA,TRENCH RD X S/S VISUAL INSECTION,VICIVTC05,Do you want to report Trench or crossing?,TRENCH,nan,S-3010029,SRR-37242481,ELST,TLNCABL,TLN,5,ELST0,Civil Item
23/10/2025,,1,ELST0SCARE,ELST0SCARE,TRCH,nan,RVSCIVAA,TRENCH RD X S/S VISUAL INSECTION,VICIVTC05,Do you want to report Trench or crossing?,TRENCH,nan,S-3010039,SRR-37242596,ELST,TLNCABL,TLN,5,ELST0,Civil Item
23/10/2025,,1,ELST0SCARE,ELST0SCARE,TRCH,nan,RVSCIVAA,TRENCH RD X S/S VISUAL INSECTION,VICIVTC05,Do you want to report Trench or crossing?,TRENCH,nan,S-3010045,SRR-37242621,ELST,TLNCABL,TLN,5,ELST0,Civil Item
23/10/2025,,1,ELST0SCARE,ELST0SCARE,TRCH,nan,RVSCIVAA,TRENCH RD X S/S VISUAL INSECTION,VICIVTC05,Do you want to report Trench or crossing?,TRENCH,nan,S-3010049,SRR-37242632,ELST,TLNCABL,TLN,5,ELST0,Civil Item
23/10/2025,1.0,4,STAL2BSTECH,STAL2BSTECH,GAN,nan,RVSGANAA,GANTRY S/S VISUAL INSPECTION,VICIVGA01,Do you want to report any condition deterioration of the asset?,YES,nan,S-3010099,SRR-37242908,STAL,TNWMANN,TNW,11,STAL2,Civil Item
23/10/2025,,1,STAL2BSCARE,STAL2BSCARE,TRCH,nan,RVSCIVAA,TRENCH RD X S/S VISUAL INSECTION,VICIVTC05,Do you want to report Trench or crossing?,TRENCH,nan,S-3010151,SRR-37243475,STAL,TNWMANN,TNW,5,STAL2,Civil Item
27/10/2025,1.0,4,FROD1STECH,FROD1STECH,GAN,nan,RVSGANAA,GANTRY S/S VISUAL INSPECTION,VICIVGA01,Do you want to report any condition deterioration of the asset?,YES,nan,S-3015868,SRR-37307079,FROD,TNWCHIR,TNW,11,FROD1,Civil Item
27/10/2025,,1,FROD1SCARE,FROD1SCARE,TRCH,nan,RVSCIVAA,TRENCH RD X S/S VISUAL INSECTION,VICIVTC05,Do you want to report Trench or crossing?,TRENCH,nan,S-3015883,SRR-37307386,FROD,TNWCHIR,TNW,5,FROD1,Civil Item
27/10/2025,1.0,4,FROD1STECH,FROD1STECH,GAN,nan,RVSGANAA,GANTRY S/S VISUAL INSPECTION,VICIVGA01,Do you want to report any condition deterioration of the asset?,YES,nan,S-3016265,SRR-37311672,FROD,TNWCHIR,TNW,11,FROD1,Civil Item
27/10/2025,,1,FROD2SCARE,FROD2SCARE,TRCH,nan,RVSCIVAA,TRENCH RD X S/S VISUAL INSECTION,VICIVTC05,Do you want to report Trench or crossing?,TRENCH,nan,S-3017269,SRR-37325128,FROD,TNWCHIR,TNW,5,FROD2,Civil Item
27/10/2025,1.0,4,FROD4STECH,FROD4STECH,GAN,nan,RVSGANAA,GANTRY S/S VISUAL INSPECTION,VICIVGA01,Do you want to report any condition deterioration of the asset?,YES,nan,S-3017368,SRR-37326713,FROD,TNWCHIR,TNW,11,FROD4,Civil Item
27/10/2025,,1,FROD4SCARE,FROD4SCARE,TRCH,nan,RVSCIVAA,TRENCH RD X S/S VISUAL INSECTION,VICIVTC05,Do you want to report Trench or crossing?,TRENCH,nan,S-3017441,SRR-37327686,FROD,TNWCHIR,TNW,5,FROD4,Civil Item
28/10/2025,,1,FROD4SCARE,FROD4SCARE,TRCH,nan,RVSCIVAA,TRENCH RD X S/S VISUAL INSECTION,VICIVTC05,Do you want to report Trench or crossing?,TRENCH,nan,S-3019226,SRR-37351911,FROD,TNWCHIR,TNW,5,FROD4,Civil Item
28/10/2025,,1,FROD4SCARE,FROD4SCARE,TRCH,nan,RVSCIVAA,TRENCH RD X S/S VISUAL INSECTION,VICIVTC05,Do you want to report Trench or crossing?,TRENCH,nan,S-3019226,SRR-37351914,FROD,TNWCHIR,TNW,5,FROD4,Civil Item
28/10/2025,,1,FROD4SCARE,FROD4SCARE,TRCH,nan,RVSCIVAA,TRENCH RD X S/S VISUAL INSECTION,VICIVTC05,Do you want to report Trench or crossing?,TRENCH,nan,S-3019226,SRR-37351917,FROD,TNWCHIR,TNW,5,FROD4,Civil Item
29/10/2025,0.0,4,FROD1STECH,FROD1STECH,GAN,nan,RVSGANAA,GANTRY S/S VISUAL INSPECTION,VICIVGA01,Do you want to report any condition deterioration of the asset?,NO,nan,S-3020917,SRR-37371077,FROD,TNWCHIR,TNW,11,FROD1,Civil Item
29/10/2025,0.0,4,FROD1STECH,FROD1STECH,GAN,nan,RVSGANAA,GANTRY S/S VISUAL INSPECTION,VICIVGA01,Do you want to report any condition deterioration of the asset?,NO,nan,S-3020920,SRR-37371091,FROD,TNWCHIR,TNW,11,FROD1,Civil Item
29/10/2025,,1,FROD1SCARE,FROD1SCARE,TRCH,nan,RVSCIVAA,TRENCH RD X S/S VISUAL INSECTION,VICIVTC05,Do you want to report Trench or crossing?,TRENCH,nan,S-3021114,SRR-37373897,FROD,TNWCHIR,TNW,5,FROD1,Civil Item
29/10/2025,,1,FROD1SCARE,FROD1SCARE,TRCH,nan,RVSCIVAA,TRENCH RD X S/S VISUAL INSECTION,VICIVTC05,Do you want to report Trench or crossing?,TRENCH,nan,S-3021122,SRR-37373934,FROD,TNWCHIR,TNW,5,FROD1,Civil Item
29/10/2025,,1,FROD1SCARE,FROD1SCARE,TRCH,nan,RVSCIVAA,TRENCH RD X S/S VISUAL INSECTION,VICIVTC05,Do you want to report Trench or crossing?,TRENCH,nan,S-3021133,SRR-37374048,FROD,TNWCHIR,TNW,5,FROD1,Civil Item
30/10/2025,0.0,4,STAL2BSTECH,STAL2BSTECH,GAN,nan,RVSGANAA,GANTRY S/S VISUAL INSPECTION,VICIVGA01,Do you want to report any condition deterioration of the asset?,NO,nan,S-3023887,SRR-37405479,STAL,TNWMANN,TNW,11,STAL2,Civil Item
30/10/2025,,1,STAL2BSCARE,STAL2BSCARE,TRCH,nan,RVSCIVAA,TRENCH RD X S/S VISUAL INSECTION,VICIVTC05,Do you want to report Trench or crossing?,TRENCH,nan,S-3023896,SRR-37405517,STAL,TNWMANN,TNW,5,STAL2,Civil Item
30/10/2025,,1,STAL2BSCARE,STAL2BSCARE,TRCH,nan,RVSCIVAA,TRENCH RD X S/S VISUAL INSECTION,VICIVTC05,Do you want to report Trench or crossing?,TRENCH,nan,S-3023905,SRR-37405558,STAL,TNWMANN,TNW,5,STAL2,Civil Item
30/10/2025,,1,STAL2BSCARE,STAL2BSCARE,TRCH,nan,RVSCIVAA,TRENCH RD X S/S VISUAL INSECTION,VICIVTC05,Do you want to report Trench or crossing?,TRENCH,nan,S-3023916,SRR-37405627,STAL,TNWMANN,TNW,5,STAL2,Civil Item
30/10/2025,0.0,4,STAL2BSTECH,STAL2BSTECH,GAN,nan,RVSGANAA,GANTRY S/S VISUAL INSPECTION,VICIVGA01,Do you want to report any condition deterioration of the asset?,NO,nan,S-3023927,SRR-37405665,STAL,TNWMANN,TNW,11,STAL2,Civil Item
30/10/2025,0.0,4,STAL2BSTECH,STAL2BSTECH,GAN,nan,RVSGANAA,GANTRY S/S VISUAL INSPECTION,VICIVGA01,Do you want to report any condition deterioration of the asset?,NO,nan,S-3023934,SRR-37405692,STAL,TNWMANN,TNW,11,STAL2,Civil Item
30/10/2025,,1,FROD2SCARE,FROD2SCARE,TRCH,nan,RVSCIVAA,TRENCH RD X S/S VISUAL INSECTION,VICIVTC05,Do you want to report Trench or crossing?,TRENCH,nan,S-3024060,SRR-37406566,FROD,TNWCHIR,TNW,5,FROD2,Civil Item
30/10/2025,,1,FROD2SCARE,FROD2SCARE,TRCH,nan,RVSCIVAA,TRENCH RD X S/S VISUAL INSECTION,VICIVTC05,Do you want to report Trench or crossing?,TRENCH,nan,S-3024069,SRR-37406612,FROD,TNWCHIR,TNW,5,FROD2,Civil Item
30/10/2025,0.0,4,FROD2STECH,FROD2STECH,GAN,nan,RVSGANAA,GANTRY S/S VISUAL INSPECTION,VICIVGA01,Do you want to report any condition deterioration of the asset?,NO,nan,S-3024078,SRR-37406668,FROD,TNWCHIR,TNW,11,FROD2,Civil Item
30/10/2025,0.0,4,FROD2STECH,FROD2STECH,GAN,nan,RVSGANAA,GANTRY S/S VISUAL INSPECTION,VICIVGA01,Do you want to report any condition deterioration of the asset?,NO,nan,S-3024090,SRR-37406740,FROD,TNWCHIR,TNW,11,FROD2,Civil Item
30/10/2025,0.0,4,FROD2STECH,FROD2STECH,GAN,nan,RVSGANAA,GANTRY S/S VISUAL INSPECTION,VICIVGA01,Do you want to report any condition deterioration of the asset?,NO,nan,S-3024100,SRR-37406782,FROD,TNWCHIR,TNW,11,FROD2,Civil Item
30/10/2025,,1,FROD2SCARE,FROD2SCARE,TRCH,nan,RVSCIVAA,TRENCH RD X S/S VISUAL INSECTION,VICIVTC05,Do you want to report Trench or crossing?,TRENCH,nan,S-3024138,SRR-37407000,FROD,TNWCHIR,TNW,5,FROD2,Civil Item
31/10/2025,,1,FROD4SCARE,FROD4SCARE,TRCH,nan,RVSCIVAA,TRENCH RD X S/S VISUAL INSECTION,VICIVTC05,Do you want to report Trench or crossing?,TRENCH,nan,S-3026152,SRR-37435785,FROD,TNWCHIR,TNW,5,FROD4,Civil Item
31/10/2025,,1,FROD4SCARE,FROD4SCARE,TRCH,nan,RVSCIVAA,TRENCH RD X S/S VISUAL INSECTION,VICIVTC05,Do you want to report Trench or crossing?,TRENCH,nan,S-3026157,SRR-37435826,FROD,TNWCHIR,TNW,5,FROD4,Civil Item
03/11/2025,,1,PENT4SCARE,PENT4SCARE,TRCH,nan,RVSCIVAA,TRENCH RD X S/S VISUAL INSECTION,VICIVTC05,Do you want to report Trench or crossing?,TRENCH,nan,S-3028933,SRR-37479397,PENT,TNWNWAL,TNW,5,PENT4,Civil Item
04/11/2025,1.0,4,WALH4STECH,WALH4STECH,GAN,nan,RVSGANAA,GANTRY S/S VISUAL INSPECTION,VICIVGA01,Do you want to report any condition deterioration of the asset?,YES,nan,S-3031916,SRR-37503343,WALH,TSWSEVN,TSW,11,WALH4,Civil Item
11/11/2025,,1,WALH4SCARE,WALH4SCARE,TRCH,nan,RVSCIVAA,TRENCH RD X S/S VISUAL INSECTION,VICIVTC05,Do you want to report Trench or crossing?,TRENCH,nan,S-3042440,SRR-37660274,WALH,TSWSEVN,TSW,5,WALH4,Civil Item
17/11/2025,,1,CARE2SCARE,CARE2SCARE,TRCH,nan,RVSCIVAA,TRENCH RD X S/S VISUAL INSECTION,VICIVTC05,Do you want to report Trench or crossing?,TRENCH,nan,S-3048410,SRR-37750042,CARE,TSWSWAE,TSW,5,CARE2,Civil Item
17/11/2025,,1,CARE2SCARE,CARE2SCARE,TRCH,nan,RVSCIVAA,TRENCH RD X S/S VISUAL INSECTION,VICIVTC05,Do you want to report Trench or crossing?,TRENCH,nan,S-3048424,SRR-37750144,CARE,TSWSWAE,TSW,5,CARE2,Civil Item
17/11/2025,,1,RASS4SCARE,RASS4SCARE,TRCH,nan,RVSCIVAA,TRENCH RD X S/S VISUAL INSECTION,VICIVTC05,Do you want to report Trench or crossing?,TRENCH,nan,S-3048448,SRR-37750295,RASS,TSWSWAE,TSW,5,RASS4,Civil Item
18/11/2025,1.0,4,RHIG4STECH,RHIG4STECH,GAN,nan,RVSGANAA,GANTRY S/S VISUAL INSPECTION,VICIVGA01,Do you want to report any condition deterioration of the asset?,YES,nan,S-3050708,SRR-37772309,RHIG,TSWSWAW,TSW,11,RHIG4,Civil Item
18/11/2025,,1,RHIG4SCARE,RHIG4SCARE,TRCH,nan,RVSCIVAA,TRENCH RD X S/S VISUAL INSECTION,VICIVTC05,Do you want to report Trench or crossing?,TRENCH,nan,S-3050773,SRR-37772937,RHIG,TSWSWAW,TSW,5,RHIG4,Civil Item
19/11/2025,,1,BOTW1SCARE,BOTW1SCARE,TRCH,nan,RVSCIVAA,TRENCH RD X S/S VISUAL INSECTION,VICIVTC05,Do you want to report Trench or crossing?,TRENCH,nan,S-3055295,SRR-37811699,BOTW,TSESOLT,TSE,5,BOTW1,Civil Item
19/11/2025,,1,BOTW1SCARE,BOTW1SCARE,TRCH,nan,RVSCIVAA,TRENCH RD X S/S VISUAL INSECTION,VICIVTC05,Do you want to report Trench or crossing?,TRENCH,nan,S-3055369,SRR-37811950,BOTW,TSESOLT,TSE,5,BOTW1,Civil Item
19/11/2025,,1,BOTW1SCARE,BOTW1SCARE,TRCH,nan,RVSCIVAA,TRENCH RD X S/S VISUAL INSECTION,VICIVTC05,Do you want to report Trench or crossing?,TRENCH,nan,S-3055444,SRR-37812246,BOTW,TSESOLT,TSE,5,BOTW1,Civil Item
19/11/2025,,1,BOTW1SCARE,BOTW1SCARE,TRCH,nan,RVSCIVAA,TRENCH RD X S/S VISUAL INSECTION,VICIVTC05,Do you want to report Trench or crossing?,TRENCH,nan,S-3055527,SRR-37812706,BOTW,TSESOLT,TSE,5,BOTW1,Civil Item
19/11/2025,,1,CHIL4SCARE,CHIL4SCARE,TRCH,nan,RVSCIVAA,TRENCH RD X S/S VISUAL INSECTION,VICIVTC05,Do you want to report Trench or crossing?,TRENCH,nan,S-3055610,SRR-37813173,CHIL,TSESOLT,TSE,5,CHIL4,Civil Item
19/11/2025,,1,CHIL4SCARE,CHIL4SCARE,TRCH,nan,RVSCIVAA,TRENCH RD X S/S VISUAL INSECTION,VICIVTC05,Do you want to report Trench or crossing?,TRENCH,nan,S-3055685,SRR-37813455,CHIL,TSESOLT,TSE,5,CHIL4,Civil Item
19/11/2025,,1,CHIL4SCARE,CHIL4SCARE,TRCH,nan,RVSCIVAA,TRENCH RD X S/S VISUAL INSECTION,VICIVTC05,Do you want to report Trench or crossing?,TRENCH,nan,S-3055760,SRR-37813716,CHIL,TSESOLT,TSE,5,CHIL4,Civil Item
19/11/2025,,1,CHIL4SCARE,CHIL4SCARE,TRCH,nan,RVSCIVAA,TRENCH RD X S/S VISUAL INSECTION,VICIVTC05,Do you want to report Trench or crossing?,TRENCH,nan,S-3055835,SRR-37814005,CHIL,TSESOLT,TSE,5,CHIL4,Civil Item
19/11/2025,,1,RHIG4SCARE,RHIG4SCARE,TRCH,nan,RVSCIVAA,TRENCH RD X S/S VISUAL INSECTION,VICIVTC05,Do you want to report Trench or crossing?,TRENCH,nan,S-3056912,SRR-37820606,RHIG,TSWSWAW,TSW,5,RHIG4,Civil Item
19/11/2025,,1,RHIG4SCARE,RHIG4SCARE,TRCH,nan,RVSCIVAA,TRENCH RD X S/S VISUAL INSECTION,VICIVTC05,Do you want to report Trench or crossing?,TRENCH,nan,S-3056987,SRR-37820902,RHIG,TSWSWAW,TSW,5,RHIG4,Civil Item
03/12/2025,,1,HIBU4SCARE,HIBU4SCARE,TRCH,nan,RVSCIVAA,TRENCH RD X S/S VISUAL INSECTION,VICIVTC05,Do you want to report Trench or crossing?,TRENCH,nan,S-3077902,SRR-38126819,HIBU,TLNNEST,TLN,5,HIBU4,Civil Item
08/12/2025,1.0,4,TOTT2STECH,TOTT2STECH,GAN,nan,RVSGANAA,GANTRY S/S VISUAL INSPECTION,VICIVGA01,Do you want to report any condition deterioration of the asset?,YES,nan,S-3083321,SRR-38204562,TOTT,TLNNEST,TLN,11,TOTT2,Civil Item
08/12/2025,,1,TOTT2SCARE,TOTT2SCARE,TRCH,nan,RVSCIVAA,TRENCH RD X S/S VISUAL INSECTION,VICIVTC05,Do you want to report Trench or crossing?,TRENCH,nan,S-3083357,SRR-38204828,TOTT,TLNNEST,TLN,5,TOTT2,Civil Item
08/12/2025,,1,TOTT1SCARE,TOTT1SCARE,TRCH,nan,RVSCIVAA,TRENCH RD X S/S VISUAL INSECTION,VICIVTC05,Do you want to report Trench or crossing?,TRENCH,nan,S-3083375,SRR-38204938,TOTT,TLNNEST,TLN,5,TOTT1,Civil Item
15/12/2025,,1,NEWX3SCARE,NEWX3SCARE,TRCH,nan,RVSCIVAA,TRENCH RD X S/S VISUAL INSECTION,VICIVTC05,Do you want to report Trench or crossing?,TRENCH,nan,S-3096391,SRR-38372409,NEWX,TLNSOTH,TLN,5,NEWX3,Civil Item
15/12/2025,,1,CARE1SCARE,CARE1SCARE,TRCH,nan,RVSCIVAA,TRENCH RD X S/S VISUAL INSECTION,VICIVTC05,Do you want to report Trench or crossing?,TRENCH,nan,S-3096473,SRR-38372846,CARE,TSWSWAE,TSW,5,CARE1,Civil Item
15/12/2025,,1,CARE1SCARE,CARE1SCARE,TRCH,nan,RVSCIVAA,TRENCH RD X S/S VISUAL INSECTION,VICIVTC05,Do you want to report Trench or crossing?,TRENCH,nan,S-3096541,SRR-38373306,CARE,TSWSWAE,TSW,5,CARE1,Civil Item
16/12/2025,,1,HIBU4SCARE,HIBU4SCARE,TRCH,nan,RVSCIVAA,TRENCH RD X S/S VISUAL INSECTION,VICIVTC05,Do you want to report Trench or crossing?,TRENCH,nan,S-3099878,SRR-38412361,HIBU,TLNNEST,TLN,5,HIBU4,Civil Item
16/12/2025,,1,HIBU4SCARE,HIBU4SCARE,TRCH,nan,RVSCIVAA,TRENCH RD X S/S VISUAL INSECTION,VICIVTC05,Do you want to report Trench or crossing?,TRENCH,nan,S-3099894,SRR-38412521,HIBU,TLNNEST,TLN,5,HIBU4,Civil Item
16/12/2025,,1,SHEC2SCARE,SHEC2SCARE,TRCH,nan,RVSCIVAA,TRENCH RD X S/S VISUAL INSECTION,VICIVTC05,Do you want to report Trench or crossing?,TRENCH,nan,S-3101953,SRR-38434751,SHEC,TNESHEF,TNE,5,SHEC2,Civil Item
16/12/2025,,1,SHEC2SCARE,SHEC2SCARE,TRCH,nan,RVSCIVAA,TRENCH RD X S/S VISUAL INSECTION,VICIVTC05,Do you want to report Trench or crossing?,TRENCH,nan,S-3101959,SRR-38434829,SHEC,TNESHEF,TNE,5,SHEC2,Civil Item
16/12/2025,,1,SHEC2SCARE,SHEC2SCARE,TRCH,nan,RVSCIVAA,TRENCH RD X S/S VISUAL INSECTION,VICIVTC05,Do you want to report Trench or crossing?,TRENCH,nan,S-3101964,SRR-38434850,SHEC,TNESHEF,TNE,5,SHEC2,Civil Item
16/12/2025,,1,SHEC2SCARE,SHEC2SCARE,TRCH,nan,RVSCIVAA,TRENCH RD X S/S VISUAL INSECTION,VICIVTC05,Do you want to report Trench or crossing?,TRENCH,nan,S-3101974,SRR-38434944,SHEC,TNESHEF,TNE,5,SHEC2,Civil Item
16/12/2025,,1,THIJ3RSCARE,THIJ3RSCARE,TRCH,nan,RVSCIVAA,TRENCH RD X S/S VISUAL INSECTION,VICIVTC05,Do you want to report Trench or crossing?,TRENCH,nan,S-3102041,SRR-38435814,THIJ,TSWSEVN,TSW,5,THIJ3,Civil Item
16/12/2025,,1,THIJ3RSCARE,THIJ3RSCARE,TRCH,nan,RVSCIVAA,TRENCH RD X S/S VISUAL INSECTION,VICIVTC05,Do you want to report Trench or crossing?,TRENCH,nan,S-3102073,SRR-38436096,THIJ,TSWSEVN,TSW,5,THIJ3,Civil Item
16/12/2025,,1,THIJ3RSCARE,THIJ3RSCARE,TRCH,nan,RVSCIVAA,TRENCH RD X S/S VISUAL INSECTION,VICIVTC05,Do you want to report Trench or crossing?,TRENCH,nan,S-3102105,SRR-38436556,THIJ,TSWSEVN,TSW,5,THIJ3,Civil Item
17/12/2025,,1,ROWD4SCARE,ROWD4SCARE,TRCH,nan,RVSCIVAA,TRENCH RD X S/S VISUAL INSECTION,VICIVTC05,Do you want to report Trench or crossing?,TRENCH,nan,S-3105139,SRR-38477949,ROWD,TLNSOTH,TLN,5,ROWD4,Civil Item
17/12/2025,,1,ROWD4SCARE,ROWD4SCARE,TRCH,nan,RVSCIVAA,TRENCH RD X S/S VISUAL INSECTION,VICIVTC05,Do you want to report Trench or crossing?,TRENCH,nan,S-3105151,SRR-38477992,ROWD,TLNSOTH,TLN,5,ROWD4,Civil Item
17/12/2025,,1,ROWD4SCARE,ROWD4SCARE,TRCH,nan,RVSCIVAA,TRENCH RD X S/S VISUAL INSECTION,VICIVTC05,Do you want to report Trench or crossing?,TRENCH,nan,S-3105163,SRR-38478035,ROWD,TLNSOTH,TLN,5,ROWD4,Civil Item
17/12/2025,,1,CARE1SCARE,CARE1SCARE,TRCH,nan,RVSCIVAA,TRENCH RD X S/S VISUAL INSECTION,VICIVTC05,Do you want to report Trench or crossing?,TRENCH,nan,S-3105180,SRR-38478097,CARE,TSWSWAE,TSW,5,CARE1,Civil Item
30/12/2025,,1,STAL2SCARE,STAL2SCARE,TRCH,nan,RVSCIVAA,TRENCH RD X S/S VISUAL INSECTION,VICIVTC05,Do you want to report Trench or crossing?,TRENCH,nan,S-3118220,SRR-38646823,STAL,TNWMANN,TNW,5,STAL2,Civil Item
30/12/2025,,1,STAL2SCARE,STAL2SCARE,TRCH,nan,RVSCIVAA,TRENCH RD X S/S VISUAL INSECTION,VICIVTC05,Do you want to report Trench or crossing?,TRENCH,nan,S-3118220,SRR-38646826,STAL,TNWMANN,TNW,5,STAL2,Civil Item
30/12/2025,,1,STAL2SCARE,STAL2SCARE,TRCH,nan,RVSCIVAA,TRENCH RD X S/S VISUAL INSECTION,VICIVTC05,Do you want to report Trench or crossing?,TRENCH,nan,S-3118220,SRR-38646829,STAL,TNWMANN,TNW,5,STAL2,Civil Item
30/12/2025,,1,STAL2SCARE,STAL2SCARE,TRCH,nan,RVSCIVAA,TRENCH RD X S/S VISUAL INSECTION,VICIVTC05,Do you want to report Trench or crossing?,TRENCH,nan,S-3118220,SRR-38646832,STAL,TNWMANN,TNW,5,STAL2,Civil Item
30/12/2025,,1,STAL2SCARE,STAL2SCARE,TRCH,nan,RVSCIVAA,TRENCH RD X S/S VISUAL INSECTION,VICIVTC05,Do you want to report Trench or crossing?,TRENCH,nan,S-3118220,SRR-38646835,STAL,TNWMANN,TNW,5,STAL2,Civil Item
30/12/2025,,1,STAL2SCARE,STAL2SCARE,TRCH,nan,RVSCIVAA,TRENCH RD X S/S VISUAL INSECTION,VICIVTC05,Do you want to report Trench or crossing?,TRENCH,nan,S-3118220,SRR-38646838,STAL,TNWMANN,TNW,5,STAL2,Civil Item
30/12/2025,,1,STAL2SCARE,STAL2SCARE,TRCH,nan,RVSCIVAA,TRENCH RD X S/S VISUAL INSECTION,VICIVTC05,Do you want to report Trench or crossing?,TRENCH,nan,S-3118220,SRR-38646841,STAL,TNWMANN,TNW,5,STAL2,Civil Item
30/12/2025,,1,STAL2SCARE,STAL2SCARE,TRCH,nan,RVSCIVAA,TRENCH RD X S/S VISUAL INSECTION,VICIVTC05,Do you want to report Trench or crossing?,TRENCH,nan,S-3118220,SRR-38646844,STAL,TNWMANN,TNW,5,STAL2,Civil Item
30/12/2025,,1,STAL2SCARE,STAL2SCARE,TRCH,nan,RVSCIVAA,TRENCH RD X S/S VISUAL INSECTION,VICIVTC05,Do you want to report Trench or crossing?,TRENCH,nan,S-3118220,SRR-38646847,STAL,TNWMANN,TNW,5,STAL2,Civil Item
05/01/2026,0.0,4,SMAR1STECH,SMAR1STECH,GAN,nan,RVSGANAA,GANTRY S/S VISUAL INSPECTION,VICIVGA01,Do you want to report any condition deterioration of the asset?,NO,nan,S-3121998,SRR-38709884,SMAR,TLNCETL,TLN,11,SMAR1,Civil Item
05/01/2026,0.0,4,SMAR1STECH,SMAR1STECH,GAN,nan,RVSGANAA,GANTRY S/S VISUAL INSPECTION,VICIVGA01,Do you want to report any condition deterioration of the asset?,NO,nan,S-3122061,SRR-38711289,SMAR,TLNCETL,TLN,11,SMAR1,Civil Item
05/01/2026,0.0,4,SMAR1STECH,SMAR1STECH,GAN,nan,RVSGANAA,GANTRY S/S VISUAL INSPECTION,VICIVGA01,Do you want to report any condition deterioration of the asset?,NO,nan,S-3122065,SRR-38711302,SMAR,TLNCETL,TLN,11,SMAR1,Civil Item
05/01/2026,,1,SMAR1SCARE,SMAR1SCARE,TRCH,nan,RVSCIVAA,TRENCH RD X S/S VISUAL INSECTION,VICIVTC05,Do you want to report Trench or crossing?,TRENCH,nan,S-3122081,SRR-38711639,SMAR,TLNCETL,TLN,5,SMAR1,Civil Item
05/01/2026,,1,SMAR1SCARE,SMAR1SCARE,TRCH,nan,RVSCIVAA,TRENCH RD X S/S VISUAL INSECTION,VICIVTC05,Do you want to report Trench or crossing?,TRENCH,nan,S-3122098,SRR-38711971,SMAR,TLNCETL,TLN,5,SMAR1,Civil Item
05/01/2026,,1,SMAR1SCARE,SMAR1SCARE,TRCH,nan,RVSCIVAA,TRENCH RD X S/S VISUAL INSECTION,VICIVTC05,Do you want to report Trench or crossing?,TRENCH,nan,S-3122114,SRR-38712301,SMAR,TLNCETL,TLN,5,SMAR1,Civil Item
05/01/2026,0.0,4,LODR6STECH,LODR6STECH,GAN,nan,RVSGANAA,GANTRY S/S VISUAL INSPECTION,VICIVGA01,Do you want to report any condition deterioration of the asset?,NO,nan,S-3122130,SRR-38712560,LODR,TLNCETL,TLN,11,LODR6,Civil Item
05/01/2026,0.0,4,LODR6STECH,LODR6STECH,GAN,nan,RVSGANAA,GANTRY S/S VISUAL INSPECTION,VICIVGA01,Do you want to report any condition deterioration of the asset?,NO,nan,S-3122132,SRR-38712575,LODR,TLNCETL,TLN,11,LODR6,Civil Item
05/01/2026,0.0,4,LODR6STECH,LODR6STECH,GAN,nan,RVSGANAA,GANTRY S/S VISUAL INSPECTION,VICIVGA01,Do you want to report any condition deterioration of the asset?,NO,nan,S-3122135,SRR-38712626,LODR,TLNCETL,TLN,11,LODR6,Civil Item
05/01/2026,,1,LODR6SCARE,LODR6SCARE,TRCH,nan,RVSCIVAA,TRENCH RD X S/S VISUAL INSECTION,VICIVTC05,Do you want to report Trench or crossing?,TRENCH,nan,S-3122141,SRR-38712674,LODR,TLNCETL,TLN,5,LODR6,Civil Item
05/01/2026,,1,LODR6SCARE,LODR6SCARE,TRCH,nan,RVSCIVAA,TRENCH RD X S/S VISUAL INSECTION,VICIVTC05,Do you want to report Trench or crossing?,TRENCH,nan,S-3122145,SRR-38712691,LODR,TLNCETL,TLN,5,LODR6,Civil Item
05/01/2026,,1,LODR6SCARE,LODR6SCARE,TRCH,nan,RVSCIVAA,TRENCH RD X S/S VISUAL INSECTION,VICIVTC05,Do you want to report Trench or crossing?,TRENCH,nan,S-3122148,SRR-38712702,LODR,TLNCETL,TLN,5,LODR6,Civil Item
05/01/2026,0.0,4,ISLI1STECH,ISLI1STECH,GAN,nan,RVSGANAA,GANTRY S/S VISUAL INSPECTION,VICIVGA01,Do you want to report any condition deterioration of the asset?,NO,nan,S-3122279,SRR-38714109,ISLI,TLNNEST,TLN,11,ISLI1,Civil Item
05/01/2026,0.0,4,ISLI1STECH,ISLI1STECH,GAN,nan,RVSGANAA,GANTRY S/S VISUAL INSPECTION,VICIVGA01,Do you want to report any condition deterioration of the asset?,NO,nan,S-3122281,SRR-38714118,ISLI,TLNNEST,TLN,11,ISLI1,Civil Item
05/01/2026,0.0,4,ISLI1STECH,ISLI1STECH,GAN,nan,RVSGANAA,GANTRY S/S VISUAL INSPECTION,VICIVGA01,Do you want to report any condition deterioration of the asset?,NO,nan,S-3122283,SRR-38714127,ISLI,TLNNEST,TLN,11,ISLI1,Civil Item
06/01/2026,1.0,4,KNAR2STECH,KNAR2STECH,GAN,nan,RVSGANAA,GANTRY S/S VISUAL INSPECTION,VICIVGA01,Do you want to report any condition deterioration of the asset?,YES,nan,S-3124355,SRR-38743907,KNAR,TNELEDS,TNE,11,KNAR2,Civil Item
06/01/2026,,1,KNAR2SCARE,KNAR2SCARE,TRCH,nan,RVSCIVAA,TRENCH RD X S/S VISUAL INSECTION,VICIVTC05,Do you want to report Trench or crossing?,TRENCH,nan,S-3124379,SRR-38744127,KNAR,TNELEDS,TNE,5,KNAR2,Civil Item
06/01/2026,,1,KNAR2SCARE,KNAR2SCARE,TRCH,nan,RVSCIVAA,TRENCH RD X S/S VISUAL INSECTION,VICIVTC05,Do you want to report Trench or crossing?,TRENCH,nan,S-3124379,SRR-38744130,KNAR,TNELEDS,TNE,5,KNAR2,Civil Item
06/01/2026,,1,KNAR2SCARE,KNAR2SCARE,TRCH,nan,RVSCIVAA,TRENCH RD X S/S VISUAL INSECTION,VICIVTC05,Do you want to report Trench or crossing?,TRENCH,nan,S-3124379,SRR-38744133,KNAR,TNELEDS,TNE,5,KNAR2,Civil Item
06/01/2026,,1,KNAR2SCARE,KNAR2SCARE,TRCH,nan,RVSCIVAA,TRENCH RD X S/S VISUAL INSECTION,VICIVTC05,Do you want to report Trench or crossing?,TRENCH,nan,S-3124379,SRR-38744136,KNAR,TNELEDS,TNE,5,KNAR2,Civil Item
06/01/2026,,1,KNAR2SCARE,KNAR2SCARE,TRCH,nan,RVSCIVAA,TRENCH RD X S/S VISUAL INSECTION,VICIVTC05,Do you want to report Trench or crossing?,TRENCH,nan,S-3124379,SRR-38744139,KNAR,TNELEDS,TNE,5,KNAR2,Civil Item
08/01/2026,1.0,4,STAL4STECH,STAL4STECH,GAN,nan,RVSGANAA,GANTRY S/S VISUAL INSPECTION,VICIVGA01,Do you want to report any condition deterioration of the asset?,YES,nan,S-3131205,SRR-38836993,STAL,TNWMANN,TNW,11,STAL4,Civil Item
08/01/2026,,1,STAL4SCARE,STAL4SCARE,TRCH,nan,RVSCIVAA,TRENCH RD X S/S VISUAL INSECTION,VICIVTC05,Do you want to report Trench or crossing?,VEHICLE CROSSING,nan,S-3131348,SRR-38838783,STAL,TNWMANN,TNW,5,STAL4,Civil Item
08/01/2026,,1,STAL4SCARE,STAL4SCARE,TRCH,nan,RVSCIVAA,TRENCH RD X S/S VISUAL INSECTION,VICIVTC05,Do you want to report Trench or crossing?,TRENCH,nan,S-3131348,SRR-38838786,STAL,TNWMANN,TNW,5,STAL4,Civil Item
08/01/2026,,1,STAL4SCARE,STAL4SCARE,TRCH,nan,RVSCIVAA,TRENCH RD X S/S VISUAL INSECTION,VICIVTC05,Do you want to report Trench or crossing?,TRENCH,nan,S-3131348,SRR-38838789,STAL,TNWMANN,TNW,5,STAL4,Civil Item
08/01/2026,,1,STAL4SCARE,STAL4SCARE,TRCH,nan,RVSCIVAA,TRENCH RD X S/S VISUAL INSECTION,VICIVTC05,Do you want to report Trench or crossing?,TRENCH,nan,S-3131348,SRR-38838792,STAL,TNWMANN,TNW,5,STAL4,Civil Item
08/01/2026,,1,STAL4SCARE,STAL4SCARE,TRCH,nan,RVSCIVAA,TRENCH RD X S/S VISUAL INSECTION,VICIVTC05,Do you want to report Trench or crossing?,TRENCH,nan,S-3131348,SRR-38838795,STAL,TNWMANN,TNW,5,STAL4,Civil Item
08/01/2026,,1,STAL4SCARE,STAL4SCARE,TRCH,nan,RVSCIVAA,TRENCH RD X S/S VISUAL INSECTION,VICIVTC05,Do you want to report Trench or crossing?,TRENCH,nan,S-3131348,SRR-38838798,STAL,TNWMANN,TNW,5,STAL4,Civil Item
09/01/2026,,1,KNAR2SCARE,KNAR2SCARE,TRCH,nan,RVSCIVAA,TRENCH RD X S/S VISUAL INSECTION,VICIVTC05,Do you want to report Trench or crossing?,TRENCH,nan,S-3134285,SRR-38874356,KNAR,TNELEDS,TNE,5,KNAR2,Civil Item
09/01/2026,,1,KNAR2SCARE,KNAR2SCARE,TRCH,nan,RVSCIVAA,TRENCH RD X S/S VISUAL INSECTION,VICIVTC05,Do you want to report Trench or crossing?,TRENCH,nan,S-3134296,SRR-38874433,KNAR,TNELEDS,TNE,5,KNAR2,Civil Item
12/01/2026,0.0,4,RYHA4STECH,RYHA4STECH,GAN,nan,RVSGANAA,GANTRY S/S VISUAL INSPECTION,VICIVGA01,Do you want to report any condition deterioration of the asset?,NO,nan,S-3137161,SRR-38903502,RYHA,TNETVAL,TNE,11,RYHA4,Civil Item
12/01/2026,,1,RYHA4SCARE,RYHA4SCARE,TRCH,nan,RVSCIVAA,TRENCH RD X S/S VISUAL INSECTION,VICIVTC05,Do you want to report Trench or crossing?,TRENCH,nan,S-3137193,SRR-38903835,RYHA,TNETVAL,TNE,5,RYHA4,Civil Item
12/01/2026,0.0,4,RYHA4STECH,RYHA4STECH,GAN,nan,RVSGANAA,GANTRY S/S VISUAL INSPECTION,VICIVGA01,Do you want to report any condition deterioration of the asset?,NO,nan,S-3137223,SRR-38904137,RYHA,TNETVAL,TNE,11,RYHA4,Civil Item
12/01/2026,0.0,4,RYHA4STECH,RYHA4STECH,GAN,nan,RVSGANAA,GANTRY S/S VISUAL INSPECTION,VICIVGA01,Do you want to report any condition deterioration of the asset?,NO,nan,S-3137225,SRR-38904162,RYHA,TNETVAL,TNE,11,RYHA4,Civil Item
12/01/2026,,1,RYHA4SCARE,RYHA4SCARE,TRCH,nan,RVSCIVAA,TRENCH RD X S/S VISUAL INSECTION,VICIVTC05,Do you want to report Trench or crossing?,TRENCH,nan,S-3137228,SRR-38904184,RYHA,TNETVAL,TNE,5,RYHA4,Civil Item
12/01/2026,,1,RYHA4SCARE,RYHA4SCARE,TRCH,nan,RVSCIVAA,TRENCH RD X S/S VISUAL INSECTION,VICIVTC05,Do you want to report Trench or crossing?,TRENCH,nan,S-3137231,SRR-38904226,RYHA,TNETVAL,TNE,5,RYHA4,Civil Item
13/01/2026,0.0,4,BICF4STECH,BICF4STECH,GAN,nan,RVSGANAA,GANTRY S/S VISUAL INSPECTION,VICIVGA01,Do you want to report any condition deterioration of the asset?,NO,nan,S-3139356,SRR-38929843,BICF,TNETVAL,TNE,11,BICF4,Civil Item
13/01/2026,,1,BICF4SCARE,BICF4SCARE,TRCH,nan,RVSCIVAA,TRENCH RD X S/S VISUAL INSECTION,VICIVTC05,Do you want to report Trench or crossing?,TRENCH,nan,S-3139373,SRR-38929961,BICF,TNETVAL,TNE,5,BICF4,Civil Item
13/01/2026,,1,BICF1SCARE,BICF1SCARE,TRCH,nan,RVSCIVAA,TRENCH RD X S/S VISUAL INSECTION,VICIVTC05,Do you want to report Trench or crossing?,TRENCH,nan,S-3141046,SRR-38951373,BICF,TNETVAL,TNE,5,BICF1,Civil Item
13/01/2026,,1,BICF1SCARE,BICF1SCARE,TRCH,nan,RVSCIVAA,TRENCH RD X S/S VISUAL INSECTION,VICIVTC05,Do you want to report Trench or crossing?,TRENCH,nan,S-3141048,SRR-38951378,BICF,TNETVAL,TNE,5,BICF1,Civil Item
13/01/2026,,1,BICF1SCARE,BICF1SCARE,TRCH,nan,RVSCIVAA,TRENCH RD X S/S VISUAL INSECTION,VICIVTC05,Do you want to report Trench or crossing?,TRENCH,nan,S-3141050,SRR-38951383,BICF,TNETVAL,TNE,5,BICF1,Civil Item
13/01/2026,,1,BICF4SCARE,BICF4SCARE,TRCH,nan,RVSCIVAA,TRENCH RD X S/S VISUAL INSECTION,VICIVTC05,Do you want to report Trench or crossing?,TRENCH,nan,S-3141054,SRR-38951390,BICF,TNETVAL,TNE,5,BICF4,Civil Item
13/01/2026,,1,BICF4SCARE,BICF4SCARE,TRCH,nan,RVSCIVAA,TRENCH RD X S/S VISUAL INSECTION,VICIVTC05,Do you want to report Trench or crossing?,TRENCH,nan,S-3141056,SRR-38951395,BICF,TNETVAL,TNE,5,BICF4,Civil Item
15/01/2026,,1,STAL4SCARE,STAL4SCARE,TRCH,nan,RVSCIVAA,TRENCH RD X S/S VISUAL INSECTION,VICIVTC05,Do you want to report Trench or crossing?,TRENCH,nan,S-3144625,SRR-38994103,STAL,TNWMANN,TNW,5,STAL4,Civil Item
15/01/2026,,1,STAL4SCARE,STAL4SCARE,TRCH,nan,RVSCIVAA,TRENCH RD X S/S VISUAL INSECTION,VICIVTC05,Do you want to report Trench or crossing?,TRENCH,nan,S-3144635,SRR-38994263,STAL,TNWMANN,TNW,5,STAL4,Civil Item
15/01/2026,,1,STAL4SCARE,STAL4SCARE,TRCH,nan,RVSCIVAA,TRENCH RD X S/S VISUAL INSECTION,VICIVTC05,Do you want to report Trench or crossing?,TRENCH,nan,S-3144644,SRR-38994399,STAL,TNWMANN,TNW,5,STAL4,Civil Item
19/01/2026,1.0,4,BODE4STECH,BODE4STECH,GAN,nan,RVSGANAA,GANTRY S/S VISUAL INSPECTION,VICIVGA01,Do you want to report any condition deterioration of the asset?,YES,nan,S-3149433,SRR-39054500,BODE,TNWNWAL,TNW,11,BODE4,Civil Item
19/01/2026,,1,THTO4SCARE,THTO4SCARE,TRCH,nan,RVSCIVAA,TRENCH RD X S/S VISUAL INSECTION,VICIVTC05,Do you want to report Trench or crossing?,TRENCH,nan,S-3149465,SRR-39054701,THTO,TNENHUM,TNE,5,THTO4,Civil Item
19/01/2026,,1,THTO4SCARE,THTO4SCARE,TRCH,nan,RVSCIVAA,TRENCH RD X S/S VISUAL INSECTION,VICIVTC05,Do you want to report Trench or crossing?,TRENCH,nan,S-3149481,SRR-39054762,THTO,TNENHUM,TNE,5,THTO4,Civil Item
19/01/2026,,1,THTO4SCARE,THTO4SCARE,TRCH,nan,RVSCIVAA,TRENCH RD X S/S VISUAL INSECTION,VICIVTC05,Do you want to report Trench or crossing?,TRENCH,nan,S-3149499,SRR-39054839,THTO,TNENHUM,TNE,5,THTO4,Civil Item
19/01/2026,,1,STOB4SCARE,STOB4SCARE,TRCH,nan,RVSCIVAA,TRENCH RD X S/S VISUAL INSECTION,VICIVTC05,Do you want to report Trench or crossing?,TRENCH,nan,S-3149614,SRR-39055475,STOB,TNETVAL,TNE,5,STOB4,Civil Item
19/01/2026,1.0,4,UPPB2STECH,UPPB2STECH,GAN,nan,RVSGANAA,GANTRY S/S VISUAL INSPECTION,VICIVGA01,Do you want to report any condition deterioration of the asset?,YES,nan,S-3150360,SRR-39063230,UPPB,TSWSWAE,TSW,11,UPPB2,Civil Item
19/01/2026,,1,HINP4SCARE,HINP4SCARE,TRCH,nan,RVSCIVAA,TRENCH RD X S/S VISUAL INSECTION,VICIVTC05,Do you want to report Trench or crossing?,VEHICLE CROSSING,nan,S-3150621,SRR-39064887,HINP,TSWMEWE,TSW,5,HINP4,Civil Item
19/01/2026,,1,HINP4SCARE,HINP4SCARE,TRCH,nan,RVSCIVAA,TRENCH RD X S/S VISUAL INSECTION,VICIVTC05,Do you want to report Trench or crossing?,TRENCH,nan,S-3150640,SRR-39064961,HINP,TSWMEWE,TSW,5,HINP4,Civil Item
19/01/2026,,1,HINP4SCARE,HINP4SCARE,TRCH,nan,RVSCIVAA,TRENCH RD X S/S VISUAL INSECTION,VICIVTC05,Do you want to report Trench or crossing?,TRENCH,nan,S-3150669,SRR-39065235,HINP,TSWMEWE,TSW,5,HINP4,Civil Item
19/01/2026,,1,LAGA4SCARE,LAGA4SCARE,TRCH,nan,RVSCIVAA,TRENCH RD X S/S VISUAL INSECTION,VICIVTC05,Do you want to report Trench or crossing?,TRENCH,nan,S-3150730,SRR-39065515,LAGA,TSWTAMA,TSW,5,LAGA4,Civil Item
19/01/2026,,1,LAGA4SCARE,LAGA4SCARE,TRCH,nan,RVSCIVAA,TRENCH RD X S/S VISUAL INSECTION,VICIVTC05,Do you want to report Trench or crossing?,TRENCH,nan,S-3150759,SRR-39065720,LAGA,TSWTAMA,TSW,5,LAGA4,Civil Item
19/01/2026,,1,LAGA4SCARE,LAGA4SCARE,TRCH,nan,RVSCIVAA,TRENCH RD X S/S VISUAL INSECTION,VICIVTC05,Do you want to report Trench or crossing?,TRENCH,nan,S-3150784,SRR-39065793,LAGA,TSWTAMA,TSW,5,LAGA4,Civil Item
19/01/2026,,1,GRST2ASCARE,GRST2ASCARE,TRCH,nan,RVSCIVAA,TRENCH RD X S/S VISUAL INSECTION,VICIVTC05,Do you want to report Trench or crossing?,TRENCH,nan,S-3151288,SRR-39069040,GRST,TNETEES,TNE,5,GRST2,Civil Item
19/01/2026,,1,GRST2ASCARE,GRST2ASCARE,TRCH,nan,RVSCIVAA,TRENCH RD X S/S VISUAL INSECTION,VICIVTC05,Do you want to report Trench or crossing?,TRENCH,nan,S-3151295,SRR-39069064,GRST,TNETEES,TNE,5,GRST2,Civil Item
19/01/2026,,1,GRST2ASCARE,GRST2ASCARE,TRCH,nan,RVSCIVAA,TRENCH RD X S/S VISUAL INSECTION,VICIVTC05,Do you want to report Trench or crossing?,TRENCH,nan,S-3151302,SRR-39069088,GRST,TNETEES,TNE,5,GRST2,Civil Item
22/01/2026,,1,BODE4SCARE,BODE4SCARE,TRCH,nan,RVSCIVAA,TRENCH RD X S/S VISUAL INSECTION,VICIVTC05,Do you want to report Trench or crossing?,TRENCH,nan,S-3159543,SRR-39146990,BODE,TNWNWAL,TNW,5,BODE4,Civil Item
22/01/2026,,1,BODE4SCARE,BODE4SCARE,TRCH,nan,RVSCIVAA,TRENCH RD X S/S VISUAL INSECTION,VICIVTC05,Do you want to report Trench or crossing?,TRENCH,nan,S-3159567,SRR-39147077,BODE,TNWNWAL,TNW,5,BODE4,Civil Item
22/01/2026,,1,BODE4SCARE,BODE4SCARE,TRCH,nan,RVSCIVAA,TRENCH RD X S/S VISUAL INSECTION,VICIVTC05,Do you want to report Trench or crossing?,TRENCH,nan,S-3159592,SRR-39147208,BODE,TNWNWAL,TNW,5,BODE4,Civil Item
27/01/2026,,1,UPPB1SCARE,UPPB1SCARE,TRCH,nan,RVSCIVAA,TRENCH RD X S/S VISUAL INSECTION,VICIVTC05,Do you want to report Trench or crossing?,TRENCH,nan,S-3166690,SRR-39216047,UPPB,TSWSWAE,TSW,5,UPPB1,Civil Item
27/01/2026,,1,UPPB2SCARE,UPPB2SCARE,TRCH,nan,RVSCIVAA,TRENCH RD X S/S VISUAL INSECTION,VICIVTC05,Do you want to report Trench or crossing?,TRENCH,nan,S-3166856,SRR-39217229,UPPB,TSWSWAE,TSW,5,UPPB2,Civil Item
27/01/2026,,1,UPPB2SCARE,UPPB2SCARE,TRCH,nan,RVSCIVAA,TRENCH RD X S/S VISUAL INSECTION,VICIVTC05,Do you want to report Trench or crossing?,TRENCH,nan,S-3166856,SRR-39217232,UPPB,TSWSWAE,TSW,5,UPPB2,Civil Item
27/01/2026,0.0,4,FOUR2STECH,FOUR2STECH,GAN,nan,RVSGANAA,GANTRY S/S VISUAL INSPECTION,VICIVGA01,Do you want to report any condition deterioration of the asset?,NO,nan,S-3167877,SRR-39226048,FOUR,TNEBORD,TNE,11,FOUR2,Civil Item
27/01/2026,0.0,4,FOUR2STECH,FOUR2STECH,GAN,nan,RVSGANAA,GANTRY S/S VISUAL INSPECTION,VICIVGA01,Do you want to report any condition deterioration of the asset?,NO,nan,S-3167882,SRR-39226154,FOUR,TNEBORD,TNE,11,FOUR2,Civil Item
28/01/2026,0.0,4,FOUR2STECH,FOUR2STECH,GAN,nan,RVSGANAA,GANTRY S/S VISUAL INSPECTION,VICIVGA01,Do you want to report any condition deterioration of the asset?,NO,nan,S-3169209,SRR-39240948,FOUR,TNEBORD,TNE,11,FOUR2,Civil Item
28/01/2026,,1,FOUR2SCARE,FOUR2SCARE,TRCH,nan,RVSCIVAA,TRENCH RD X S/S VISUAL INSECTION,VICIVTC05,Do you want to report Trench or crossing?,TRENCH,nan,S-3169220,SRR-39240966,FOUR,TNEBORD,TNE,5,FOUR2,Civil Item
28/01/2026,,1,FOUR2SCARE,FOUR2SCARE,TRCH,nan,RVSCIVAA,TRENCH RD X S/S VISUAL INSECTION,VICIVTC05,Do you want to report Trench or crossing?,TRENCH,nan,S-3169222,SRR-39240971,FOUR,TNEBORD,TNE,5,FOUR2,Civil Item
28/01/2026,,1,FOUR2SCARE,FOUR2SCARE,TRCH,nan,RVSCIVAA,TRENCH RD X S/S VISUAL INSECTION,VICIVTC05,Do you want to report Trench or crossing?,TRENCH,nan,S-3169224,SRR-39240976,FOUR,TNEBORD,TNE,5,FOUR2,Civil Item
28/01/2026,,1,ROCH2SCARE,ROCH2SCARE,TRCH,nan,RVSCIVAA,TRENCH RD X S/S VISUAL INSECTION,VICIVTC05,Do you want to report Trench or crossing?,TRENCH,nan,S-3170001,SRR-39251705,ROCH,TNWMANN,TNW,5,ROCH2,Civil Item
28/01/2026,,1,ROCH2SCARE,ROCH2SCARE,TRCH,nan,RVSCIVAA,TRENCH RD X S/S VISUAL INSECTION,VICIVTC05,Do you want to report Trench or crossing?,TRENCH,nan,S-3170001,SRR-39251708,ROCH,TNWMANN,TNW,5,ROCH2,Civil Item
28/01/2026,,1,ROCH2SCARE,ROCH2SCARE,TRCH,nan,RVSCIVAA,TRENCH RD X S/S VISUAL INSECTION,VICIVTC05,Do you want to report Trench or crossing?,TRENCH,nan,S-3170001,SRR-39251711,ROCH,TNWMANN,TNW,5,ROCH2,Civil Item
28/01/2026,,1,ROCH2SCARE,ROCH2SCARE,TRCH,nan,RVSCIVAA,TRENCH RD X S/S VISUAL INSECTION,VICIVTC05,Do you want to report Trench or crossing?,TRENCH,nan,S-3170001,SRR-39251714,ROCH,TNWMANN,TNW,5,ROCH2,Civil Item
28/01/2026,,1,ROCH2SCARE,ROCH2SCARE,TRCH,nan,RVSCIVAA,TRENCH RD X S/S VISUAL INSECTION,VICIVTC05,Do you want to report Trench or crossing?,TRENCH,nan,S-3170001,SRR-39251717,ROCH,TNWMANN,TNW,5,ROCH2,Civil Item
28/01/2026,,1,ROCH2SCARE,ROCH2SCARE,TRCH,nan,RVSCIVAA,TRENCH RD X S/S VISUAL INSECTION,VICIVTC05,Do you want to report Trench or crossing?,TRENCH,nan,S-3170001,SRR-39251720,ROCH,TNWMANN,TNW,5,ROCH2,Civil Item
28/01/2026,,1,ROCH2SCARE,ROCH2SCARE,TRCH,nan,RVSCIVAA,TRENCH RD X S/S VISUAL INSECTION,VICIVTC05,Do you want to report Trench or crossing?,TRENCH,nan,S-3170001,SRR-39251723,ROCH,TNWMANN,TNW,5,ROCH2,Civil Item
28/01/2026,,1,ROCH2SCARE,ROCH2SCARE,TRCH,nan,RVSCIVAA,TRENCH RD X S/S VISUAL INSECTION,VICIVTC05,Do you want to report Trench or crossing?,TRENCH,nan,S-3170001,SRR-39251726,ROCH,TNWMANN,TNW,5,ROCH2,Civil Item
28/01/2026,,1,ROCH2SCARE,ROCH2SCARE,TRCH,nan,RVSCIVAA,TRENCH RD X S/S VISUAL INSECTION,VICIVTC05,Do you want to report Trench or crossing?,TRENCH,nan,S-3170001,SRR-39251729,ROCH,TNWMANN,TNW,5,ROCH2,Civil Item
28/01/2026,,1,ROCH2SCARE,ROCH2SCARE,TRCH,nan,RVSCIVAA,TRENCH RD X S/S VISUAL INSECTION,VICIVTC05,Do you want to report Trench or crossing?,TRENCH,nan,S-3170001,SRR-39251732,ROCH,TNWMANN,TNW,5,ROCH2,Civil Item
28/01/2026,,1,ROCH2SCARE,ROCH2SCARE,TRCH,nan,RVSCIVAA,TRENCH RD X S/S VISUAL INSECTION,VICIVTC05,Do you want to report Trench or crossing?,TRENCH,nan,S-3170001,SRR-39251735,ROCH,TNWMANN,TNW,5,ROCH2,Civil Item
28/01/2026,,1,ROCH2SCARE,ROCH2SCARE,TRCH,nan,RVSCIVAA,TRENCH RD X S/S VISUAL INSECTION,VICIVTC05,Do you want to report Trench or crossing?,TRENCH,nan,S-3170001,SRR-39251738,ROCH,TNWMANN,TNW,5,ROCH2,Civil Item
28/01/2026,,1,ROCH2SCARE,ROCH2SCARE,TRCH,nan,RVSCIVAA,TRENCH RD X S/S VISUAL INSECTION,VICIVTC05,Do you want to report Trench or crossing?,TRENCH,nan,S-3170001,SRR-39251741,ROCH,TNWMANN,TNW,5,ROCH2,Civil Item
28/01/2026,,1,ROCH2SCARE,ROCH2SCARE,TRCH,nan,RVSCIVAA,TRENCH RD X S/S VISUAL INSECTION,VICIVTC05,Do you want to report Trench or crossing?,TRENCH,nan,S-3170001,SRR-39251744,ROCH,TNWMANN,TNW,5,ROCH2,Civil Item
28/01/2026,,1,ROCH2SCARE,ROCH2SCARE,TRCH,nan,RVSCIVAA,TRENCH RD X S/S VISUAL INSECTION,VICIVTC05,Do you want to report Trench or crossing?,TRENCH,nan,S-3170001,SRR-39251747,ROCH,TNWMANN,TNW,5,ROCH2,Civil Item
28/01/2026,,1,ROCH2SCARE,ROCH2SCARE,TRCH,nan,RVSCIVAA,TRENCH RD X S/S VISUAL INSECTION,VICIVTC05,Do you want to report Trench or crossing?,TRENCH,nan,S-3170001,SRR-39251750,ROCH,TNWMANN,TNW,5,ROCH2,Civil Item
28/01/2026,,1,ROCH2SCARE,ROCH2SCARE,TRCH,nan,RVSCIVAA,TRENCH RD X S/S VISUAL INSECTION,VICIVTC05,Do you want to report Trench or crossing?,TRENCH,nan,S-3170001,SRR-39251753,ROCH,TNWMANN,TNW,5,ROCH2,Civil Item
28/01/2026,,1,ROCH2SCARE,ROCH2SCARE,TRCH,nan,RVSCIVAA,TRENCH RD X S/S VISUAL INSECTION,VICIVTC05,Do you want to report Trench or crossing?,TRENCH,nan,S-3170001,SRR-39251756,ROCH,TNWMANN,TNW,5,ROCH2,Civil Item
28/01/2026,,1,ROCH2SCARE,ROCH2SCARE,TRCH,nan,RVSCIVAA,TRENCH RD X S/S VISUAL INSECTION,VICIVTC05,Do you want to report Trench or crossing?,TRENCH,nan,S-3170001,SRR-39251759,ROCH,TNWMANN,TNW,5,ROCH2,Civil Item
28/01/2026,,1,ROCH2SCARE,ROCH2SCARE,TRCH,nan,RVSCIVAA,TRENCH RD X S/S VISUAL INSECTION,VICIVTC05,Do you want to report Trench or crossing?,TRENCH,nan,S-3170001,SRR-39251762,ROCH,TNWMANN,TNW,5,ROCH2,Civil Item
28/01/2026,,1,ROCH2SCARE,ROCH2SCARE,TRCH,nan,RVSCIVAA,TRENCH RD X S/S VISUAL INSECTION,VICIVTC05,Do you want to report Trench or crossing?,TRENCH,nan,S-3170001,SRR-39251765,ROCH,TNWMANN,TNW,5,ROCH2,Civil Item
28/01/2026,,1,ROCH2SCARE,ROCH2SCARE,TRCH,nan,RVSCIVAA,TRENCH RD X S/S VISUAL INSECTION,VICIVTC05,Do you want to report Trench or crossing?,TRENCH,nan,S-3170001,SRR-39251768,ROCH,TNWMANN,TNW,5,ROCH2,Civil Item
28/01/2026,,1,ROCH2SCARE,ROCH2SCARE,TRCH,nan,RVSCIVAA,TRENCH RD X S/S VISUAL INSECTION,VICIVTC05,Do you want to report Trench or crossing?,TRENCH,nan,S-3170001,SRR-39251771,ROCH,TNWMANN,TNW,5,ROCH2,Civil Item
28/01/2026,,1,ROCH2SCARE,ROCH2SCARE,TRCH,nan,RVSCIVAA,TRENCH RD X S/S VISUAL INSECTION,VICIVTC05,Do you want to report Trench or crossing?,TRENCH,nan,S-3170001,SRR-39251774,ROCH,TNWMANN,TNW,5,ROCH2,Civil Item
28/01/2026,,1,ROCH2SCARE,ROCH2SCARE,TRCH,nan,RVSCIVAA,TRENCH RD X S/S VISUAL INSECTION,VICIVTC05,Do you want to report Trench or crossing?,TRENCH,nan,S-3170001,SRR-39251777,ROCH,TNWMANN,TNW,5,ROCH2,Civil Item
28/01/2026,,1,ROCH2SCARE,ROCH2SCARE,TRCH,nan,RVSCIVAA,TRENCH RD X S/S VISUAL INSECTION,VICIVTC05,Do you want to report Trench or crossing?,TRENCH,nan,S-3170001,SRR-39251780,ROCH,TNWMANN,TNW,5,ROCH2,Civil Item
28/01/2026,,1,ROCH2SCARE,ROCH2SCARE,TRCH,nan,RVSCIVAA,TRENCH RD X S/S VISUAL INSECTION,VICIVTC05,Do you want to report Trench or crossing?,TRENCH,nan,S-3170001,SRR-39251783,ROCH,TNWMANN,TNW,5,ROCH2,Civil Item
28/01/2026,,1,ROCH2SCARE,ROCH2SCARE,TRCH,nan,RVSCIVAA,TRENCH RD X S/S VISUAL INSECTION,VICIVTC05,Do you want to report Trench or crossing?,TRENCH,nan,S-3170001,SRR-39251786,ROCH,TNWMANN,TNW,5,ROCH2,Civil Item
28/01/2026,,1,ROCH2SCARE,ROCH2SCARE,TRCH,nan,RVSCIVAA,TRENCH RD X S/S VISUAL INSECTION,VICIVTC05,Do you want to report Trench or crossing?,TRENCH,nan,S-3170001,SRR-39251789,ROCH,TNWMANN,TNW,5,ROCH2,Civil Item
28/01/2026,,1,ROCH2SCARE,ROCH2SCARE,TRCH,nan,RVSCIVAA,TRENCH RD X S/S VISUAL INSECTION,VICIVTC05,Do you want to report Trench or crossing?,TRENCH,nan,S-3170001,SRR-39251792,ROCH,TNWMANN,TNW,5,ROCH2,Civil Item
28/01/2026,,1,ROCH2SCARE,ROCH2SCARE,TRCH,nan,RVSCIVAA,TRENCH RD X S/S VISUAL INSECTION,VICIVTC05,Do you want to report Trench or crossing?,TRENCH,nan,S-3170001,SRR-39251795,ROCH,TNWMANN,TNW,5,ROCH2,Civil Item
28/01/2026,,1,ROCH2SCARE,ROCH2SCARE,TRCH,nan,RVSCIVAA,TRENCH RD X S/S VISUAL INSECTION,VICIVTC05,Do you want to report Trench or crossing?,TRENCH,nan,S-3170001,SRR-39251798,ROCH,TNWMANN,TNW,5,ROCH2,Civil Item
28/01/2026,,1,ROCH2SCARE,ROCH2SCARE,TRCH,nan,RVSCIVAA,TRENCH RD X S/S VISUAL INSECTION,VICIVTC05,Do you want to report Trench or crossing?,TRENCH,nan,S-3170001,SRR-39251801,ROCH,TNWMANN,TNW,5,ROCH2,Civil Item
28/01/2026,,1,ROCH2SCARE,ROCH2SCARE,TRCH,nan,RVSCIVAA,TRENCH RD X S/S VISUAL INSECTION,VICIVTC05,Do you want to report Trench or crossing?,TRENCH,nan,S-3170001,SRR-39251804,ROCH,TNWMANN,TNW,5,ROCH2,Civil Item
28/01/2026,,1,ROCH2SCARE,ROCH2SCARE,TRCH,nan,RVSCIVAA,TRENCH RD X S/S VISUAL INSECTION,VICIVTC05,Do you want to report Trench or crossing?,TRENCH,nan,S-3170001,SRR-39251807,ROCH,TNWMANN,TNW,5,ROCH2,Civil Item
28/01/2026,,1,ROCH2SCARE,ROCH2SCARE,TRCH,nan,RVSCIVAA,TRENCH RD X S/S VISUAL INSECTION,VICIVTC05,Do you want to report Trench or crossing?,TRENCH,nan,S-3170001,SRR-39251810,ROCH,TNWMANN,TNW,5,ROCH2,Civil Item
28/01/2026,,1,ROCH2SCARE,ROCH2SCARE,TRCH,nan,RVSCIVAA,TRENCH RD X S/S VISUAL INSECTION,VICIVTC05,Do you want to report Trench or crossing?,TRENCH,nan,S-3170001,SRR-39251813,ROCH,TNWMANN,TNW,5,ROCH2,Civil Item
28/01/2026,,1,ROCH2SCARE,ROCH2SCARE,TRCH,nan,RVSCIVAA,TRENCH RD X S/S VISUAL INSECTION,VICIVTC05,Do you want to report Trench or crossing?,TRENCH,nan,S-3170001,SRR-39251816,ROCH,TNWMANN,TNW,5,ROCH2,Civil Item
28/01/2026,,1,ROCH2SCARE,ROCH2SCARE,TRCH,nan,RVSCIVAA,TRENCH RD X S/S VISUAL INSECTION,VICIVTC05,Do you want to report Trench or crossing?,TRENCH,nan,S-3170001,SRR-39251819,ROCH,TNWMANN,TNW,5,ROCH2,Civil Item
28/01/2026,,1,ROCH2SCARE,ROCH2SCARE,TRCH,nan,RVSCIVAA,TRENCH RD X S/S VISUAL INSECTION,VICIVTC05,Do you want to report Trench or crossing?,TRENCH,nan,S-3170001,SRR-39251822,ROCH,TNWMANN,TNW,5,ROCH2,Civil Item
28/01/2026,,1,ROCH2SCARE,ROCH2SCARE,TRCH,nan,RVSCIVAA,TRENCH RD X S/S VISUAL INSECTION,VICIVTC05,Do you want to report Trench or crossing?,TRENCH,nan,S-3170001,SRR-39251825,ROCH,TNWMANN,TNW,5,ROCH2,Civil Item
28/01/2026,,1,ROCH2SCARE,ROCH2SCARE,TRCH,nan,RVSCIVAA,TRENCH RD X S/S VISUAL INSECTION,VICIVTC05,Do you want to report Trench or crossing?,TRENCH,nan,S-3170001,SRR-39251828,ROCH,TNWMANN,TNW,5,ROCH2,Civil Item
28/01/2026,,1,ROCH2SCARE,ROCH2SCARE,TRCH,nan,RVSCIVAA,TRENCH RD X S/S VISUAL INSECTION,VICIVTC05,Do you want to report Trench or crossing?,TRENCH,nan,S-3170001,SRR-39251831,ROCH,TNWMANN,TNW,5,ROCH2,Civil Item
28/01/2026,,1,ROCH2SCARE,ROCH2SCARE,TRCH,nan,RVSCIVAA,TRENCH RD X S/S VISUAL INSECTION,VICIVTC05,Do you want to report Trench or crossing?,TRENCH,nan,S-3170001,SRR-39251834,ROCH,TNWMANN,TNW,5,ROCH2,Civil Item
28/01/2026,,1,ROCH2SCARE,ROCH2SCARE,TRCH,nan,RVSCIVAA,TRENCH RD X S/S VISUAL INSECTION,VICIVTC05,Do you want to report Trench or crossing?,TRENCH,nan,S-3170001,SRR-39251837,ROCH,TNWMANN,TNW,5,ROCH2,Civil Item
28/01/2026,,1,ROCH2SCARE,ROCH2SCARE,TRCH,nan,RVSCIVAA,TRENCH RD X S/S VISUAL INSECTION,VICIVTC05,Do you want to report Trench or crossing?,TRENCH,nan,S-3170001,SRR-39251840,ROCH,TNWMANN,TNW,5,ROCH2,Civil Item
28/01/2026,,1,ROCH2SCARE,ROCH2SCARE,TRCH,nan,RVSCIVAA,TRENCH RD X S/S VISUAL INSECTION,VICIVTC05,Do you want to report Trench or crossing?,TRENCH,nan,S-3170001,SRR-39251843,ROCH,TNWMANN,TNW,5,ROCH2,Civil Item
28/01/2026,,1,ROCH2SCARE,ROCH2SCARE,TRCH,nan,RVSCIVAA,TRENCH RD X S/S VISUAL INSECTION,VICIVTC05,Do you want to report Trench or crossing?,TRENCH,nan,S-3170001,SRR-39251846,ROCH,TNWMANN,TNW,5,ROCH2,Civil Item
28/01/2026,,1,ROCH2SCARE,ROCH2SCARE,TRCH,nan,RVSCIVAA,TRENCH RD X S/S VISUAL INSECTION,VICIVTC05,Do you want to report Trench or crossing?,TRENCH,nan,S-3170001,SRR-39251849,ROCH,TNWMANN,TNW,5,ROCH2,Civil Item
28/01/2026,1.0,4,ROCH2STECH,ROCH2STECH,GAN,nan,RVSGANAA,GANTRY S/S VISUAL INSPECTION,VICIVGA01,Do you want to report any condition deterioration of the asset?,YES,nan,S-3170934,SRR-39258229,ROCH,TNWMANN,TNW,11,ROCH2,Civil Item
28/01/2026,0.0,4,NEWX2BSTECH,NEWX2BSTECH,GAN,nan,RVSGANAA,GANTRY S/S VISUAL INSPECTION,VICIVGA01,Do you want to report any condition deterioration of the asset?,NO,nan,S-3171988,SRR-39269617,NEWX,TLNSOTH,TLN,11,NEWX2,Civil Item
28/01/2026,,1,NEWX2SCARE,NEWX2SCARE,TRCH,nan,RVSCIVAA,TRENCH RD X S/S VISUAL INSECTION,VICIVTC05,Do you want to report Trench or crossing?,TRENCH,nan,S-3172112,SRR-39270510,NEWX,TLNSOTH,TLN,5,NEWX2,Civil Item
28/01/2026,,1,NEWX2SCARE,NEWX2SCARE,TRCH,nan,RVSCIVAA,TRENCH RD X S/S VISUAL INSECTION,VICIVTC05,Do you want to report Trench or crossing?,TRENCH,nan,S-3172133,SRR-39270684,NEWX,TLNSOTH,TLN,5,NEWX2,Civil Item
28/01/2026,,1,NEWX2SCARE,NEWX2SCARE,TRCH,nan,RVSCIVAA,TRENCH RD X S/S VISUAL INSECTION,VICIVTC05,Do you want to report Trench or crossing?,TRENCH,nan,S-3172153,SRR-39270825,NEWX,TLNSOTH,TLN,5,NEWX2,Civil Item
28/01/2026,,1,NEWX2SCARE,NEWX2SCARE,TRCH,nan,RVSCIVAA,TRENCH RD X S/S VISUAL INSECTION,VICIVTC05,Do you want to report Trench or crossing?,TRENCH,nan,S-3172171,SRR-39270935,NEWX,TLNSOTH,TLN,5,NEWX2,Civil Item
28/01/2026,,1,NEWX6SCARE,NEWX6SCARE,TRCH,nan,RVSCIVAA,TRENCH RD X S/S VISUAL INSECTION,VICIVTC05,Do you want to report Trench or crossing?,TRENCH,nan,S-3172189,SRR-39271045,NEWX,TLNSOTH,TLN,5,NEWX6,Civil Item
28/01/2026,,1,NEWX6SCARE,NEWX6SCARE,TRCH,nan,RVSCIVAA,TRENCH RD X S/S VISUAL INSECTION,VICIVTC05,Do you want to report Trench or crossing?,TRENCH,nan,S-3172207,SRR-39271155,NEWX,TLNSOTH,TLN,5,NEWX6,Civil Item
28/01/2026,,1,NEWX6SCARE,NEWX6SCARE,TRCH,nan,RVSCIVAA,TRENCH RD X S/S VISUAL INSECTION,VICIVTC05,Do you want to report Trench or crossing?,TRENCH,nan,S-3172225,SRR-39271265,NEWX,TLNSOTH,TLN,5,NEWX6,Civil Item
28/01/2026,,1,NEWX6SCARE,NEWX6SCARE,TRCH,nan,RVSCIVAA,TRENCH RD X S/S VISUAL INSECTION,VICIVTC05,Do you want to report Trench or crossing?,TRENCH,nan,S-3172243,SRR-39271375,NEWX,TLNSOTH,TLN,5,NEWX6,Civil Item
28/01/2026,,1,NEWX2BSCARE,NEWX2BSCARE,TRCH,nan,RVSCIVAA,TRENCH RD X S/S VISUAL INSECTION,VICIVTC05,Do you want to report Trench or crossing?,TRENCH,nan,S-3172261,SRR-39271485,NEWX,TLNSOTH,TLN,5,NEWX2,Civil Item
28/01/2026,,1,NEWX2BSCARE,NEWX2BSCARE,TRCH,nan,RVSCIVAA,TRENCH RD X S/S VISUAL INSECTION,VICIVTC05,Do you want to report Trench or crossing?,TRENCH,nan,S-3172317,SRR-39272513,NEWX,TLNSOTH,TLN,5,NEWX2,Civil Item
28/01/2026,,1,NEWX2BSCARE,NEWX2BSCARE,TRCH,nan,RVSCIVAA,TRENCH RD X S/S VISUAL INSECTION,VICIVTC05,Do you want to report Trench or crossing?,TRENCH,nan,S-3172335,SRR-39272623,NEWX,TLNSOTH,TLN,5,NEWX2,Civil Item
28/01/2026,,1,NEWX2BSCARE,NEWX2BSCARE,TRCH,nan,RVSCIVAA,TRENCH RD X S/S VISUAL INSECTION,VICIVTC05,Do you want to report Trench or crossing?,TRENCH,nan,S-3172353,SRR-39272733,NEWX,TLNSOTH,TLN,5,NEWX2,Civil Item
28/01/2026,,1,NEWX3SCARE,NEWX3SCARE,TRCH,nan,RVSCIVAA,TRENCH RD X S/S VISUAL INSECTION,VICIVTC05,Do you want to report Trench or crossing?,TRENCH,nan,S-3172371,SRR-39272843,NEWX,TLNSOTH,TLN,5,NEWX3,Civil Item
28/01/2026,,1,NEWX3SCARE,NEWX3SCARE,TRCH,nan,RVSCIVAA,TRENCH RD X S/S VISUAL INSECTION,VICIVTC05,Do you want to report Trench or crossing?,TRENCH,nan,S-3172389,SRR-39272953,NEWX,TLNSOTH,TLN,5,NEWX3,Civil Item
28/01/2026,,1,NEWX3SCARE,NEWX3SCARE,TRCH,nan,RVSCIVAA,TRENCH RD X S/S VISUAL INSECTION,VICIVTC05,Do you want to report Trench or crossing?,TRENCH,nan,S-3172407,SRR-39273063,NEWX,TLNSOTH,TLN,5,NEWX3,Civil Item
28/01/2026,,1,UPPB3BSCARE,UPPB3BSCARE,TRCH,nan,RVSCIVAA,TRENCH RD X S/S VISUAL INSECTION,VICIVTC05,Do you want to report Trench or crossing?,TRENCH,nan,S-3172474,SRR-39273489,UPPB,TSWSWAE,TSW,5,UPPB3,Civil Item
02/02/2026,,1,EALI2SCARE,EALI2SCARE,TRCH,nan,RVSCIVAA,TRENCH RD X S/S VISUAL INSECTION,VICIVTC05,Do you want to report Trench or crossing?,TRENCH,nan,S-3179499,SRR-39345883,EALI,TLNCETL,TLN,5,EALI2,Civil Item
02/02/2026,,1,EALI2SCARE,EALI2SCARE,TRCH,nan,RVSCIVAA,TRENCH RD X S/S VISUAL INSECTION,VICIVTC05,Do you want to report Trench or crossing?,TRENCH,nan,S-3179512,SRR-39345931,EALI,TLNCETL,TLN,5,EALI2,Civil Item
02/02/2026,,1,EALI6SCARE,EALI6SCARE,TRCH,nan,RVSCIVAA,TRENCH RD X S/S VISUAL INSECTION,VICIVTC05,Do you want to report Trench or crossing?,TRENCH,nan,S-3179522,SRR-39345967,EALI,TLNCETL,TLN,5,EALI6,Civil Item
02/02/2026,,1,EALI6SCARE,EALI6SCARE,TRCH,nan,RVSCIVAA,TRENCH RD X S/S VISUAL INSECTION,VICIVTC05,Do you want to report Trench or crossing?,TRENCH,nan,S-3179539,SRR-39346064,EALI,TLNCETL,TLN,5,EALI6,Civil Item
03/02/2026,,1,FLIB4SCARE,FLIB4SCARE,TRCH,nan,RVSCIVAA,TRENCH RD X S/S VISUAL INSECTION,VICIVTC05,Do you want to report Trench or crossing?,TRENCH,nan,S-3181335,SRR-39369046,FLIB,TNWFLIB,TNW,5,FLIB4,Civil Item
03/02/2026,0.0,4,FLIB4STECH,FLIB4STECH,GAN,nan,RVSGANAA,GANTRY S/S VISUAL INSPECTION,VICIVGA01,Do you want to report any condition deterioration of the asset?,NO,nan,S-3181347,SRR-39369106,FLIB,TNWFLIB,TNW,11,FLIB4,Civil Item
04/02/2026,1.0,4,GRAN6STECH,GRAN6STECH,GAN,nan,RVSGANAA,GANTRY S/S VISUAL INSPECTION,VICIVGA01,Do you want to report any condition deterioration of the asset?,YES,nan,S-3184777,SRR-39409684,GRAN,TSWSWAW,TSW,11,GRAN6,Civil Item
